# Blender v2.79 (sub 0) OBJ File: 'japanese room.blend'
# www.blender.org
mtllib japanese room.mtl
o Cube.006_Cube.010
v 1.187240 1.216978 -3.162424
v 1.178348 1.364731 -3.149399
v 1.153818 1.242611 -3.369252
v 1.140185 1.408514 -3.364224
v 1.396620 1.225485 -3.142791
v 1.433135 1.352656 -3.128875
v 1.394079 1.223256 -3.348409
v 1.388587 1.422028 -3.312710
v 1.172811 1.205657 -3.249003
v 1.177231 1.292790 -3.148181
v 1.186216 1.409175 -3.228490
v 1.105017 1.313817 -3.360971
v 1.280689 1.218719 -3.356570
v 1.291710 1.395289 -3.372428
v 1.405788 1.273767 -3.339941
v 1.428537 1.210501 -3.238219
v 1.456002 1.422286 -3.213335
v 1.431617 1.279911 -3.125955
v 1.285050 1.236315 -3.134480
v 1.301361 1.380970 -3.146419
v 1.279921 1.438533 -3.278668
v 1.284400 1.200293 -3.200256
v 1.286866 1.301620 -3.120868
v 1.447852 1.261521 -3.240319
v 1.277694 1.253994 -3.387972
v 1.138200 1.265514 -3.225640
v 1.173051 1.201082 -3.205447
v 1.174414 1.326690 -3.145301
v 1.168758 1.426257 -3.310305
v 1.129197 1.276857 -3.381292
v 1.217496 1.234777 -3.366519
v 1.336046 1.421943 -3.332909
v 1.402813 1.244480 -3.341226
v 1.412731 1.217074 -3.300076
v 1.464393 1.381076 -3.167979
v 1.428003 1.258876 -3.143216
v 1.338322 1.233005 -3.136175
v 1.211989 1.339605 -3.136086
v 1.160840 1.212685 -3.302860
v 1.182543 1.252170 -3.153675
v 1.184749 1.387925 -3.181369
v 1.114759 1.361062 -3.380377
v 1.347040 1.223095 -3.360600
v 1.241811 1.426649 -3.362681
v 1.391436 1.316412 -3.357316
v 1.415930 1.208052 -3.184639
v 1.450925 1.403169 -3.261693
v 1.425280 1.300919 -3.113565
v 1.230537 1.224937 -3.150119
v 1.371050 1.354235 -3.129891
v 1.301038 1.434386 -3.195467
v 1.281895 1.432562 -3.337237
v 1.356504 1.456967 -3.246585
v 1.242190 1.426645 -3.244849
v 1.285527 1.218331 -3.162361
v 1.276503 1.202628 -3.256560
v 1.231610 1.207662 -3.227375
v 1.369411 1.197672 -3.212895
v 1.213538 1.292347 -3.135314
v 1.378232 1.287724 -3.113665
v 1.270848 1.265985 -3.121467
v 1.303555 1.319616 -3.121105
v 1.450657 1.261623 -3.181879
v 1.429164 1.270645 -3.295242
v 1.441505 1.236820 -3.252444
v 1.461158 1.303311 -3.230904
v 1.328228 1.262604 -3.380223
v 1.175482 1.303387 -3.401272
v 1.268373 1.240444 -3.375622
v 1.287825 1.292773 -3.382257
v 1.102175 1.284680 -3.313083
v 1.157125 1.263260 -3.185146
v 1.147368 1.230463 -3.254154
v 1.121370 1.293995 -3.214632
v 1.167345 1.329743 -3.177809
v 1.164514 1.229157 -3.201128
v 1.125485 1.245844 -3.311119
v 1.226012 1.348122 -3.403219
v 1.192428 1.258956 -3.392928
v 1.332240 1.243929 -3.370046
v 1.425251 1.302899 -3.312388
v 1.418128 1.240709 -3.298656
v 1.436283 1.235418 -3.186538
v 1.364075 1.311353 -3.110617
v 1.367269 1.259374 -3.121149
v 1.215867 1.256387 -3.140582
v 1.354086 1.204997 -3.285517
v 1.222641 1.214080 -3.280138
v 1.225916 1.204472 -3.187522
v 1.228246 1.428655 -3.320208
v 1.334248 1.447976 -3.294188
v 1.365070 1.431972 -3.188810
v 1.228969 1.405976 -3.185779
v 1.358858 1.205256 -3.167533
v 1.215380 1.322178 -3.135557
v 1.443833 1.291453 -3.145766
v 1.345044 1.292550 -3.374544
v 1.101293 1.357850 -3.318136
vn 0.2582 0.3443 -0.9027
vn 0.8214 -0.0138 0.5702
vn -0.2641 0.0827 0.9609
vn 0.0802 -0.8281 0.5548
vn 0.0093 -0.8619 0.5070
vn -0.1474 -0.9875 -0.0564
vn 0.1600 -0.9774 -0.1381
vn -0.3368 -0.1639 0.9272
vn -0.0511 -0.1039 0.9933
vn -0.0836 0.3952 0.9148
vn 0.7688 -0.4858 0.4159
vn 0.9011 -0.1737 -0.3972
vn 0.9534 0.0047 -0.3016
vn 0.4277 -0.1558 -0.8904
vn 0.0355 -0.3318 -0.9427
vn -0.8424 -0.4598 -0.2810
vn -0.8570 -0.4079 0.3150
vn -0.7135 -0.1805 0.6771
vn -0.9350 0.0330 0.3531
vn -0.8363 -0.5355 0.1179
vn -0.8652 -0.2685 0.4235
vn -0.7920 -0.2892 0.5378
vn -0.6704 -0.6835 -0.2887
vn -0.6963 -0.7145 0.0682
vn -0.8565 -0.4603 0.2333
vn 0.1599 -0.0717 -0.9845
vn -0.3287 -0.0039 -0.9444
vn -0.0435 -0.7207 -0.6919
vn -0.1827 -0.6442 -0.7427
vn -0.3710 -0.0510 -0.9272
vn 0.3293 -0.0033 -0.9442
vn 0.0424 -0.5371 -0.8425
vn 0.1545 -0.5830 -0.7976
vn 0.9137 -0.1551 -0.3756
vn 0.8382 -0.0460 -0.5434
vn 0.7251 0.2214 -0.6520
vn 0.8483 -0.4006 -0.3463
vn 0.9066 -0.2161 -0.3624
vn 0.8941 -0.1790 -0.4105
vn 0.6747 -0.5560 0.4855
vn 0.8590 -0.4995 0.1121
vn 0.9245 -0.3809 0.0140
vn -0.1240 -0.0593 0.9905
vn 0.0801 -0.2928 0.9528
vn 0.0475 0.3363 0.9405
vn -0.0211 -0.4429 0.8963
vn 0.1878 -0.4079 0.8935
vn 0.2188 -0.4880 0.8450
vn -0.2511 -0.3233 0.9124
vn -0.2002 -0.4210 0.8847
vn -0.2485 -0.0318 0.9681
vn -0.0198 -0.9973 -0.0712
vn 0.0021 -0.9815 -0.1917
vn 0.1077 -0.9710 -0.2134
vn 0.0793 -0.9870 -0.1400
vn 0.0153 -0.9488 -0.3156
vn -0.1728 -0.9665 -0.1899
vn -0.0236 -0.9089 0.4164
vn 0.0789 -0.9931 -0.0873
vn -0.0297 -0.9821 0.1858
vn 0.3286 0.8977 -0.2935
vn 0.1984 0.7596 -0.6194
vn -0.0716 -0.8016 0.5935
vn -0.0625 -0.9559 0.2871
vn 0.1648 -0.9823 0.0896
vn -0.2832 -0.0440 0.9581
vn -0.1788 0.0791 0.9807
vn -0.0886 0.3048 0.9483
vn 0.8811 -0.1866 0.4346
vn 0.9855 -0.1450 0.0878
vn 0.9966 -0.0727 0.0387
vn 0.4518 -0.1568 -0.8782
vn 0.1327 0.1113 -0.9849
vn 0.3671 0.2092 -0.9064
vn -0.9900 0.0458 -0.1332
vn -0.9622 -0.1796 0.2046
vn -0.7824 0.6223 0.0239
vn -0.0226 0.6768 0.7358
vn 0.0047 0.6357 0.7719
vn -0.1979 0.9751 -0.0996
vn -0.1354 0.9800 0.1461
vn 0.2725 0.2303 -0.9342
vn -0.8267 0.4288 0.3643
vn -0.9696 0.2230 0.1008
vn -0.1001 0.4354 -0.8947
vn -0.1775 0.9840 -0.0133
vn 0.1311 0.9000 -0.4157
vn -0.1335 0.9748 -0.1789
vn 0.4168 0.8334 -0.3628
vn 0.1137 0.6592 0.7433
vn 0.2240 0.8365 0.5001
vn -0.1735 0.9566 0.2343
vn -0.1843 0.6403 0.7457
vn -0.2753 0.9444 0.1800
vn -0.2557 0.9108 0.3242
vn -0.7413 0.5470 0.3890
usemtl green
s off
f 97//1 32//1 8//1 45//1
f 96//2 35//2 6//2 48//2
f 95//3 38//3 2//3 28//3
f 94//4 46//4 5//4 37//4
f 89//5 55//5 19//5 49//5
f 88//6 56//6 22//6 57//6
f 87//7 34//7 16//7 58//7
f 86//8 59//8 10//8 40//8
f 85//9 60//9 23//9 61//9
f 84//10 50//10 20//10 62//10
f 83//11 63//11 18//11 36//11
f 82//12 64//12 24//12 65//12
f 81//13 47//13 17//13 66//13
f 80//14 67//14 15//14 33//14
f 79//15 68//15 25//15 69//15
f 77//16 71//16 12//16 30//16
f 76//17 72//17 26//17 73//17
f 72//18 75//18 74//18 26//18
f 10//19 28//19 75//19 72//19
f 27//20 76//20 73//20 9//20
f 1//21 40//21 76//21 27//21
f 40//22 10//22 72//22 76//22
f 39//23 77//23 30//23 3//23
f 9//24 73//24 77//24 39//24
f 73//25 26//25 71//25 77//25
f 68//26 78//26 70//26 25//26
f 12//27 42//27 78//27 68//27
f 31//28 79//28 69//28 13//28
f 3//29 30//29 79//29 31//29
f 30//30 12//30 68//30 79//30
f 43//31 80//31 33//31 7//31
f 13//32 69//32 80//32 43//32
f 69//33 25//33 67//33 80//33
f 64//34 81//34 66//34 24//34
f 15//35 45//35 81//35 64//35
f 45//36 8//36 47//36 81//36
f 34//37 82//37 65//37 16//37
f 7//38 33//38 82//38 34//38
f 33//39 15//39 64//39 82//39
f 46//40 83//40 36//40 5//40
f 16//41 65//41 83//41 46//41
f 65//42 24//42 63//42 83//42
f 60//43 84//43 62//43 23//43
f 18//44 48//44 84//44 60//44
f 48//45 6//45 50//45 84//45
f 37//46 85//46 61//46 19//46
f 5//47 36//47 85//47 37//47
f 36//48 18//48 60//48 85//48
f 49//49 86//49 40//49 1//49
f 19//50 61//50 86//50 49//50
f 61//51 23//51 59//51 86//51
f 56//52 87//52 58//52 22//52
f 13//53 43//53 87//53 56//53
f 43//54 7//54 34//54 87//54
f 39//55 88//55 57//55 9//55
f 3//56 31//56 88//56 39//56
f 31//57 13//57 56//57 88//57
f 27//58 89//58 49//58 1//58
f 9//59 57//59 89//59 27//59
f 57//60 22//60 55//60 89//60
f 8//61 32//61 91//61 47//61
f 32//62 14//62 52//62 91//62
f 55//63 94//63 37//63 19//63
f 22//64 58//64 94//64 55//64
f 58//65 16//65 46//65 94//65
f 59//66 95//66 28//66 10//66
f 23//67 62//67 95//67 59//67
f 62//68 20//68 38//68 95//68
f 63//69 96//69 48//69 18//69
f 24//70 66//70 96//70 63//70
f 66//71 17//71 35//71 96//71
f 67//72 97//72 45//72 15//72
f 25//73 70//73 97//73 67//73
f 70//74 14//74 32//74 97//74
f 71//75 98//75 42//75 12//75
f 26//76 74//76 98//76 71//76
usemtl light_green
f 98//77 29//77 4//77 42//77
f 93//78 41//78 2//78 38//78
f 92//79 51//79 20//79 50//79
f 91//80 52//80 21//80 53//80
f 90//81 29//81 11//81 54//81
f 78//82 44//82 14//82 70//82
f 75//83 41//83 11//83 74//83
f 28//84 2//84 41//84 75//84
f 42//85 4//85 44//85 78//85
f 52//86 90//86 54//86 21//86
f 14//87 44//87 90//87 52//87
f 44//88 4//88 29//88 90//88
f 47//89 91//89 53//89 17//89
f 35//90 92//90 50//90 6//90
f 17//91 53//91 92//91 35//91
f 53//92 21//92 51//92 92//92
f 51//93 93//93 38//93 20//93
f 21//94 54//94 93//94 51//94
f 54//95 11//95 41//95 93//95
f 74//96 11//96 29//96 98//96
o Cube.005_Cube.009
v 1.075687 1.107349 -3.217981
v 1.071410 1.205653 -3.210676
v 1.078586 1.137147 -3.337034
v 1.074080 1.233025 -3.332905
v 1.192347 1.119484 -3.209643
v 1.183001 1.191951 -3.207160
v 1.198968 1.129369 -3.330078
v 1.189710 1.240605 -3.309397
v 1.068299 1.114249 -3.273070
v 1.068711 1.142519 -3.208343
v 1.079079 1.232639 -3.253195
v 1.057129 1.167515 -3.334924
v 1.133044 1.126457 -3.334646
v 1.139125 1.221732 -3.342597
v 1.205778 1.159099 -3.325103
v 1.218673 1.121652 -3.265248
v 1.205981 1.237631 -3.255622
v 1.201201 1.155166 -3.202248
v 1.127471 1.106139 -3.203006
v 1.123555 1.204384 -3.209178
v 1.129039 1.246865 -3.285028
v 1.129001 1.085030 -3.241442
v 1.122956 1.152035 -3.193142
v 1.226033 1.150209 -3.267134
v 1.132902 1.146834 -3.352716
v 1.035287 1.116728 -3.279102
v 1.067887 1.107260 -3.244929
v 1.067374 1.167305 -3.206688
v 1.080073 1.240443 -3.302726
v 1.072478 1.155326 -3.342213
v 1.103975 1.134339 -3.338404
v 1.160538 1.235271 -3.320003
v 1.204115 1.141876 -3.325845
v 1.209938 1.125719 -3.301600
v 1.202393 1.209352 -3.230166
v 1.204118 1.143804 -3.211540
v 1.154770 1.101339 -3.204628
v 1.087938 1.174193 -3.199104
v 1.067545 1.118781 -3.303211
v 1.072280 1.120443 -3.211879
v 1.076753 1.225245 -3.227916
v 1.066416 1.204443 -3.340966
v 1.171250 1.129275 -3.337262
v 1.114353 1.237395 -3.335335
v 1.197211 1.183965 -3.335321
v 1.209299 1.118287 -3.233910
v 1.215120 1.228626 -3.281734
v 1.192029 1.165597 -3.195822
v 1.100278 1.113405 -3.211928
v 1.149486 1.186175 -3.203935
v 1.126012 1.235633 -3.234818
v 1.132173 1.239427 -3.321383
v 1.157740 1.256310 -3.271677
v 1.108807 1.239140 -3.261176
v 1.128164 1.091763 -3.219105
v 1.129076 1.113541 -3.275789
v 1.102646 1.115813 -3.258471
v 1.181620 1.103137 -3.249912
v 1.089254 1.144276 -3.199794
v 1.167686 1.152846 -3.194824
v 1.120434 1.137220 -3.195256
v 1.127275 1.161696 -3.193699
v 1.221097 1.148101 -3.233812
v 1.218264 1.156756 -3.298968
v 1.225613 1.136898 -3.273743
v 1.224936 1.171274 -3.262993
v 1.160294 1.152491 -3.348785
v 1.096347 1.171958 -3.354554
v 1.127730 1.138799 -3.345358
v 1.139411 1.168790 -3.349075
v 1.037097 1.120930 -3.326367
v 1.053157 1.117620 -3.236376
v 1.049467 1.113724 -3.284964
v 1.024871 1.132922 -3.272554
v 1.060321 1.159691 -3.230449
v 1.060219 1.109833 -3.243922
v 1.052264 1.121595 -3.314027
v 1.114691 1.198501 -3.358304
v 1.097574 1.147252 -3.351857
v 1.162557 1.141543 -3.342820
v 1.215487 1.175527 -3.309137
v 1.212860 1.139547 -3.300805
v 1.218182 1.134572 -3.235641
v 1.155747 1.165753 -3.192824
v 1.166689 1.128150 -3.197637
v 1.091914 1.128512 -3.204931
v 1.175357 1.118576 -3.293024
v 1.099985 1.123120 -3.289474
v 1.098307 1.107020 -3.234440
v 1.108290 1.236847 -3.309052
v 1.156353 1.251980 -3.297947
v 1.150040 1.236730 -3.237889
v 1.099733 1.230147 -3.226653
v 1.170794 1.089054 -3.222654
v 1.089196 1.159321 -3.198380
v 1.203262 1.160053 -3.214732
v 1.170035 1.169881 -3.345433
v 1.044163 1.175084 -3.321593
vn 0.1902 0.4032 -0.8951
vn 0.7226 0.3127 0.6165
vn -0.3739 0.1012 0.9219
vn 0.5123 -0.6179 0.5964
vn -0.2648 0.9463 -0.1852
vn -0.4833 -0.7643 0.4270
vn -0.3578 -0.8248 -0.4379
vn 0.2419 -0.9308 -0.2741
vn -0.2918 -0.2591 0.9207
vn 0.0328 -0.1266 0.9914
vn -0.0028 0.3879 0.9217
vn 0.7928 -0.2486 0.5565
vn 0.9367 -0.0848 -0.3396
vn 0.9864 0.1639 -0.0150
vn 0.4282 -0.1559 -0.8901
vn -0.0267 -0.2905 -0.9565
vn 0.3044 0.2927 -0.9065
vn -0.0055 -0.4137 -0.9104
vn -0.3979 -0.9116 0.1033
vn -0.9243 0.0375 0.3799
vn -0.0133 -0.9881 -0.1534
vn -0.6845 -0.6412 0.3468
vn -0.6754 -0.4556 0.5798
vn -0.1812 -0.7061 -0.6845
vn 0.0691 -0.9769 -0.2023
vn -0.0436 -0.9864 -0.1586
vn 0.1213 -0.0644 -0.9905
vn -0.3887 0.0271 -0.9210
vn -0.1898 0.4271 -0.8840
vn -0.0732 -0.7070 -0.7034
vn -0.2908 -0.5752 -0.7646
vn -0.4166 -0.0744 -0.9060
vn 0.3293 -0.0034 -0.9442
vn 0.0399 -0.5352 -0.8438
vn 0.1615 -0.5834 -0.7960
vn 0.9763 0.0636 -0.2068
vn 0.8607 -0.0140 -0.5089
vn 0.7923 0.3117 -0.5246
vn 0.8628 -0.3807 -0.3327
vn 0.9095 -0.2102 -0.3585
vn 0.9071 -0.1569 -0.3906
vn 0.7583 -0.3358 0.5587
vn 0.9010 -0.3919 0.1859
vn 0.9726 -0.1705 0.1578
vn 0.0149 -0.0588 0.9982
vn 0.1507 -0.2122 0.9655
vn 0.0441 0.4439 0.8950
vn 0.0061 -0.2472 0.9689
vn 0.3406 -0.2481 0.9069
vn 0.3411 -0.2828 0.8965
vn -0.1134 -0.4571 0.8822
vn -0.2846 -0.3764 0.8817
vn -0.1904 -0.2273 0.9550
vn 0.0733 -0.8649 -0.4966
vn 0.0381 -0.9740 -0.2232
vn 0.1080 -0.9709 -0.2140
vn 0.1687 -0.9659 -0.1964
vn 0.0934 -0.9428 -0.3201
vn -0.2164 -0.9492 -0.2285
vn 0.0699 -0.9908 0.1159
vn 0.1266 -0.9526 -0.2766
vn -0.5946 -0.7975 -0.1018
vn 0.4041 0.8990 -0.1690
vn 0.2545 0.9464 -0.1987
vn 0.1449 0.7923 -0.5926
vn 0.1904 0.7456 0.6386
vn -0.0410 -0.7970 0.6026
vn 0.1449 -0.9831 -0.1116
vn 0.5129 -0.8549 -0.0778
vn -0.3790 -0.0843 0.9215
vn -0.1549 -0.0076 0.9879
vn -0.0475 0.2669 0.9626
vn 0.7691 0.5417 0.3391
vn 0.8991 0.2774 0.3386
vn 0.8963 0.1818 0.4046
vn 0.4526 -0.1553 -0.8781
vn 0.1137 0.1281 -0.9852
vn 0.3718 0.2702 -0.8881
vn -0.6798 0.1120 -0.7248
vn -0.8919 0.4416 -0.0972
vn 0.0553 0.4999 0.8643
vn 0.1628 0.5770 0.8003
vn -0.0361 0.9978 0.0563
vn -0.8809 0.3318 0.3376
vn -0.8097 -0.1657 0.5630
vn -0.9762 0.1937 0.0973
vn -0.3170 0.9410 -0.1186
vn 0.1310 0.9434 -0.3047
vn -0.0266 0.9923 -0.1208
vn 0.1148 0.6181 0.7777
vn -0.2437 0.9202 0.3064
vn -0.0533 0.5263 0.8486
vn -0.1286 0.9686 0.2128
vn -0.1780 0.9572 0.2284
vn -0.9756 -0.0112 -0.2192
vn -0.8817 0.4684 0.0560
usemtl green
s off
f 195//97 130//97 106//97 143//97
f 194//98 133//98 104//98 146//98
f 193//99 136//99 100//99 126//99
f 192//100 144//100 103//100 135//100
f 189//101 150//101 119//101 151//101
f 187//102 153//102 117//102 147//102
f 186//103 154//103 120//103 155//103
f 185//104 132//104 114//104 156//104
f 184//105 157//105 108//105 138//105
f 183//106 158//106 121//106 159//106
f 182//107 148//107 118//107 160//107
f 181//108 161//108 116//108 134//108
f 180//109 162//109 122//109 163//109
f 179//110 145//110 115//110 164//110
f 178//111 165//111 113//111 131//111
f 177//112 166//112 123//112 167//112
f 176//113 142//113 112//113 168//113
f 175//114 169//114 110//114 128//114
f 174//115 170//115 124//115 171//115
f 108//116 126//116 173//116 170//116
f 125//117 174//117 171//117 107//117
f 99//118 138//118 174//118 125//118
f 138//119 108//119 170//119 174//119
f 137//120 175//120 128//120 101//120
f 107//121 171//121 175//121 137//121
f 171//122 124//122 169//122 175//122
f 166//123 176//123 168//123 123//123
f 110//124 140//124 176//124 166//124
f 140//125 102//125 142//125 176//125
f 129//126 177//126 167//126 111//126
f 101//127 128//127 177//127 129//127
f 128//128 110//128 166//128 177//128
f 141//129 178//129 131//129 105//129
f 111//130 167//130 178//130 141//130
f 167//131 123//131 165//131 178//131
f 162//132 179//132 164//132 122//132
f 113//133 143//133 179//133 162//133
f 143//134 106//134 145//134 179//134
f 132//135 180//135 163//135 114//135
f 105//136 131//136 180//136 132//136
f 131//137 113//137 162//137 180//137
f 144//138 181//138 134//138 103//138
f 114//139 163//139 181//139 144//139
f 163//140 122//140 161//140 181//140
f 158//141 182//141 160//141 121//141
f 116//142 146//142 182//142 158//142
f 146//143 104//143 148//143 182//143
f 135//144 183//144 159//144 117//144
f 103//145 134//145 183//145 135//145
f 134//146 116//146 158//146 183//146
f 147//147 184//147 138//147 99//147
f 117//148 159//148 184//148 147//148
f 159//149 121//149 157//149 184//149
f 154//150 185//150 156//150 120//150
f 111//151 141//151 185//151 154//151
f 141//152 105//152 132//152 185//152
f 137//153 186//153 155//153 107//153
f 101//154 129//154 186//154 137//154
f 129//155 111//155 154//155 186//155
f 125//156 187//156 147//156 99//156
f 107//157 155//157 187//157 125//157
f 155//158 120//158 153//158 187//158
f 145//159 189//159 151//159 115//159
f 106//160 130//160 189//160 145//160
f 130//161 112//161 150//161 189//161
f 115//162 151//162 190//162 133//162
f 153//163 192//163 135//163 117//163
f 120//164 156//164 192//164 153//164
f 156//165 114//165 144//165 192//165
f 157//166 193//166 126//166 108//166
f 121//167 160//167 193//167 157//167
f 160//168 118//168 136//168 193//168
f 161//169 194//169 146//169 116//169
f 122//170 164//170 194//170 161//170
f 164//171 115//171 133//171 194//171
f 165//172 195//172 143//172 113//172
f 123//173 168//173 195//173 165//173
f 168//174 112//174 130//174 195//174
f 169//175 196//175 140//175 110//175
usemtl light_green
f 196//176 127//176 102//176 140//176
f 191//177 139//177 100//177 136//177
f 190//178 149//178 118//178 148//178
f 188//179 127//179 109//179 152//179
f 173//180 139//180 109//180 172//180
f 170//181 173//181 172//181 124//181
f 126//182 100//182 139//182 173//182
f 150//183 188//183 152//183 119//183
f 112//184 142//184 188//184 150//184
f 142//185 102//185 127//185 188//185
f 133//186 190//186 148//186 104//186
f 151//187 119//187 149//187 190//187
f 149//188 191//188 136//188 118//188
f 119//189 152//189 191//189 149//189
f 152//190 109//190 139//190 191//190
f 124//191 172//191 196//191 169//191
f 172//192 109//192 127//192 196//192
o Cube.004_Cube.008
v 1.375301 1.125829 -3.063839
v 1.369891 1.246107 -3.053938
v 1.377353 1.141251 -3.219286
v 1.371291 1.269072 -3.213841
v 1.531157 1.129813 -3.049916
v 1.517109 1.216027 -3.046256
v 1.537928 1.130765 -3.210070
v 1.525575 1.279186 -3.182476
v 1.365734 1.116566 -3.131451
v 1.367523 1.185681 -3.052662
v 1.379227 1.275912 -3.114545
v 1.354412 1.194360 -3.208819
v 1.449966 1.126879 -3.216165
v 1.458080 1.254004 -3.226775
v 1.547015 1.170433 -3.203432
v 1.564220 1.120468 -3.123568
v 1.547519 1.275969 -3.110748
v 1.541082 1.166221 -3.039553
v 1.449344 1.140132 -3.042359
v 1.443647 1.260302 -3.057001
v 1.445446 1.292353 -3.154549
v 1.451494 1.112643 -3.093618
v 1.442222 1.190712 -3.033449
v 1.574040 1.158571 -3.126085
v 1.449777 1.154068 -3.240275
v 1.341705 1.163098 -3.112276
v 1.364170 1.113324 -3.097659
v 1.365693 1.213338 -3.050481
v 1.379416 1.279610 -3.174094
v 1.369480 1.166123 -3.225822
v 1.411180 1.137396 -3.221179
v 1.486652 1.272068 -3.196627
v 1.544795 1.147452 -3.204423
v 1.552565 1.125894 -3.172073
v 1.542905 1.238801 -3.076800
v 1.545185 1.152305 -3.052007
v 1.486131 1.135909 -3.044564
v 1.395760 1.227650 -3.043821
v 1.364415 1.120715 -3.171743
v 1.371608 1.153499 -3.056960
v 1.376338 1.266919 -3.079193
v 1.361328 1.231516 -3.224245
v 1.500944 1.130639 -3.219656
v 1.425027 1.274902 -3.217085
v 1.535584 1.203612 -3.217066
v 1.552029 1.117856 -3.081837
v 1.559480 1.263203 -3.145566
v 1.528798 1.179872 -3.030967
v 1.409322 1.132081 -3.054168
v 1.476453 1.228077 -3.047051
v 1.444879 1.291701 -3.093435
v 1.448807 1.277638 -3.198495
v 1.483892 1.303997 -3.133736
v 1.419450 1.287717 -3.127932
v 1.451189 1.126446 -3.064027
v 1.445497 1.114541 -3.137850
v 1.410277 1.118480 -3.114883
v 1.517219 1.110220 -3.103745
v 1.395901 1.185932 -3.042685
v 1.497895 1.172133 -3.030123
v 1.436991 1.163303 -3.032368
v 1.448299 1.204481 -3.035155
v 1.567455 1.155760 -3.081623
v 1.563674 1.167306 -3.168560
v 1.573480 1.140810 -3.134903
v 1.572577 1.186678 -3.120559
v 1.486325 1.161616 -3.235031
v 1.401002 1.187590 -3.242728
v 1.442875 1.143347 -3.230458
v 1.458461 1.183363 -3.235418
v 1.346002 1.172732 -3.172772
v 1.351929 1.162150 -3.081624
v 1.349944 1.135369 -3.134434
v 1.327813 1.185632 -3.103792
v 1.360464 1.215155 -3.075867
v 1.357705 1.135343 -3.094198
v 1.352981 1.144285 -3.174133
v 1.425478 1.223007 -3.247731
v 1.402639 1.154625 -3.239130
v 1.489346 1.147008 -3.227072
v 1.559969 1.192353 -3.182129
v 1.556463 1.144345 -3.171011
v 1.563588 1.137844 -3.084070
v 1.482263 1.190056 -3.028628
v 1.498935 1.153309 -3.034423
v 1.397754 1.156840 -3.046682
v 1.506428 1.116388 -3.160630
v 1.406058 1.122875 -3.155620
v 1.405710 1.115996 -3.083573
v 1.417050 1.274917 -3.182821
v 1.481132 1.294701 -3.167472
v 1.476313 1.288298 -3.092198
v 1.408619 1.281851 -3.083345
v 1.506843 1.115557 -3.068440
v 1.397602 1.211751 -3.043219
v 1.543778 1.172426 -3.056196
v 1.499323 1.184819 -3.230557
v 1.348364 1.229354 -3.175904
vn -0.8975 0.4317 -0.0904
vn 0.0775 -0.8367 0.5422
vn -0.1123 0.9907 -0.0766
vn 0.0023 -0.8640 0.5035
vn -0.1466 -0.9876 -0.0555
vn 0.1597 -0.9770 -0.1415
vn -0.3347 -0.1582 0.9290
vn -0.0270 -0.0670 0.9974
vn 0.7866 -0.2570 0.5615
vn 0.9367 -0.0847 -0.3396
vn 0.4282 -0.1559 -0.8901
vn -0.0267 -0.2905 -0.9565
vn 0.3044 0.2927 -0.9065
vn -0.9002 -0.2303 -0.3697
vn -0.9003 -0.3736 0.2233
vn -0.7526 -0.1731 0.6353
vn -0.9387 0.0444 0.3419
vn -0.8765 -0.4785 0.0523
vn -0.8680 -0.2648 0.4201
vn -0.7954 -0.2859 0.5344
vn -0.8168 -0.4018 -0.4139
vn -0.8302 -0.5470 -0.1072
vn -0.9700 -0.2163 -0.1110
vn 0.1213 -0.0644 -0.9905
vn -0.4648 -0.0478 -0.8841
vn -0.1908 0.4261 -0.8843
vn -0.0732 -0.7070 -0.7034
vn -0.3036 -0.5647 -0.7674
vn -0.4998 0.0529 -0.8645
vn 0.3293 -0.0034 -0.9442
vn 0.0398 -0.5352 -0.8438
vn 0.1615 -0.5834 -0.7960
vn 0.9763 0.0636 -0.2068
vn 0.8607 -0.0141 -0.5089
vn 0.8628 -0.3808 -0.3327
vn 0.9095 -0.2102 -0.3585
vn 0.9071 -0.1569 -0.3906
vn 0.7155 -0.3707 0.5922
vn 0.8970 -0.3992 0.1899
vn 0.9726 -0.1705 0.1578
vn -0.1200 -0.0296 0.9923
vn 0.0851 -0.2340 0.9685
vn -0.0253 -0.4441 0.8956
vn 0.2066 -0.3252 0.9228
vn 0.2338 -0.4136 0.8799
vn -0.2511 -0.3231 0.9125
vn -0.2118 -0.4264 0.8794
vn -0.2610 -0.0342 0.9647
vn -0.0242 -0.9969 -0.0755
vn 0.0046 -0.9818 -0.1901
vn 0.1077 -0.9709 -0.2137
vn 0.0887 -0.9899 -0.1104
vn 0.0334 -0.9561 -0.2910
vn -0.1767 -0.9654 -0.1920
vn -0.0236 -0.9088 0.4165
vn 0.0813 -0.9935 -0.0797
vn -0.0325 -0.9831 0.1801
vn -0.3058 0.9165 -0.2581
vn 0.1394 0.9383 -0.3164
vn -0.0308 0.9895 -0.1410
vn -0.0934 -0.8191 0.5660
vn -0.0728 -0.9598 0.2711
vn 0.1636 -0.9831 0.0827
vn -0.2754 -0.0302 0.9609
vn -0.1726 0.0894 0.9809
vn -0.0268 0.2964 0.9547
vn 0.7708 0.5459 0.3284
vn 0.9012 0.2738 0.3360
vn 0.4526 -0.1553 -0.8781
vn 0.1137 0.1281 -0.9852
vn -0.9714 0.0502 -0.2319
vn -0.9649 -0.1249 -0.2311
vn 0.1902 0.4032 -0.8951
vn 0.7271 0.3045 0.6153
vn -0.2572 0.0927 0.9619
vn -0.0372 0.6586 0.7516
vn 0.2312 0.6454 0.7280
vn -0.1678 0.9415 -0.2923
vn 0.0527 0.3988 0.9155
vn 0.9865 0.1628 -0.0186
vn -0.8612 0.4342 0.2642
vn -0.9681 0.2365 0.0824
vn 0.7923 0.3117 -0.5246
vn 0.1267 0.4350 0.8914
vn 0.4359 0.8721 -0.2222
vn 0.2596 0.9434 -0.2065
vn 0.1455 0.7884 -0.5976
vn 0.2382 0.6132 0.7531
vn 0.2834 0.7634 0.5804
vn -0.1603 0.9767 0.1429
vn -0.1366 0.6700 0.7297
vn -0.2050 0.9780 0.0382
vn -0.3177 0.9405 0.1203
vn 0.8998 0.1775 0.3986
vn 0.3718 0.2702 -0.8881
vn -0.8602 0.5078 0.0474
usemtl green
s off
f 294//193 225//193 200//193 238//193
f 290//194 242//194 201//194 233//194
f 286//195 225//195 207//195 250//195
f 285//196 251//196 215//196 245//196
f 284//197 252//197 218//197 253//197
f 283//198 230//198 212//198 254//198
f 282//199 255//199 206//199 236//199
f 281//200 256//200 219//200 257//200
f 279//201 259//201 214//201 232//201
f 278//202 260//202 220//202 261//202
f 276//203 263//203 211//203 229//203
f 275//204 264//204 221//204 265//204
f 274//205 240//205 210//205 266//205
f 273//206 267//206 208//206 226//206
f 272//207 268//207 222//207 269//207
f 268//208 271//208 270//208 222//208
f 206//209 224//209 271//209 268//209
f 223//210 272//210 269//210 205//210
f 197//211 236//211 272//211 223//211
f 236//212 206//212 268//212 272//212
f 235//213 273//213 226//213 199//213
f 205//214 269//214 273//214 235//214
f 269//215 222//215 267//215 273//215
f 264//216 274//216 266//216 221//216
f 208//217 238//217 274//217 264//217
f 238//218 200//218 240//218 274//218
f 227//219 275//219 265//219 209//219
f 199//220 226//220 275//220 227//220
f 226//221 208//221 264//221 275//221
f 239//222 276//222 229//222 203//222
f 209//223 265//223 276//223 239//223
f 265//224 221//224 263//224 276//224
f 260//225 277//225 262//225 220//225
f 211//226 241//226 277//226 260//226
f 230//227 278//227 261//227 212//227
f 203//228 229//228 278//228 230//228
f 229//229 211//229 260//229 278//229
f 242//230 279//230 232//230 201//230
f 212//231 261//231 279//231 242//231
f 261//232 220//232 259//232 279//232
f 256//233 280//233 258//233 219//233
f 214//234 244//234 280//234 256//234
f 233//235 281//235 257//235 215//235
f 201//236 232//236 281//236 233//236
f 232//237 214//237 256//237 281//237
f 245//238 282//238 236//238 197//238
f 215//239 257//239 282//239 245//239
f 257//240 219//240 255//240 282//240
f 252//241 283//241 254//241 218//241
f 209//242 239//242 283//242 252//242
f 239//243 203//243 230//243 283//243
f 235//244 284//244 253//244 205//244
f 199//245 227//245 284//245 235//245
f 227//246 209//246 252//246 284//246
f 223//247 285//247 245//247 197//247
f 205//248 253//248 285//248 223//248
f 253//249 218//249 251//249 285//249
f 248//250 286//250 250//250 217//250
f 210//251 240//251 286//251 248//251
f 240//252 200//252 225//252 286//252
f 251//253 290//253 233//253 215//253
f 218//254 254//254 290//254 251//254
f 254//255 212//255 242//255 290//255
f 255//256 291//256 224//256 206//256
f 219//257 258//257 291//257 255//257
f 258//258 216//258 234//258 291//258
f 259//259 292//259 244//259 214//259
f 220//260 262//260 292//260 259//260
f 263//261 293//261 241//261 211//261
f 221//262 266//262 293//262 263//262
f 267//263 294//263 238//263 208//263
f 222//264 270//264 294//264 267//264
usemtl light_green
f 293//265 228//265 204//265 241//265
f 292//266 231//266 202//266 244//266
f 291//267 234//267 198//267 224//267
f 289//268 237//268 198//268 234//268
f 288//269 247//269 216//269 246//269
f 287//270 248//270 217//270 249//270
f 280//271 246//271 216//271 258//271
f 277//272 243//272 213//272 262//272
f 271//273 237//273 207//273 270//273
f 224//274 198//274 237//274 271//274
f 241//275 204//275 243//275 277//275
f 244//276 202//276 246//276 280//276
f 243//277 287//277 249//277 213//277
f 204//278 228//278 287//278 243//278
f 228//279 210//279 248//279 287//279
f 231//280 288//280 246//280 202//280
f 213//281 249//281 288//281 231//281
f 249//282 217//282 247//282 288//282
f 247//283 289//283 234//283 216//283
f 217//284 250//284 289//284 247//284
f 250//285 207//285 237//285 289//285
f 262//286 213//286 231//286 292//286
f 266//287 210//287 228//287 293//287
f 270//288 207//288 225//288 294//288
o Cylinder_Cylinder.014
v 1.319199 0.978389 -3.262961
v 1.323489 1.068851 -3.262961
v 1.324986 0.978389 -3.262391
v 1.329275 1.068851 -3.262391
v 1.330550 0.978389 -3.260703
v 1.334839 1.068851 -3.260703
v 1.335677 0.978389 -3.257962
v 1.339967 1.068851 -3.257962
v 1.340172 0.978389 -3.254274
v 1.344462 1.068851 -3.254274
v 1.343861 0.978389 -3.249779
v 1.348150 1.068851 -3.249779
v 1.346602 0.978389 -3.244651
v 1.350891 1.068851 -3.244651
v 1.348289 0.978389 -3.239087
v 1.352579 1.068851 -3.239087
v 1.348859 0.978389 -3.233301
v 1.353149 1.068851 -3.233301
v 1.348289 0.978389 -3.227514
v 1.352579 1.068851 -3.227514
v 1.346602 0.978389 -3.221950
v 1.350891 1.068851 -3.221950
v 1.343861 0.978389 -3.216822
v 1.348150 1.068851 -3.216822
v 1.340172 0.978389 -3.212328
v 1.344462 1.068851 -3.212328
v 1.335677 0.978389 -3.208639
v 1.339967 1.068851 -3.208639
v 1.330549 0.978389 -3.205898
v 1.334839 1.068851 -3.205898
v 1.324986 0.978389 -3.204210
v 1.329275 1.068851 -3.204210
v 1.319199 0.978389 -3.203640
v 1.323489 1.068851 -3.203640
v 1.313413 0.978389 -3.204210
v 1.317702 1.068851 -3.204210
v 1.307848 0.978389 -3.205898
v 1.312138 1.068851 -3.205898
v 1.302721 0.978389 -3.208639
v 1.307010 1.068851 -3.208639
v 1.298226 0.978389 -3.212328
v 1.302516 1.068851 -3.212328
v 1.294537 0.978389 -3.216822
v 1.298827 1.068851 -3.216822
v 1.291796 0.978389 -3.221950
v 1.296086 1.068851 -3.221950
v 1.290109 0.978389 -3.227514
v 1.294398 1.068851 -3.227514
v 1.289539 0.978389 -3.233301
v 1.293828 1.068851 -3.233301
v 1.290109 0.978389 -3.239087
v 1.294398 1.068851 -3.239087
v 1.291796 0.978389 -3.244651
v 1.296086 1.068851 -3.244651
v 1.294537 0.978389 -3.249779
v 1.298827 1.068851 -3.249779
v 1.298226 0.978389 -3.254274
v 1.302516 1.068851 -3.254274
v 1.302721 0.978389 -3.257962
v 1.307010 1.068851 -3.257962
v 1.307849 0.978389 -3.260703
v 1.312138 1.068851 -3.260703
v 1.313413 0.978389 -3.262391
v 1.317702 1.068851 -3.262391
v 1.311421 1.109449 -3.262391
v 1.305635 1.109449 -3.262961
v 1.316985 1.109449 -3.260703
v 1.322113 1.109449 -3.257962
v 1.326608 1.109449 -3.254274
v 1.330296 1.109449 -3.249779
v 1.333037 1.109449 -3.244651
v 1.334725 1.109449 -3.239087
v 1.335295 1.109449 -3.233301
v 1.334725 1.109449 -3.227514
v 1.333037 1.109449 -3.221950
v 1.330296 1.109449 -3.216822
v 1.326608 1.109449 -3.212328
v 1.322113 1.109449 -3.208639
v 1.316985 1.109449 -3.205898
v 1.311421 1.109449 -3.204210
v 1.305635 1.109449 -3.203640
v 1.299848 1.109449 -3.204210
v 1.294284 1.109449 -3.205898
v 1.289156 1.109449 -3.208639
v 1.284662 1.109449 -3.212328
v 1.280973 1.109449 -3.216822
v 1.278232 1.109449 -3.221950
v 1.276544 1.109449 -3.227514
v 1.275974 1.109449 -3.233301
v 1.276544 1.109449 -3.239087
v 1.278232 1.109449 -3.244651
v 1.280973 1.109449 -3.249779
v 1.284662 1.109449 -3.254274
v 1.289156 1.109449 -3.257962
v 1.294284 1.109449 -3.260703
v 1.299848 1.109449 -3.262391
v 1.311421 1.143195 -3.262391
v 1.305635 1.143195 -3.262961
v 1.316985 1.143195 -3.260703
v 1.322113 1.143195 -3.257962
v 1.326608 1.143195 -3.254274
v 1.330296 1.143195 -3.249779
v 1.333037 1.143195 -3.244651
v 1.334725 1.143195 -3.239087
v 1.335295 1.143195 -3.233301
v 1.334725 1.143195 -3.227514
v 1.333037 1.143195 -3.221950
v 1.330296 1.143195 -3.216822
v 1.326608 1.143195 -3.212328
v 1.322113 1.143195 -3.208639
v 1.316985 1.143195 -3.205898
v 1.311421 1.143195 -3.204210
v 1.305635 1.143195 -3.203640
v 1.299848 1.143195 -3.204210
v 1.294284 1.143195 -3.205898
v 1.289156 1.143195 -3.208639
v 1.284662 1.143195 -3.212328
v 1.280973 1.143195 -3.216822
v 1.278232 1.143195 -3.221950
v 1.276544 1.143195 -3.227514
v 1.275974 1.143195 -3.233301
v 1.276544 1.143195 -3.239087
v 1.278232 1.143195 -3.244651
v 1.280973 1.143195 -3.249779
v 1.284662 1.143195 -3.254274
v 1.289156 1.143195 -3.257962
v 1.294284 1.143195 -3.260703
v 1.299848 1.143195 -3.262391
v 1.298210 1.188191 -3.262391
v 1.292424 1.188191 -3.262961
v 1.303774 1.188191 -3.260703
v 1.308902 1.188191 -3.257962
v 1.313397 1.188191 -3.254274
v 1.317086 1.188191 -3.249779
v 1.319826 1.188191 -3.244651
v 1.321514 1.188191 -3.239087
v 1.322084 1.188191 -3.233301
v 1.321514 1.188191 -3.227514
v 1.319826 1.188191 -3.221950
v 1.317086 1.188191 -3.216822
v 1.313397 1.188191 -3.212328
v 1.308902 1.188191 -3.208639
v 1.303774 1.188191 -3.205898
v 1.298210 1.188191 -3.204210
v 1.292424 1.188191 -3.203640
v 1.286638 1.188191 -3.204210
v 1.281073 1.188191 -3.205898
v 1.275946 1.188191 -3.208639
v 1.271451 1.188191 -3.212328
v 1.267762 1.188191 -3.216822
v 1.265021 1.188191 -3.221950
v 1.263333 1.188191 -3.227514
v 1.262764 1.188191 -3.233301
v 1.263334 1.188191 -3.239087
v 1.265021 1.188191 -3.244651
v 1.267762 1.188191 -3.249779
v 1.271451 1.188191 -3.254274
v 1.275946 1.188191 -3.257962
v 1.281073 1.188191 -3.260703
v 1.286638 1.188191 -3.262391
v 1.291681 1.257935 -3.251655
v 1.288030 1.257935 -3.252014
v 1.295191 1.257935 -3.250590
v 1.298427 1.257935 -3.248861
v 1.301262 1.257935 -3.246533
v 1.303590 1.257935 -3.243697
v 1.305319 1.257935 -3.240462
v 1.306384 1.257935 -3.236952
v 1.306744 1.257935 -3.233301
v 1.306384 1.257935 -3.229650
v 1.305319 1.257935 -3.226139
v 1.303590 1.257935 -3.222904
v 1.301262 1.257935 -3.220068
v 1.298427 1.257935 -3.217741
v 1.295191 1.257935 -3.216012
v 1.291681 1.257935 -3.214947
v 1.288030 1.257935 -3.214587
v 1.284379 1.257935 -3.214947
v 1.280869 1.257935 -3.216012
v 1.277633 1.257935 -3.217741
v 1.274797 1.257935 -3.220068
v 1.272470 1.257935 -3.222904
v 1.270741 1.257935 -3.226139
v 1.269676 1.257935 -3.229650
v 1.269316 1.257935 -3.233301
v 1.269676 1.257935 -3.236952
v 1.270741 1.257935 -3.240462
v 1.272470 1.257935 -3.243697
v 1.274797 1.257935 -3.246533
v 1.277633 1.257935 -3.248861
v 1.280869 1.257935 -3.250590
v 1.284379 1.257935 -3.251655
v 1.328286 1.122693 -3.239252
v 1.344665 1.139135 -3.230484
v 1.329289 1.120516 -3.236911
v 1.345460 1.137411 -3.228630
v 1.329887 1.118673 -3.234177
v 1.345933 1.135951 -3.226465
v 1.330055 1.117235 -3.231154
v 1.346066 1.134813 -3.224071
v 1.329787 1.116258 -3.227960
v 1.345854 1.134039 -3.221541
v 1.329094 1.115780 -3.224716
v 1.345305 1.133660 -3.218973
v 1.328002 1.115817 -3.221548
v 1.344440 1.133690 -3.216464
v 1.326553 1.116370 -3.218577
v 1.343293 1.134128 -3.214111
v 1.324803 1.117417 -3.215918
v 1.341907 1.134957 -3.212005
v 1.322819 1.118917 -3.213672
v 1.340336 1.136145 -3.210227
v 1.320678 1.120813 -3.211926
v 1.338640 1.137647 -3.208844
v 1.318461 1.123033 -3.210747
v 1.336884 1.139404 -3.207911
v 1.316253 1.125490 -3.210181
v 1.335136 1.141350 -3.207462
v 1.314141 1.128090 -3.210249
v 1.333463 1.143409 -3.207516
v 1.312204 1.130734 -3.210948
v 1.331930 1.145503 -3.208070
v 1.310517 1.133320 -3.212251
v 1.330594 1.147551 -3.209102
v 1.309146 1.135748 -3.214110
v 1.329508 1.149474 -3.210573
v 1.308142 1.137926 -3.216451
v 1.328713 1.151198 -3.212428
v 1.307545 1.139768 -3.219186
v 1.328240 1.152658 -3.214593
v 1.307377 1.141206 -3.222208
v 1.328107 1.153796 -3.216987
v 1.307644 1.142183 -3.225402
v 1.328319 1.154570 -3.219516
v 1.308338 1.142662 -3.228646
v 1.328868 1.154949 -3.222085
v 1.309430 1.142624 -3.231814
v 1.329732 1.154919 -3.224594
v 1.310878 1.142071 -3.234785
v 1.330880 1.154481 -3.226946
v 1.312628 1.141024 -3.237444
v 1.332266 1.153652 -3.229052
v 1.314612 1.139524 -3.239690
v 1.333837 1.152464 -3.230831
v 1.316754 1.137628 -3.241436
v 1.335533 1.150962 -3.232213
v 1.318971 1.135409 -3.242615
v 1.337288 1.149205 -3.233147
v 1.321178 1.132951 -3.243181
v 1.339036 1.147259 -3.233595
v 1.323291 1.130351 -3.243114
v 1.340709 1.145200 -3.233542
v 1.325228 1.127707 -3.242414
v 1.342243 1.143106 -3.232988
v 1.326914 1.125121 -3.241111
v 1.343579 1.141058 -3.231956
v 1.373032 1.152352 -3.222550
v 1.372236 1.154081 -3.224409
v 1.373507 1.150889 -3.220379
v 1.373640 1.149748 -3.217979
v 1.373428 1.148972 -3.215443
v 1.372877 1.148592 -3.212867
v 1.372010 1.148622 -3.210352
v 1.370860 1.149061 -3.207994
v 1.369471 1.149892 -3.205882
v 1.367895 1.151083 -3.204099
v 1.366195 1.152589 -3.202713
v 1.364435 1.154351 -3.201777
v 1.362682 1.156301 -3.201327
v 1.361005 1.158366 -3.201381
v 1.359467 1.160465 -3.201936
v 1.358128 1.162519 -3.202971
v 1.357039 1.164446 -3.204446
v 1.356242 1.166175 -3.206305
v 1.355768 1.167638 -3.208477
v 1.355635 1.168780 -3.210876
v 1.355847 1.169555 -3.213413
v 1.356397 1.169935 -3.215988
v 1.357264 1.169906 -3.218503
v 1.358415 1.169467 -3.220862
v 1.359804 1.168636 -3.222973
v 1.361379 1.167444 -3.224756
v 1.363080 1.165939 -3.226142
v 1.364840 1.164177 -3.227078
v 1.366593 1.162226 -3.227528
v 1.368270 1.160161 -3.227474
v 1.369808 1.158062 -3.226919
v 1.371147 1.156009 -3.225884
v 1.382496 1.160930 -3.218741
v 1.381746 1.162558 -3.220491
v 1.382943 1.159553 -3.216697
v 1.383068 1.158478 -3.214437
v 1.382868 1.157748 -3.212049
v 1.382350 1.157390 -3.209625
v 1.381534 1.157418 -3.207257
v 1.380451 1.157831 -3.205036
v 1.379143 1.158614 -3.203048
v 1.377660 1.159735 -3.201369
v 1.376059 1.161153 -3.200064
v 1.374401 1.162812 -3.199183
v 1.372751 1.164649 -3.198760
v 1.371172 1.166592 -3.198810
v 1.369724 1.168569 -3.199333
v 1.368464 1.170502 -3.200307
v 1.367439 1.172317 -3.201696
v 1.366688 1.173945 -3.203447
v 1.366242 1.175322 -3.205491
v 1.366116 1.176397 -3.207750
v 1.366316 1.177127 -3.210138
v 1.366834 1.177485 -3.212563
v 1.367651 1.177457 -3.214931
v 1.368734 1.177043 -3.217151
v 1.370042 1.176261 -3.219139
v 1.371525 1.175140 -3.220818
v 1.373126 1.173722 -3.222123
v 1.374783 1.172063 -3.223004
v 1.376433 1.170226 -3.223428
v 1.378012 1.168282 -3.223377
v 1.379460 1.166306 -3.222855
v 1.380721 1.164373 -3.221880
v 1.392580 1.174284 -3.214957
v 1.391860 1.175847 -3.216637
v 1.393009 1.172961 -3.212993
v 1.393130 1.171929 -3.210823
v 1.392938 1.171228 -3.208530
v 1.392440 1.170884 -3.206201
v 1.391656 1.170911 -3.203927
v 1.390616 1.171308 -3.201794
v 1.389359 1.172059 -3.199884
v 1.387935 1.173136 -3.198272
v 1.386398 1.174498 -3.197019
v 1.384806 1.176091 -3.196172
v 1.383221 1.177855 -3.195766
v 1.381704 1.179722 -3.195814
v 1.380314 1.181621 -3.196316
v 1.379103 1.183477 -3.197252
v 1.378118 1.185220 -3.198586
v 1.377398 1.186784 -3.200267
v 1.376969 1.188107 -3.202230
v 1.376848 1.189139 -3.204401
v 1.377040 1.189840 -3.206694
v 1.377538 1.190184 -3.209023
v 1.378322 1.190157 -3.211297
v 1.379362 1.189760 -3.213430
v 1.380619 1.189008 -3.215339
v 1.382043 1.187931 -3.216952
v 1.383581 1.186570 -3.218205
v 1.385172 1.184976 -3.219051
v 1.386757 1.183212 -3.219458
v 1.388274 1.181345 -3.219409
v 1.389664 1.179447 -3.218908
v 1.390875 1.177591 -3.217972
v 1.409336 1.191459 -3.206639
v 1.408813 1.192594 -3.207860
v 1.409648 1.190498 -3.205213
v 1.409735 1.189749 -3.203637
v 1.409596 1.189239 -3.201971
v 1.409234 1.188990 -3.200280
v 1.408665 1.189009 -3.198628
v 1.407909 1.189297 -3.197079
v 1.406997 1.189843 -3.195692
v 1.405962 1.190626 -3.194521
v 1.404846 1.191614 -3.193611
v 1.403690 1.192771 -3.192997
v 1.402539 1.194053 -3.192701
v 1.401437 1.195409 -3.192736
v 1.400427 1.196787 -3.193101
v 1.399548 1.198135 -3.193781
v 1.398833 1.199402 -3.194750
v 1.398310 1.200537 -3.195970
v 1.397998 1.201498 -3.197396
v 1.397910 1.202247 -3.198972
v 1.398050 1.202757 -3.200638
v 1.398412 1.203006 -3.202329
v 1.398981 1.202987 -3.203981
v 1.399736 1.202698 -3.205530
v 1.400649 1.202153 -3.206917
v 1.401683 1.201370 -3.208087
v 1.402800 1.200382 -3.208998
v 1.403956 1.199224 -3.209613
v 1.405107 1.197943 -3.209908
v 1.406208 1.196587 -3.209873
v 1.407218 1.195209 -3.209508
v 1.408098 1.193860 -3.208828
v 1.286176 1.132462 -3.223194
v 1.262018 1.148899 -3.232839
v 1.285188 1.129506 -3.225944
v 1.261236 1.146558 -3.235016
v 1.284591 1.127027 -3.229226
v 1.260763 1.144594 -3.237615
v 1.284408 1.125120 -3.232914
v 1.260618 1.143084 -3.240536
v 1.284646 1.123858 -3.236867
v 1.260807 1.142085 -3.243667
v 1.285296 1.123290 -3.240933
v 1.261322 1.141635 -3.246886
v 1.286333 1.123438 -3.244955
v 1.262143 1.141752 -3.250071
v 1.287717 1.124296 -3.248779
v 1.263239 1.142432 -3.253100
v 1.289395 1.125831 -3.252258
v 1.264567 1.143647 -3.255855
v 1.291302 1.127984 -3.255258
v 1.266078 1.145352 -3.258230
v 1.293366 1.130672 -3.257664
v 1.267712 1.147481 -3.260136
v 1.295506 1.133793 -3.259384
v 1.269407 1.149952 -3.261498
v 1.297641 1.137225 -3.260351
v 1.271097 1.152671 -3.262263
v 1.299688 1.140838 -3.260528
v 1.272719 1.155532 -3.262404
v 1.301569 1.144492 -3.259908
v 1.274208 1.158425 -3.261913
v 1.303212 1.148047 -3.258516
v 1.275509 1.161241 -3.260811
v 1.304553 1.151366 -3.256405
v 1.276571 1.163869 -3.259139
v 1.305541 1.154322 -3.253655
v 1.277354 1.166210 -3.256961
v 1.306138 1.156802 -3.250373
v 1.277826 1.168173 -3.254362
v 1.306321 1.158709 -3.246685
v 1.277971 1.169684 -3.251441
v 1.306082 1.159970 -3.242732
v 1.277783 1.170683 -3.248311
v 1.305432 1.160538 -3.238667
v 1.277268 1.171133 -3.245091
v 1.304395 1.160390 -3.234644
v 1.276447 1.171015 -3.241906
v 1.303011 1.159532 -3.230820
v 1.275351 1.170336 -3.238878
v 1.301333 1.157997 -3.227342
v 1.274022 1.169120 -3.236123
v 1.299426 1.155844 -3.224341
v 1.272511 1.167415 -3.233747
v 1.297363 1.153156 -3.221935
v 1.270877 1.165286 -3.231842
v 1.295223 1.150036 -3.220216
v 1.269182 1.162815 -3.230480
v 1.293088 1.146603 -3.219249
v 1.267492 1.160097 -3.229714
v 1.291040 1.142990 -3.219072
v 1.265871 1.157236 -3.229574
v 1.289159 1.139336 -3.219691
v 1.264381 1.154342 -3.230064
v 1.287517 1.135781 -3.221083
v 1.263080 1.151527 -3.231167
v 1.223978 1.158982 -3.240233
v 1.224763 1.161329 -3.238050
v 1.223505 1.157014 -3.242839
v 1.223359 1.155499 -3.245767
v 1.223548 1.154498 -3.248906
v 1.224065 1.154047 -3.252134
v 1.224888 1.154164 -3.255327
v 1.225987 1.154845 -3.258363
v 1.227319 1.156064 -3.261125
v 1.228833 1.157774 -3.263507
v 1.230472 1.159908 -3.265418
v 1.232171 1.162386 -3.266783
v 1.233866 1.165111 -3.267551
v 1.235491 1.167979 -3.267691
v 1.236985 1.170881 -3.267200
v 1.238289 1.173703 -3.266094
v 1.239354 1.176339 -3.264418
v 1.240138 1.178686 -3.262235
v 1.240612 1.180654 -3.259629
v 1.240757 1.182168 -3.256701
v 1.240568 1.183170 -3.253562
v 1.240052 1.183621 -3.250334
v 1.239229 1.183503 -3.247141
v 1.238130 1.182822 -3.244105
v 1.236798 1.181603 -3.241343
v 1.235283 1.179894 -3.238961
v 1.233645 1.177760 -3.237050
v 1.231946 1.175282 -3.235685
v 1.230251 1.172557 -3.234917
v 1.228625 1.169688 -3.234776
v 1.227132 1.166787 -3.235268
v 1.225828 1.163965 -3.236373
v 1.210324 1.167399 -3.244230
v 1.211063 1.169609 -3.242175
v 1.209878 1.165546 -3.246684
v 1.209741 1.164120 -3.249441
v 1.209919 1.163177 -3.252396
v 1.210405 1.162753 -3.255435
v 1.211181 1.162863 -3.258441
v 1.212215 1.163505 -3.261300
v 1.213470 1.164652 -3.263901
v 1.214895 1.166262 -3.266143
v 1.216438 1.168271 -3.267942
v 1.218037 1.170604 -3.269227
v 1.219633 1.173170 -3.269950
v 1.221164 1.175870 -3.270082
v 1.222570 1.178602 -3.269620
v 1.223798 1.181259 -3.268579
v 1.224800 1.183740 -3.267001
v 1.225539 1.185950 -3.264945
v 1.225985 1.187804 -3.262492
v 1.226122 1.189229 -3.259735
v 1.225944 1.190172 -3.256780
v 1.225458 1.190597 -3.253741
v 1.224683 1.190486 -3.250734
v 1.223648 1.189845 -3.247876
v 1.222394 1.188697 -3.245275
v 1.220968 1.187088 -3.243032
v 1.219426 1.185078 -3.241234
v 1.217826 1.182746 -3.239949
v 1.216230 1.180180 -3.239226
v 1.214700 1.177479 -3.239093
v 1.213293 1.174748 -3.239556
v 1.212065 1.172090 -3.240597
v 1.194932 1.181531 -3.248246
v 1.195642 1.183653 -3.246272
v 1.194504 1.179751 -3.250602
v 1.194372 1.178382 -3.253250
v 1.194543 1.177476 -3.256088
v 1.195010 1.177068 -3.259007
v 1.195755 1.177175 -3.261895
v 1.196748 1.177791 -3.264640
v 1.197953 1.178893 -3.267138
v 1.199322 1.180438 -3.269292
v 1.200804 1.182369 -3.271019
v 1.202340 1.184609 -3.272254
v 1.203873 1.187073 -3.272948
v 1.205343 1.189667 -3.273075
v 1.206693 1.192290 -3.272631
v 1.207873 1.194843 -3.271631
v 1.208835 1.197226 -3.270115
v 1.209545 1.199348 -3.268141
v 1.209973 1.201128 -3.265785
v 1.210105 1.202497 -3.263137
v 1.209934 1.203403 -3.260299
v 1.209467 1.203811 -3.257380
v 1.208722 1.203705 -3.254492
v 1.207729 1.203089 -3.251747
v 1.206524 1.201987 -3.249249
v 1.205155 1.200441 -3.247095
v 1.203673 1.198511 -3.245368
v 1.202137 1.196270 -3.244133
v 1.200604 1.193806 -3.243439
v 1.199134 1.191212 -3.243312
v 1.197784 1.188589 -3.243757
v 1.196604 1.186036 -3.244756
v 1.153300 1.195941 -3.254023
v 1.153815 1.197482 -3.252589
v 1.152989 1.194648 -3.255734
v 1.152894 1.193653 -3.257658
v 1.153018 1.192996 -3.259719
v 1.153357 1.192700 -3.261838
v 1.153897 1.192777 -3.263936
v 1.154619 1.193224 -3.265930
v 1.155494 1.194024 -3.267744
v 1.156488 1.195147 -3.269308
v 1.157564 1.196549 -3.270562
v 1.158680 1.198176 -3.271459
v 1.159793 1.199966 -3.271963
v 1.160861 1.201849 -3.272056
v 1.161842 1.203755 -3.271733
v 1.162698 1.205608 -3.271007
v 1.163398 1.207339 -3.269906
v 1.163913 1.208880 -3.268472
v 1.164224 1.210173 -3.266761
v 1.164319 1.211167 -3.264838
v 1.164195 1.211825 -3.262777
v 1.163856 1.212121 -3.260657
v 1.163315 1.212044 -3.258560
v 1.162594 1.211597 -3.256566
v 1.161719 1.210797 -3.254752
v 1.160724 1.209674 -3.253187
v 1.159648 1.208272 -3.251933
v 1.158533 1.206645 -3.251036
v 1.157419 1.204855 -3.250532
v 1.156352 1.202972 -3.250440
v 1.155371 1.201066 -3.250763
v 1.154515 1.199213 -3.251488
vn 0.0980 -0.0046 -0.9952
vn 0.2902 -0.0138 -0.9569
vn 0.4713 -0.0223 -0.8817
vn 0.6341 -0.0301 -0.7727
vn 0.7725 -0.0366 -0.6340
vn 0.8811 -0.0418 -0.4710
vn 0.9560 -0.0453 -0.2900
vn 0.9941 -0.0471 -0.0979
vn 0.9941 -0.0471 0.0979
vn 0.9560 -0.0453 0.2900
vn 0.8811 -0.0418 0.4710
vn 0.7725 -0.0366 0.6340
vn 0.6342 -0.0301 0.7726
vn 0.4712 -0.0223 0.8817
vn 0.2902 -0.0138 0.9569
vn 0.0981 -0.0046 0.9952
vn -0.0981 0.0046 0.9952
vn -0.2902 0.0138 0.9569
vn -0.4712 0.0223 0.8817
vn -0.6342 0.0301 0.7726
vn -0.7725 0.0366 0.6340
vn -0.8811 0.0418 0.4710
vn -0.9560 0.0453 0.2900
vn -0.9941 0.0471 0.0979
vn -0.9941 0.0471 -0.0979
vn -0.9560 0.0453 -0.2900
vn -0.8812 0.0418 -0.4710
vn -0.7725 0.0366 -0.6340
vn -0.6341 0.0301 -0.7726
vn -0.4713 0.0223 -0.8817
vn 0.2880 0.1266 -0.9492
vn -0.2902 0.0138 -0.9569
vn -0.0980 0.0046 -0.9952
vn 0.0000 -1.0000 -0.0000
vn 0.4714 0.0000 -0.8819
vn 0.8222 0.3616 0.4395
vn -0.6111 -0.2687 0.7446
vn -0.6111 -0.2687 -0.7446
vn 0.8820 0.3879 -0.2676
vn 0.0979 0.0431 0.9943
vn -0.9117 -0.4009 -0.0898
vn 0.4616 0.2030 -0.8636
vn 0.7319 0.3219 0.6006
vn -0.7319 -0.3219 0.6006
vn -0.4616 -0.2030 -0.8636
vn 0.9117 0.4009 -0.0898
vn -0.0979 -0.0431 0.9943
vn -0.8820 -0.3879 -0.2675
vn 0.6111 0.2687 -0.7446
vn 0.6111 0.2687 0.7446
vn -0.8223 -0.3616 0.4395
vn -0.2880 -0.1266 -0.9492
vn 0.9117 0.4009 0.0898
vn -0.2880 -0.1266 0.9492
vn -0.8222 -0.3616 -0.4395
vn 0.7319 0.3219 -0.6006
vn 0.4616 0.2030 0.8636
vn -0.8820 -0.3879 0.2676
vn 0.0979 0.0431 -0.9943
vn -0.0979 -0.0431 -0.9943
vn 0.8820 0.3879 0.2676
vn -0.4616 -0.2030 0.8636
vn -0.7318 -0.3219 -0.6007
vn 0.8222 0.3616 -0.4395
vn 0.2880 0.1266 0.9492
vn -0.9117 -0.4009 0.0898
vn 0.8538 0.2507 -0.4563
vn -0.4714 0.0000 -0.8819
vn -0.0980 0.0000 0.9952
vn 0.6344 0.0000 -0.7730
vn -0.2903 0.0000 -0.9569
vn -0.2903 0.0000 0.9569
vn 0.7730 0.0000 -0.6344
vn -0.0980 0.0000 -0.9952
vn -0.4714 0.0000 0.8819
vn 0.8819 0.0000 -0.4714
vn -0.6344 0.0000 0.7730
vn 0.9569 0.0000 -0.2903
vn -0.7730 0.0000 0.6344
vn 0.9952 0.0000 -0.0980
vn -0.8819 0.0000 0.4714
vn 0.9952 0.0000 0.0980
vn -0.9569 0.0000 0.2903
vn 0.9569 0.0000 0.2903
vn -0.9952 0.0000 0.0980
vn 0.8819 0.0000 0.4714
vn -0.9952 0.0000 -0.0980
vn 0.7730 0.0000 0.6344
vn -0.9569 0.0000 -0.2903
vn 0.6344 0.0000 0.7730
vn -0.8819 0.0000 -0.4714
vn 0.4714 0.0000 0.8819
vn 0.0980 0.0000 -0.9952
vn -0.7730 0.0000 -0.6344
vn 0.2903 0.0000 0.9569
vn 0.2903 0.0000 -0.9569
vn -0.6344 0.0000 -0.7730
vn 0.0980 0.0000 0.9952
vn 0.9722 0.2138 0.0958
vn -0.6237 -0.1831 0.7599
vn 0.9213 0.2705 -0.2795
vn -0.7538 -0.2213 0.6187
vn 0.9552 0.2805 -0.0941
vn -0.8538 -0.2507 0.4564
vn 0.9552 0.2805 0.0941
vn -0.9213 -0.2705 0.2795
vn 0.9213 0.2705 0.2795
vn -0.9552 -0.2805 0.0941
vn 0.8538 0.2507 0.4564
vn -0.9552 -0.2805 -0.0941
vn 0.7538 0.2213 0.6187
vn -0.9213 -0.2705 -0.2794
vn 0.6237 0.1831 0.7599
vn -0.8538 -0.2507 -0.4564
vn 0.4669 0.1371 0.8736
vn 0.0980 0.0288 -0.9948
vn -0.7538 -0.2213 -0.6187
vn 0.2893 0.0849 0.9535
vn 0.2892 0.0849 -0.9535
vn -0.6237 -0.1831 -0.7599
vn 0.0980 0.0288 0.9948
vn 0.4670 0.1371 -0.8736
vn -0.4670 -0.1371 -0.8736
vn -0.0980 -0.0288 0.9948
vn 0.6237 0.1831 -0.7599
vn -0.2892 -0.0849 -0.9535
vn -0.2893 -0.0849 0.9535
vn 0.7538 0.2213 -0.6187
vn -0.0980 -0.0288 -0.9948
vn -0.4669 -0.1371 0.8736
vn 0.0000 1.0000 0.0000
vn -0.9526 0.0955 0.2890
vn 0.9353 0.2116 0.2837
vn -0.9909 0.0931 0.0976
vn 0.8628 0.2072 0.4612
vn -0.9909 0.0931 -0.0976
vn 0.7573 0.2007 0.6215
vn -0.9526 0.0955 -0.2890
vn 0.6225 0.1925 0.7585
vn -0.8775 0.1001 -0.4690
vn 0.4634 0.1828 0.8671
vn 0.0968 0.1603 -0.9823
vn -0.7686 0.1069 -0.6308
vn 0.2859 0.1719 0.9427
vn 0.2859 0.1719 -0.9427
vn -0.6302 0.1155 -0.7678
vn 0.0968 0.1603 0.9823
vn 0.4635 0.1828 -0.8671
vn -0.4677 0.1255 -0.8749
vn -0.0970 0.1484 0.9842
vn 0.6225 0.1925 -0.7585
vn -0.2875 0.1366 -0.9480
vn -0.2875 0.1366 0.9480
vn 0.7573 0.2007 -0.6215
vn -0.0970 0.1484 -0.9842
vn -0.4677 0.1255 0.8750
vn 0.8628 0.2072 -0.4612
vn -0.6302 0.1155 0.7678
vn 0.9353 0.2116 -0.2837
vn -0.7686 0.1069 0.6308
vn 0.9722 0.2138 -0.0958
vn -0.8775 0.1001 0.4690
vn 0.6927 -0.3554 -0.6275
vn 0.7393 -0.4724 -0.4799
vn 0.7616 -0.5678 -0.3124
vn 0.7587 -0.6381 -0.1315
vn 0.7307 -0.6804 0.0557
vn 0.6788 -0.6932 0.2422
vn 0.6049 -0.6760 0.4208
vn 0.5118 -0.6295 0.5846
vn 0.4032 -0.5554 0.7273
vn 0.2832 -0.4566 0.8434
vn 0.1565 -0.3369 0.9285
vn 0.0277 -0.2009 0.9792
vn -0.0980 -0.0537 0.9937
vn -0.2157 0.0988 0.9714
vn -0.3211 0.2509 0.9132
vn -0.4101 0.3968 0.8212
vn -0.4792 0.5308 0.6990
vn -0.5258 0.6477 0.5514
vn -0.5481 0.7431 0.3839
vn -0.5451 0.8134 0.2031
vn -0.5172 0.8557 0.0158
vn -0.4652 0.8686 -0.1707
vn -0.3914 0.8514 -0.3493
vn -0.2983 0.8048 -0.5131
vn -0.1896 0.7308 -0.6558
vn -0.0697 0.6320 -0.7718
vn 0.0571 0.5122 -0.8570
vn 0.1859 0.3762 -0.9077
vn 0.3114 0.2291 -0.9222
vn 0.4293 0.0765 -0.8999
vn 0.4805 -0.8766 -0.0267
vn 0.5347 -0.0757 -0.8416
vn 0.6236 -0.2215 -0.7497
vn -0.7482 -0.6143 -0.2506
vn -0.1621 -0.1062 0.9811
vn -0.2529 0.0699 0.9650
vn -0.3877 0.8536 -0.3479
vn 0.4522 -0.5481 -0.7036
vn 0.4001 -0.4037 -0.8228
vn 0.1375 -0.5823 0.8012
vn -0.5054 0.7680 0.3933
vn 0.0612 0.2761 -0.9592
vn 0.4418 -0.8823 0.1627
vn -0.3341 0.2414 0.9111
vn -0.3166 0.7930 -0.5205
vn 0.4870 -0.6713 -0.5588
vn 0.0381 -0.4388 0.8978
vn -0.5032 0.8373 0.2139
vn 0.1596 0.1042 -0.9817
vn 0.3859 -0.8547 0.3473
vn -0.4019 0.4024 0.8225
vn -0.2327 0.7011 -0.6740
vn 0.5036 -0.7690 -0.3937
vn -0.0629 -0.2775 0.9587
vn -0.4824 0.8755 0.0261
vn 0.2512 -0.0712 -0.9653
vn 0.3148 -0.7942 0.5198
vn -0.4540 0.5470 0.7033
vn -0.1393 0.5811 -0.8018
vn 0.5013 -0.8383 -0.2144
vn -0.1613 -0.1055 0.9813
vn -0.4436 0.8812 -0.1633
vn 0.3323 -0.2428 -0.9114
vn 0.2310 -0.7023 0.6733
vn -0.4888 0.6702 0.5585
vn -0.0398 0.4374 -0.8984
vn -0.5626 0.2780 0.7786
vn -0.0058 0.4646 -0.8855
vn -0.2809 0.0476 0.9585
vn 0.6353 -0.4105 -0.6541
vn 0.1241 0.3274 -0.9367
vn -0.3873 0.2011 0.8998
vn 0.6823 -0.5284 -0.5052
vn 0.2509 0.1790 -0.9513
vn -0.4769 0.3482 0.8071
vn 0.7047 -0.6247 -0.3363
vn 0.3696 0.0252 -0.9289
vn -0.5466 0.4833 0.6838
vn 0.7019 -0.6955 -0.1539
vn 0.4760 -0.1283 -0.8701
vn -0.5936 0.6013 0.5349
vn 0.6736 -0.7382 0.0350
vn 0.5657 -0.2754 -0.7773
vn -0.6161 0.6975 0.3660
vn 0.6212 -0.7512 0.2231
vn -0.6131 0.7684 0.1836
vn 0.5468 -0.7338 0.4032
vn -0.5850 0.8110 -0.0053
vn 0.4530 -0.6869 0.5683
vn -0.5325 0.8240 -0.1934
vn 0.3433 -0.6122 0.7123
vn -0.4580 0.8067 -0.3735
vn 0.2222 -0.5125 0.8294
vn -0.3642 0.7598 -0.5386
vn 0.0944 -0.3918 0.9152
vn -0.2547 0.6850 -0.6826
vn -0.0354 -0.2546 0.9664
vn -0.1335 0.5854 -0.7997
vn -0.5573 0.7374 0.3816
vn 0.8018 -0.5211 -0.2924
vn 0.3504 0.0091 -0.9365
vn -0.6581 0.3894 0.6443
vn 0.8098 -0.5766 -0.1085
vn 0.4872 -0.1185 -0.8652
vn -0.7265 0.4857 0.4861
vn 0.7887 -0.6097 0.0786
vn 0.6046 -0.2398 -0.7596
vn -0.7657 0.5633 0.3105
vn 0.7397 -0.6197 0.2623
vn -0.7748 0.6198 0.1246
vn 0.6644 -0.6063 0.4369
vn -0.7540 0.6536 -0.0647
vn 0.5654 -0.5699 0.5963
vn -0.7046 0.6638 -0.2508
vn 0.4453 -0.5113 0.7350
vn -0.6283 0.6501 -0.4273
vn 0.3082 -0.4322 0.8475
vn -0.5275 0.6130 -0.5883
vn 0.1587 -0.3349 0.9288
vn -0.4053 0.5533 -0.7277
vn 0.0022 -0.2228 0.9749
vn -0.2662 0.4728 -0.8400
vn -0.1548 -0.1001 0.9829
vn -0.1149 0.3741 -0.9203
vn -0.3054 0.0278 0.9518
vn 0.6979 -0.3501 -0.6248
vn 0.0428 0.2608 -0.9644
vn -0.4435 0.1558 0.8826
vn 0.7643 -0.4449 -0.4668
vn 0.2002 0.1374 -0.9701
vn 0.7482 0.6143 0.2506
vn 0.6714 -0.7012 0.2397
vn -0.5544 0.8078 0.2006
vn 0.5974 -0.6840 0.4187
vn -0.5265 0.8501 0.0130
vn 0.5043 -0.6374 0.5826
vn -0.4744 0.8630 -0.1738
vn 0.3953 -0.5632 0.7256
vn -0.4004 0.8458 -0.3526
vn 0.2752 -0.4642 0.8419
vn -0.3072 0.7992 -0.5167
vn 0.1483 -0.3443 0.9271
vn -0.1984 0.7250 -0.6595
vn 0.0193 -0.2081 0.9779
vn -0.0783 0.6260 -0.7759
vn -0.1065 -0.0607 0.9925
vn 0.0488 0.5061 -0.8611
vn -0.2245 0.0920 0.9701
vn 0.6854 -0.3629 -0.6313
vn 0.1777 0.3698 -0.9119
vn -0.3301 0.2444 0.9118
vn 0.7320 -0.4800 -0.4834
vn 0.3036 0.2225 -0.9264
vn -0.4191 0.3905 0.8197
vn 0.7543 -0.5756 -0.3157
vn 0.4215 0.0697 -0.9041
vn -0.4883 0.5247 0.6973
vn 0.7514 -0.6460 -0.1346
vn 0.5270 -0.0826 -0.8458
vn -0.5350 0.6418 0.5494
vn 0.7235 -0.6883 0.0530
vn 0.6162 -0.2287 -0.7536
vn -0.5764 -0.4449 0.6854
vn -0.6136 -0.5724 0.5440
vn -0.6319 -0.6753 0.3805
vn -0.6305 -0.7496 0.2013
vn -0.6097 -0.7925 0.0132
vn -0.5702 -0.8024 -0.1765
vn -0.5134 -0.7788 -0.3605
vn -0.4415 -0.7226 -0.5318
vn -0.3575 -0.6361 -0.6838
vn -0.2643 -0.5226 -0.8106
vn -0.1657 -0.3864 -0.9073
vn -0.0655 -0.2326 -0.9704
vn 0.0326 -0.0674 -0.9972
vn 0.1248 0.1030 -0.9868
vn 0.2074 0.2721 -0.9396
vn 0.2774 0.4334 -0.8575
vn 0.3320 0.5805 -0.7435
vn 0.3692 0.7080 -0.6020
vn 0.3875 0.8109 -0.4385
vn 0.3862 0.8852 -0.2593
vn 0.3654 0.9281 -0.0712
vn 0.3258 0.9380 0.1185
vn 0.2690 0.9144 0.3025
vn 0.1972 0.8583 0.4738
vn 0.1131 0.7718 0.6258
vn 0.0200 0.6582 0.7526
vn -0.0786 0.5220 0.8493
vn -0.1789 0.3683 0.9124
vn -0.2770 0.2030 0.9392
vn -0.3691 0.0326 0.9288
vn -0.3251 -0.9423 0.0796
vn -0.4517 -0.1365 0.8816
vn -0.5218 -0.2977 0.7994
vn 0.8561 -0.4752 0.2032
vn 0.1054 -0.1082 -0.9885
vn 0.1666 0.0808 -0.9827
vn 0.2650 0.9160 0.3014
vn -0.3023 -0.5931 0.7462
vn -0.2663 -0.4384 0.8584
vn -0.0970 -0.6213 -0.7775
vn 0.3407 0.8281 -0.4451
vn -0.0360 0.2916 0.9559
vn -0.2998 -0.9474 -0.1121
vn 0.2219 0.2649 -0.9384
vn 0.2177 0.8498 0.4800
vn -0.3266 -0.7246 0.6068
vn -0.0303 -0.4664 -0.8840
vn 0.3403 0.9016 -0.2672
vn -0.1025 0.1066 0.9890
vn -0.2630 -0.9167 -0.3009
vn 0.2683 0.4375 -0.8582
vn 0.1617 0.7502 0.6411
vn -0.3387 -0.8288 0.4454
vn 0.0379 -0.2927 -0.9555
vn 0.3271 0.9417 -0.0793
vn -0.1646 -0.0818 0.9830
vn -0.2158 -0.8507 -0.4794
vn 0.3042 0.5923 -0.7461
vn 0.0990 0.6204 0.7780
vn -0.3382 -0.9022 0.2676
vn 0.1044 -0.1077 -0.9887
vn 0.3018 0.9467 0.1126
vn -0.2200 -0.2659 0.9386
vn -0.1598 -0.7511 -0.6406
vn 0.3286 0.7239 -0.6066
vn 0.0322 0.4654 0.8845
vn 0.4503 0.3426 -0.8246
vn -0.0069 0.4862 0.8738
vn 0.1983 0.0636 -0.9781
vn -0.5089 -0.4889 0.7085
vn -0.1080 0.3312 0.9374
vn 0.2816 0.2342 -0.9305
vn -0.5464 -0.6175 0.5658
vn -0.2068 0.1646 0.9644
vn 0.3523 0.3968 -0.8476
vn -0.5648 -0.7213 0.4010
vn -0.2998 -0.0073 0.9540
vn 0.4074 0.5453 -0.7326
vn -0.5635 -0.7962 0.2202
vn -0.3832 -0.1779 0.9064
vn 0.4448 0.6739 -0.5899
vn -0.5424 -0.8396 0.0305
vn -0.4537 -0.3405 0.8235
vn 0.4633 0.7776 -0.4251
vn -0.5026 -0.8495 -0.1608
vn 0.4620 0.8526 -0.2443
vn -0.4453 -0.8257 -0.3464
vn 0.4410 0.8959 -0.0546
vn -0.3729 -0.7691 -0.5192
vn 0.4010 0.9058 0.1367
vn -0.2881 -0.6818 -0.6724
vn 0.3437 0.8820 0.3224
vn -0.1941 -0.5673 -0.8003
vn 0.2714 0.8254 0.4951
vn -0.0947 -0.4299 -0.8979
vn 0.1865 0.7382 0.6483
vn 0.0065 -0.2749 -0.9615
vn 0.0926 0.6236 0.7762
vn 0.1818 0.8698 -0.4587
vn -0.6806 -0.6365 0.3629
vn -0.2779 -0.0198 0.9604
vn 0.5355 0.4723 -0.7001
vn -0.6927 -0.6981 0.1811
vn -0.3962 -0.1702 0.9023
vn 0.5983 0.5832 -0.5494
vn -0.6802 -0.7330 -0.0064
vn -0.4993 -0.3124 0.8082
vn 0.6368 0.6716 -0.3788
vn -0.6437 -0.7405 -0.1932
vn 0.6500 0.7345 -0.1953
vn -0.5847 -0.7203 -0.3732
vn 0.6378 0.7702 -0.0056
vn -0.5049 -0.6730 -0.5405
vn 0.6010 0.7779 0.1835
vn -0.4067 -0.5998 -0.6890
vn 0.5410 0.7573 0.3658
vn -0.2933 -0.5027 -0.8132
vn 0.4599 0.7090 0.5346
vn -0.1682 -0.3847 -0.9076
vn 0.3599 0.6344 0.6841
vn -0.0364 -0.2499 -0.9676
vn 0.2446 0.5356 0.8083
vn 0.0971 -0.1035 -0.9899
vn 0.1181 0.4159 0.9017
vn 0.2261 0.0484 -0.9729
vn -0.5826 -0.4405 0.6830
vn -0.0149 0.2797 0.9600
vn 0.3458 0.1993 -0.9169
vn -0.6436 -0.5498 0.5324
vn -0.1488 0.1324 0.9800
vn -0.8561 0.4752 -0.2032
vn -0.3414 -0.9319 -0.1222
vn 0.1885 0.9388 -0.2883
vn -0.3179 -0.8940 -0.3157
vn 0.1857 0.9768 -0.1068
vn -0.2847 -0.8188 -0.4985
vn 0.1731 0.9816 0.0807
vn -0.2430 -0.7083 -0.6628
vn 0.1507 0.9515 0.2681
vn -0.1944 -0.5671 -0.8004
vn 0.1192 0.8859 0.4483
vn -0.1413 -0.4017 -0.9048
vn 0.0790 0.7854 0.6139
vn -0.0861 -0.2202 -0.9716
vn 0.0319 0.6529 0.7568
vn -0.0314 -0.0312 -0.9990
vn -0.0204 0.4932 0.8697
vn 0.0203 0.1569 -0.9874
vn -0.3079 -0.5908 0.7458
vn -0.0753 0.3134 0.9466
vn 0.0673 0.3367 -0.9392
vn -0.3340 -0.7219 0.6060
vn -0.1304 0.1221 0.9839
vn 0.1078 0.5022 -0.8580
vn -0.3508 -0.8246 0.4438
vn -0.1831 -0.0719 0.9805
vn 0.1409 0.6486 -0.7479
vn -0.3578 -0.8956 0.2643
vn -0.2314 -0.2601 0.9374
vn 0.1657 0.7721 -0.6134
vn -0.3547 -0.9321 0.0734
vn -0.2735 -0.4352 0.8578
usemtl dark_brown
s off
f 295//289 296//289 298//289 297//289
f 297//290 298//290 300//290 299//290
f 299//291 300//291 302//291 301//291
f 301//292 302//292 304//292 303//292
f 303//293 304//293 306//293 305//293
f 305//294 306//294 308//294 307//294
f 307//295 308//295 310//295 309//295
f 309//296 310//296 312//296 311//296
f 311//297 312//297 314//297 313//297
f 313//298 314//298 316//298 315//298
f 315//299 316//299 318//299 317//299
f 317//300 318//300 320//300 319//300
f 319//301 320//301 322//301 321//301
f 321//302 322//302 324//302 323//302
f 323//303 324//303 326//303 325//303
f 325//304 326//304 328//304 327//304
f 327//305 328//305 330//305 329//305
f 329//306 330//306 332//306 331//306
f 331//307 332//307 334//307 333//307
f 333//308 334//308 336//308 335//308
f 335//309 336//309 338//309 337//309
f 337//310 338//310 340//310 339//310
f 339//311 340//311 342//311 341//311
f 341//312 342//312 344//312 343//312
f 343//313 344//313 346//313 345//313
f 345//314 346//314 348//314 347//314
f 347//315 348//315 350//315 349//315
f 349//316 350//316 352//316 351//316
f 351//317 352//317 354//317 353//317
f 353//318 354//318 356//318 355//318
f 300//319 298//319 359//319 361//319
f 355//320 356//320 358//320 357//320
f 357//321 358//321 296//321 295//321
f 295//322 297//322 299//322 301//322 303//322 305//322 307//322 309//322 311//322 313//322 315//322 317//322 319//322 321//322 323//322 325//322 327//322 329//322 331//322 333//322 335//322 337//322 339//322 341//322 343//322 345//322 347//322 349//322 351//322 353//322 355//322 357//322
f 362//323 361//323 393//323 394//323
f 318//324 316//324 369//324 370//324
f 336//325 334//325 378//325 379//325
f 354//326 352//326 387//326 388//326
f 310//327 308//327 365//327 366//327
f 328//328 326//328 374//328 375//328
f 346//329 344//329 383//329 384//329
f 302//330 300//330 361//330 362//330
f 320//331 318//331 370//331 371//331
f 338//332 336//332 379//332 380//332
f 356//333 354//333 388//333 389//333
f 312//334 310//334 366//334 367//334
f 330//335 328//335 375//335 376//335
f 348//336 346//336 384//336 385//336
f 304//337 302//337 362//337 363//337
f 322//338 320//338 371//338 372//338
f 340//339 338//339 380//339 381//339
f 358//340 356//340 389//340 390//340
f 314//341 312//341 367//341 368//341
f 332//342 330//342 376//342 377//342
f 350//343 348//343 385//343 386//343
f 306//344 304//344 363//344 364//344
f 324//345 322//345 372//345 373//345
f 342//346 340//346 381//346 382//346
f 298//347 296//347 360//347 359//347
f 296//348 358//348 390//348 360//348
f 316//349 314//349 368//349 369//349
f 334//350 332//350 377//350 378//350
f 352//351 350//351 386//351 387//351
f 308//352 306//352 364//352 365//352
f 326//353 324//353 373//353 374//353
f 344//354 342//354 382//354 383//354
f 397//355 396//355 428//355 429//355
f 389//356 388//356 420//356 421//356
f 376//357 375//357 407//357 408//357
f 363//358 362//358 394//358 395//358
f 390//359 389//359 421//359 422//359
f 377//360 376//360 408//360 409//360
f 364//361 363//361 395//361 396//361
f 360//362 390//362 422//362 392//362
f 378//363 377//363 409//363 410//363
f 365//364 364//364 396//364 397//364
f 379//365 378//365 410//365 411//365
f 366//366 365//366 397//366 398//366
f 380//367 379//367 411//367 412//367
f 367//368 366//368 398//368 399//368
f 381//369 380//369 412//369 413//369
f 368//370 367//370 399//370 400//370
f 382//371 381//371 413//371 414//371
f 369//372 368//372 400//372 401//372
f 383//373 382//373 414//373 415//373
f 370//374 369//374 401//374 402//374
f 384//375 383//375 415//375 416//375
f 371//376 370//376 402//376 403//376
f 385//377 384//377 416//377 417//377
f 372//378 371//378 403//378 404//378
f 386//379 385//379 417//379 418//379
f 373//380 372//380 404//380 405//380
f 359//381 360//381 392//381 391//381
f 387//382 386//382 418//382 419//382
f 374//383 373//383 405//383 406//383
f 361//384 359//384 391//384 393//384
f 388//385 387//385 419//385 420//385
f 375//386 374//386 406//386 407//386
f 432//387 431//387 463//387 464//387
f 411//388 410//388 442//388 443//388
f 398//389 397//389 429//389 430//389
f 412//390 411//390 443//390 444//390
f 399//391 398//391 430//391 431//391
f 413//392 412//392 444//392 445//392
f 400//393 399//393 431//393 432//393
f 414//394 413//394 445//394 446//394
f 401//395 400//395 432//395 433//395
f 415//396 414//396 446//396 447//396
f 402//397 401//397 433//397 434//397
f 416//398 415//398 447//398 448//398
f 403//399 402//399 434//399 435//399
f 417//400 416//400 448//400 449//400
f 404//401 403//401 435//401 436//401
f 418//402 417//402 449//402 450//402
f 405//403 404//403 436//403 437//403
f 391//404 392//404 424//404 423//404
f 419//405 418//405 450//405 451//405
f 406//406 405//406 437//406 438//406
f 393//407 391//407 423//407 425//407
f 420//408 419//408 451//408 452//408
f 407//409 406//409 438//409 439//409
f 394//410 393//410 425//410 426//410
f 421//411 420//411 452//411 453//411
f 408//412 407//412 439//412 440//412
f 395//413 394//413 426//413 427//413
f 422//414 421//414 453//414 454//414
f 409//415 408//415 440//415 441//415
f 396//416 395//416 427//416 428//416
f 392//417 422//417 454//417 424//417
f 410//418 409//418 441//418 442//418
f 455//419 456//419 486//419 485//419 484//419 483//419 482//419 481//419 480//419 479//419 478//419 477//419 476//419 475//419 474//419 473//419 472//419 471//419 470//419 469//419 468//419 467//419 466//419 465//419 464//419 463//419 462//419 461//419 460//419 459//419 458//419 457//419
f 446//420 445//420 477//420 478//420
f 433//421 432//421 464//421 465//421
f 447//422 446//422 478//422 479//422
f 434//423 433//423 465//423 466//423
f 448//424 447//424 479//424 480//424
f 435//425 434//425 466//425 467//425
f 449//426 448//426 480//426 481//426
f 436//427 435//427 467//427 468//427
f 450//428 449//428 481//428 482//428
f 437//429 436//429 468//429 469//429
f 423//430 424//430 456//430 455//430
f 451//431 450//431 482//431 483//431
f 438//432 437//432 469//432 470//432
f 425//433 423//433 455//433 457//433
f 452//434 451//434 483//434 484//434
f 439//435 438//435 470//435 471//435
f 426//436 425//436 457//436 458//436
f 453//437 452//437 484//437 485//437
f 440//438 439//438 471//438 472//438
f 427//439 426//439 458//439 459//439
f 454//440 453//440 485//440 486//440
f 441//441 440//441 472//441 473//441
f 428//442 427//442 459//442 460//442
f 424//443 454//443 486//443 456//443
f 442//444 441//444 473//444 474//444
f 429//445 428//445 460//445 461//445
f 443//446 442//446 474//446 475//446
f 430//447 429//447 461//447 462//447
f 444//448 443//448 475//448 476//448
f 431//449 430//449 462//449 463//449
f 445//450 444//450 476//450 477//450
f 487//451 488//451 490//451 489//451
f 489//452 490//452 492//452 491//452
f 491//453 492//453 494//453 493//453
f 493//454 494//454 496//454 495//454
f 495//455 496//455 498//455 497//455
f 497//456 498//456 500//456 499//456
f 499//457 500//457 502//457 501//457
f 501//458 502//458 504//458 503//458
f 503//459 504//459 506//459 505//459
f 505//460 506//460 508//460 507//460
f 507//461 508//461 510//461 509//461
f 509//462 510//462 512//462 511//462
f 511//463 512//463 514//463 513//463
f 513//464 514//464 516//464 515//464
f 515//465 516//465 518//465 517//465
f 517//466 518//466 520//466 519//466
f 519//467 520//467 522//467 521//467
f 521//468 522//468 524//468 523//468
f 523//469 524//469 526//469 525//469
f 525//470 526//470 528//470 527//470
f 527//471 528//471 530//471 529//471
f 529//472 530//472 532//472 531//472
f 531//473 532//473 534//473 533//473
f 533//474 534//474 536//474 535//474
f 535//475 536//475 538//475 537//475
f 537//476 538//476 540//476 539//476
f 539//477 540//477 542//477 541//477
f 541//478 542//478 544//478 543//478
f 543//479 544//479 546//479 545//479
f 545//480 546//480 548//480 547//480
f 498//481 496//481 555//481 556//481
f 547//482 548//482 550//482 549//482
f 549//483 550//483 488//483 487//483
f 487//484 489//484 491//484 493//484 495//484 497//484 499//484 501//484 503//484 505//484 507//484 509//484 511//484 513//484 515//484 517//484 519//484 521//484 523//484 525//484 527//484 529//484 531//484 533//484 535//484 537//484 539//484 541//484 543//484 545//484 547//484 549//484
f 564//485 563//485 595//485 596//485
f 516//486 514//486 564//486 565//486
f 534//487 532//487 573//487 574//487
f 490//488 488//488 552//488 551//488
f 488//489 550//489 582//489 552//489
f 508//490 506//490 560//490 561//490
f 526//491 524//491 569//491 570//491
f 544//492 542//492 578//492 579//492
f 500//493 498//493 556//493 557//493
f 518//494 516//494 565//494 566//494
f 536//495 534//495 574//495 575//495
f 492//496 490//496 551//496 553//496
f 510//497 508//497 561//497 562//497
f 528//498 526//498 570//498 571//498
f 546//499 544//499 579//499 580//499
f 502//500 500//500 557//500 558//500
f 520//501 518//501 566//501 567//501
f 538//502 536//502 575//502 576//502
f 494//503 492//503 553//503 554//503
f 512//504 510//504 562//504 563//504
f 530//505 528//505 571//505 572//505
f 548//506 546//506 580//506 581//506
f 504//507 502//507 558//507 559//507
f 522//508 520//508 567//508 568//508
f 540//509 538//509 576//509 577//509
f 496//510 494//510 554//510 555//510
f 514//511 512//511 563//511 564//511
f 532//512 530//512 572//512 573//512
f 550//513 548//513 581//513 582//513
f 506//514 504//514 559//514 560//514
f 524//515 522//515 568//515 569//515
f 542//516 540//516 577//516 578//516
f 599//517 598//517 630//517 631//517
f 578//518 577//518 609//518 610//518
f 565//519 564//519 596//519 597//519
f 551//520 552//520 584//520 583//520
f 579//521 578//521 610//521 611//521
f 566//522 565//522 597//522 598//522
f 553//523 551//523 583//523 585//523
f 580//524 579//524 611//524 612//524
f 567//525 566//525 598//525 599//525
f 554//526 553//526 585//526 586//526
f 581//527 580//527 612//527 613//527
f 568//528 567//528 599//528 600//528
f 555//529 554//529 586//529 587//529
f 582//530 581//530 613//530 614//530
f 569//531 568//531 600//531 601//531
f 556//532 555//532 587//532 588//532
f 552//533 582//533 614//533 584//533
f 570//534 569//534 601//534 602//534
f 557//535 556//535 588//535 589//535
f 571//536 570//536 602//536 603//536
f 558//537 557//537 589//537 590//537
f 572//538 571//538 603//538 604//538
f 559//539 558//539 590//539 591//539
f 573//540 572//540 604//540 605//540
f 560//541 559//541 591//541 592//541
f 574//542 573//542 605//542 606//542
f 561//543 560//543 592//543 593//543
f 575//544 574//544 606//544 607//544
f 562//545 561//545 593//545 594//545
f 576//546 575//546 607//546 608//546
f 563//547 562//547 594//547 595//547
f 577//548 576//548 608//548 609//548
f 634//549 633//549 665//549 666//549
f 586//550 585//550 617//550 618//550
f 613//551 612//551 644//551 645//551
f 600//552 599//552 631//552 632//552
f 587//553 586//553 618//553 619//553
f 614//554 613//554 645//554 646//554
f 601//555 600//555 632//555 633//555
f 588//556 587//556 619//556 620//556
f 584//557 614//557 646//557 616//557
f 602//558 601//558 633//558 634//558
f 589//559 588//559 620//559 621//559
f 603//560 602//560 634//560 635//560
f 590//561 589//561 621//561 622//561
f 604//562 603//562 635//562 636//562
f 591//563 590//563 622//563 623//563
f 605//564 604//564 636//564 637//564
f 592//565 591//565 623//565 624//565
f 606//566 605//566 637//566 638//566
f 593//567 592//567 624//567 625//567
f 607//568 606//568 638//568 639//568
f 594//569 593//569 625//569 626//569
f 608//570 607//570 639//570 640//570
f 595//571 594//571 626//571 627//571
f 609//572 608//572 640//572 641//572
f 596//573 595//573 627//573 628//573
f 610//574 609//574 641//574 642//574
f 597//575 596//575 628//575 629//575
f 583//576 584//576 616//576 615//576
f 611//577 610//577 642//577 643//577
f 598//578 597//578 629//578 630//578
f 585//579 583//579 615//579 617//579
f 612//580 611//580 643//580 644//580
f 647//581 648//581 678//581 677//581 676//581 675//581 674//581 673//581 672//581 671//581 670//581 669//581 668//581 667//581 666//581 665//581 664//581 663//581 662//581 661//581 660//581 659//581 658//581 657//581 656//581 655//581 654//581 653//581 652//581 651//581 650//581 649//581
f 621//582 620//582 652//582 653//582
f 635//583 634//583 666//583 667//583
f 622//584 621//584 653//584 654//584
f 636//585 635//585 667//585 668//585
f 623//586 622//586 654//586 655//586
f 637//587 636//587 668//587 669//587
f 624//588 623//588 655//588 656//588
f 638//589 637//589 669//589 670//589
f 625//590 624//590 656//590 657//590
f 639//591 638//591 670//591 671//591
f 626//592 625//592 657//592 658//592
f 640//593 639//593 671//593 672//593
f 627//594 626//594 658//594 659//594
f 641//595 640//595 672//595 673//595
f 628//596 627//596 659//596 660//596
f 642//597 641//597 673//597 674//597
f 629//598 628//598 660//598 661//598
f 615//599 616//599 648//599 647//599
f 643//600 642//600 674//600 675//600
f 630//601 629//601 661//601 662//601
f 617//602 615//602 647//602 649//602
f 644//603 643//603 675//603 676//603
f 631//604 630//604 662//604 663//604
f 618//605 617//605 649//605 650//605
f 645//606 644//606 676//606 677//606
f 632//607 631//607 663//607 664//607
f 619//608 618//608 650//608 651//608
f 646//609 645//609 677//609 678//609
f 633//610 632//610 664//610 665//610
f 620//611 619//611 651//611 652//611
f 616//612 646//612 678//612 648//612
f 679//613 680//613 682//613 681//613
f 681//614 682//614 684//614 683//614
f 683//615 684//615 686//615 685//615
f 685//616 686//616 688//616 687//616
f 687//617 688//617 690//617 689//617
f 689//618 690//618 692//618 691//618
f 691//619 692//619 694//619 693//619
f 693//620 694//620 696//620 695//620
f 695//621 696//621 698//621 697//621
f 697//622 698//622 700//622 699//622
f 699//623 700//623 702//623 701//623
f 701//624 702//624 704//624 703//624
f 703//625 704//625 706//625 705//625
f 705//626 706//626 708//626 707//626
f 707//627 708//627 710//627 709//627
f 709//628 710//628 712//628 711//628
f 711//629 712//629 714//629 713//629
f 713//630 714//630 716//630 715//630
f 715//631 716//631 718//631 717//631
f 717//632 718//632 720//632 719//632
f 719//633 720//633 722//633 721//633
f 721//634 722//634 724//634 723//634
f 723//635 724//635 726//635 725//635
f 725//636 726//636 728//636 727//636
f 727//637 728//637 730//637 729//637
f 729//638 730//638 732//638 731//638
f 731//639 732//639 734//639 733//639
f 733//640 734//640 736//640 735//640
f 735//641 736//641 738//641 737//641
f 737//642 738//642 740//642 739//642
f 690//643 688//643 747//643 748//643
f 739//644 740//644 742//644 741//644
f 741//645 742//645 680//645 679//645
f 679//646 681//646 683//646 685//646 687//646 689//646 691//646 693//646 695//646 697//646 699//646 701//646 703//646 705//646 707//646 709//646 711//646 713//646 715//646 717//646 719//646 721//646 723//646 725//646 727//646 729//646 731//646 733//646 735//646 737//646 739//646 741//646
f 756//647 755//647 787//647 788//647
f 708//648 706//648 756//648 757//648
f 726//649 724//649 765//649 766//649
f 682//650 680//650 744//650 743//650
f 680//651 742//651 774//651 744//651
f 700//652 698//652 752//652 753//652
f 718//653 716//653 761//653 762//653
f 736//654 734//654 770//654 771//654
f 692//655 690//655 748//655 749//655
f 710//656 708//656 757//656 758//656
f 728//657 726//657 766//657 767//657
f 684//658 682//658 743//658 745//658
f 702//659 700//659 753//659 754//659
f 720//660 718//660 762//660 763//660
f 738//661 736//661 771//661 772//661
f 694//662 692//662 749//662 750//662
f 712//663 710//663 758//663 759//663
f 730//664 728//664 767//664 768//664
f 686//665 684//665 745//665 746//665
f 704//666 702//666 754//666 755//666
f 722//667 720//667 763//667 764//667
f 740//668 738//668 772//668 773//668
f 696//669 694//669 750//669 751//669
f 714//670 712//670 759//670 760//670
f 732//671 730//671 768//671 769//671
f 688//672 686//672 746//672 747//672
f 706//673 704//673 755//673 756//673
f 724//674 722//674 764//674 765//674
f 742//675 740//675 773//675 774//675
f 698//676 696//676 751//676 752//676
f 716//677 714//677 760//677 761//677
f 734//678 732//678 769//678 770//678
f 791//679 790//679 822//679 823//679
f 770//680 769//680 801//680 802//680
f 757//681 756//681 788//681 789//681
f 743//682 744//682 776//682 775//682
f 771//683 770//683 802//683 803//683
f 758//684 757//684 789//684 790//684
f 745//685 743//685 775//685 777//685
f 772//686 771//686 803//686 804//686
f 759//687 758//687 790//687 791//687
f 746//688 745//688 777//688 778//688
f 773//689 772//689 804//689 805//689
f 760//690 759//690 791//690 792//690
f 747//691 746//691 778//691 779//691
f 774//692 773//692 805//692 806//692
f 761//693 760//693 792//693 793//693
f 748//694 747//694 779//694 780//694
f 744//695 774//695 806//695 776//695
f 762//696 761//696 793//696 794//696
f 749//697 748//697 780//697 781//697
f 763//698 762//698 794//698 795//698
f 750//699 749//699 781//699 782//699
f 764//700 763//700 795//700 796//700
f 751//701 750//701 782//701 783//701
f 765//702 764//702 796//702 797//702
f 752//703 751//703 783//703 784//703
f 766//704 765//704 797//704 798//704
f 753//705 752//705 784//705 785//705
f 767//706 766//706 798//706 799//706
f 754//707 753//707 785//707 786//707
f 768//708 767//708 799//708 800//708
f 755//709 754//709 786//709 787//709
f 769//710 768//710 800//710 801//710
f 826//711 825//711 857//711 858//711
f 778//712 777//712 809//712 810//712
f 805//713 804//713 836//713 837//713
f 792//714 791//714 823//714 824//714
f 779//715 778//715 810//715 811//715
f 806//716 805//716 837//716 838//716
f 793//717 792//717 824//717 825//717
f 780//718 779//718 811//718 812//718
f 776//719 806//719 838//719 808//719
f 794//720 793//720 825//720 826//720
f 781//721 780//721 812//721 813//721
f 795//722 794//722 826//722 827//722
f 782//723 781//723 813//723 814//723
f 796//724 795//724 827//724 828//724
f 783//725 782//725 814//725 815//725
f 797//726 796//726 828//726 829//726
f 784//727 783//727 815//727 816//727
f 798//728 797//728 829//728 830//728
f 785//729 784//729 816//729 817//729
f 799//730 798//730 830//730 831//730
f 786//731 785//731 817//731 818//731
f 800//732 799//732 831//732 832//732
f 787//733 786//733 818//733 819//733
f 801//734 800//734 832//734 833//734
f 788//735 787//735 819//735 820//735
f 802//736 801//736 833//736 834//736
f 789//737 788//737 820//737 821//737
f 775//738 776//738 808//738 807//738
f 803//739 802//739 834//739 835//739
f 790//740 789//740 821//740 822//740
f 777//741 775//741 807//741 809//741
f 804//742 803//742 835//742 836//742
f 839//743 840//743 870//743 869//743 868//743 867//743 866//743 865//743 864//743 863//743 862//743 861//743 860//743 859//743 858//743 857//743 856//743 855//743 854//743 853//743 852//743 851//743 850//743 849//743 848//743 847//743 846//743 845//743 844//743 843//743 842//743 841//743
f 813//744 812//744 844//744 845//744
f 827//745 826//745 858//745 859//745
f 814//746 813//746 845//746 846//746
f 828//747 827//747 859//747 860//747
f 815//748 814//748 846//748 847//748
f 829//749 828//749 860//749 861//749
f 816//750 815//750 847//750 848//750
f 830//751 829//751 861//751 862//751
f 817//752 816//752 848//752 849//752
f 831//753 830//753 862//753 863//753
f 818//754 817//754 849//754 850//754
f 832//755 831//755 863//755 864//755
f 819//756 818//756 850//756 851//756
f 833//757 832//757 864//757 865//757
f 820//758 819//758 851//758 852//758
f 834//759 833//759 865//759 866//759
f 821//760 820//760 852//760 853//760
f 807//761 808//761 840//761 839//761
f 835//762 834//762 866//762 867//762
f 822//763 821//763 853//763 854//763
f 809//764 807//764 839//764 841//764
f 836//765 835//765 867//765 868//765
f 823//766 822//766 854//766 855//766
f 810//767 809//767 841//767 842//767
f 837//768 836//768 868//768 869//768
f 824//769 823//769 855//769 856//769
f 811//770 810//770 842//770 843//770
f 838//771 837//771 869//771 870//771
f 825//772 824//772 856//772 857//772
f 812//773 811//773 843//773 844//773
f 808//774 838//774 870//774 840//774
o Cylinder.008_Cylinder.013
v -0.599877 0.731744 -0.483596
v -0.599877 0.740772 -0.492668
v -0.599877 0.732186 -0.486399
v -0.599877 0.733468 -0.488928
v -0.599877 0.735465 -0.490935
v -0.599877 0.737982 -0.492224
v -0.591588 0.731744 -0.482779
v -0.589818 0.740772 -0.491677
v -0.591041 0.732186 -0.485529
v -0.590548 0.733468 -0.488009
v -0.590156 0.735465 -0.489978
v -0.589905 0.737982 -0.491242
v -0.583617 0.731744 -0.480361
v -0.580145 0.740772 -0.488743
v -0.582544 0.732186 -0.482951
v -0.581577 0.733468 -0.485288
v -0.580808 0.735465 -0.487142
v -0.580315 0.737982 -0.488333
v -0.576271 0.731744 -0.476435
v -0.571231 0.740772 -0.483978
v -0.574714 0.732186 -0.478766
v -0.573309 0.733468 -0.480869
v -0.572194 0.735465 -0.482538
v -0.571478 0.737982 -0.483609
v -0.569833 0.731744 -0.471151
v -0.563418 0.740772 -0.477566
v -0.567850 0.732186 -0.473133
v -0.566062 0.733468 -0.474921
v -0.564643 0.735465 -0.476341
v -0.563732 0.737982 -0.477252
v -0.564548 0.731744 -0.464712
v -0.557005 0.740772 -0.469752
v -0.562217 0.732186 -0.466270
v -0.560115 0.733468 -0.467675
v -0.558446 0.735465 -0.468790
v -0.557374 0.737982 -0.469506
v -0.560622 0.731744 -0.457366
v -0.552240 0.740772 -0.460838
v -0.558032 0.732186 -0.458439
v -0.555695 0.733468 -0.459407
v -0.553841 0.735465 -0.460175
v -0.552651 0.737982 -0.460668
v -0.558204 0.731744 -0.449395
v -0.549306 0.740772 -0.451165
v -0.555454 0.732186 -0.449942
v -0.552974 0.733468 -0.450436
v -0.551006 0.735465 -0.450827
v -0.549742 0.737982 -0.451079
v -0.557388 0.731744 -0.441106
v -0.548315 0.740772 -0.441106
v -0.554584 0.732186 -0.441106
v -0.552055 0.733468 -0.441106
v -0.550048 0.735465 -0.441106
v -0.548759 0.737982 -0.441106
v -0.558204 0.731744 -0.432817
v -0.549306 0.740772 -0.431047
v -0.555454 0.732186 -0.432270
v -0.552974 0.733468 -0.431776
v -0.551006 0.735465 -0.431385
v -0.549742 0.737982 -0.431134
v -0.560622 0.731744 -0.424846
v -0.552240 0.740772 -0.421374
v -0.558032 0.732186 -0.423773
v -0.555695 0.733468 -0.422805
v -0.553841 0.735465 -0.422037
v -0.552651 0.737982 -0.421544
v -0.564548 0.731744 -0.417500
v -0.557005 0.740772 -0.412460
v -0.562217 0.732186 -0.415943
v -0.560115 0.733468 -0.414538
v -0.558446 0.735465 -0.413422
v -0.557374 0.737982 -0.412707
v -0.569833 0.731744 -0.411061
v -0.563418 0.740772 -0.404646
v -0.567850 0.732186 -0.409079
v -0.566062 0.733468 -0.407291
v -0.564643 0.735465 -0.405872
v -0.563732 0.737982 -0.404960
v -0.576271 0.731744 -0.405777
v -0.571231 0.740772 -0.398234
v -0.574714 0.732186 -0.403446
v -0.573309 0.733468 -0.401343
v -0.572194 0.735465 -0.399675
v -0.571478 0.737982 -0.398603
v -0.583617 0.731744 -0.401851
v -0.580145 0.740772 -0.393469
v -0.582544 0.732186 -0.399261
v -0.581577 0.733468 -0.396924
v -0.580809 0.735465 -0.395070
v -0.580315 0.737982 -0.393879
v -0.591588 0.731744 -0.399433
v -0.589818 0.740772 -0.390535
v -0.591041 0.732186 -0.396683
v -0.590548 0.733468 -0.394203
v -0.590156 0.735465 -0.392234
v -0.589905 0.737982 -0.390970
v -0.599877 0.731744 -0.398616
v -0.599877 0.740772 -0.389544
v -0.599877 0.732186 -0.395813
v -0.599877 0.733468 -0.393284
v -0.599877 0.735465 -0.391277
v -0.599877 0.737982 -0.389988
v -0.608167 0.731744 -0.399433
v -0.609937 0.740772 -0.390535
v -0.608714 0.732186 -0.396683
v -0.609207 0.733468 -0.394203
v -0.609599 0.735465 -0.392234
v -0.609850 0.737982 -0.390970
v -0.616137 0.731744 -0.401851
v -0.619609 0.740772 -0.393469
v -0.617210 0.732186 -0.399261
v -0.618178 0.733468 -0.396924
v -0.618946 0.735465 -0.395070
v -0.619439 0.737982 -0.393879
v -0.623483 0.731744 -0.405777
v -0.628524 0.740772 -0.398234
v -0.625041 0.732186 -0.403446
v -0.626446 0.733468 -0.401343
v -0.627561 0.735465 -0.399675
v -0.628277 0.737982 -0.398603
v -0.629922 0.731744 -0.411061
v -0.636337 0.740772 -0.404646
v -0.631904 0.732186 -0.409079
v -0.633693 0.733468 -0.407291
v -0.635112 0.735465 -0.405872
v -0.636023 0.737982 -0.404960
v -0.635206 0.731744 -0.417500
v -0.642749 0.740772 -0.412460
v -0.637537 0.732186 -0.415943
v -0.639640 0.733468 -0.414538
v -0.641309 0.735465 -0.413422
v -0.642380 0.737982 -0.412707
v -0.639133 0.731744 -0.424846
v -0.647514 0.740772 -0.421374
v -0.641723 0.732186 -0.423773
v -0.644059 0.733468 -0.422805
v -0.645913 0.735465 -0.422037
v -0.647104 0.737982 -0.421544
v -0.641550 0.731744 -0.432817
v -0.650448 0.740772 -0.431047
v -0.644300 0.732186 -0.432270
v -0.646781 0.733468 -0.431776
v -0.648749 0.735465 -0.431385
v -0.650013 0.737982 -0.431134
v -0.642367 0.731744 -0.441106
v -0.651439 0.740772 -0.441106
v -0.645170 0.732186 -0.441106
v -0.647699 0.733468 -0.441106
v -0.649706 0.735465 -0.441106
v -0.650995 0.737982 -0.441106
v -0.641550 0.731744 -0.449395
v -0.650448 0.740772 -0.451165
v -0.644300 0.732186 -0.449942
v -0.646781 0.733468 -0.450436
v -0.648749 0.735465 -0.450827
v -0.650013 0.737982 -0.451079
v -0.639133 0.731744 -0.457366
v -0.647514 0.740772 -0.460838
v -0.641723 0.732186 -0.458439
v -0.644059 0.733468 -0.459407
v -0.645913 0.735465 -0.460175
v -0.647104 0.737982 -0.460668
v -0.635206 0.731744 -0.464712
v -0.642749 0.740772 -0.469752
v -0.637537 0.732186 -0.466270
v -0.639640 0.733468 -0.467675
v -0.641309 0.735465 -0.468790
v -0.642380 0.737982 -0.469506
v -0.629922 0.731744 -0.471151
v -0.636337 0.740772 -0.477566
v -0.631904 0.732186 -0.473133
v -0.633693 0.733468 -0.474921
v -0.635112 0.735465 -0.476341
v -0.636023 0.737982 -0.477252
v -0.623483 0.731744 -0.476435
v -0.628523 0.740772 -0.483978
v -0.625041 0.732186 -0.478766
v -0.626446 0.733468 -0.480869
v -0.627561 0.735465 -0.482538
v -0.628277 0.737982 -0.483609
v -0.616137 0.731744 -0.480361
v -0.619609 0.740772 -0.488743
v -0.617210 0.732186 -0.482951
v -0.618178 0.733468 -0.485288
v -0.618946 0.735465 -0.487142
v -0.619439 0.737982 -0.488333
v -0.608167 0.731744 -0.482779
v -0.609936 0.740772 -0.491677
v -0.608713 0.732186 -0.485529
v -0.609207 0.733468 -0.488009
v -0.609598 0.735465 -0.489978
v -0.609850 0.737982 -0.491242
v -0.592039 0.849217 -0.480514
v -0.599877 0.849217 -0.481286
v -0.584501 0.849217 -0.478227
v -0.577555 0.849217 -0.474514
v -0.571466 0.849217 -0.469518
v -0.566469 0.849217 -0.463429
v -0.562756 0.849217 -0.456482
v -0.560470 0.849217 -0.448945
v -0.559697 0.849217 -0.441106
v -0.560470 0.849217 -0.433267
v -0.562756 0.849217 -0.425730
v -0.566469 0.849217 -0.418783
v -0.571466 0.849217 -0.412695
v -0.577555 0.849217 -0.407698
v -0.584501 0.849217 -0.403985
v -0.592039 0.849217 -0.401698
v -0.599877 0.849217 -0.400926
v -0.607716 0.849217 -0.401698
v -0.615253 0.849217 -0.403985
v -0.622200 0.849217 -0.407698
v -0.628289 0.849217 -0.412695
v -0.633286 0.849217 -0.418783
v -0.636999 0.849217 -0.425730
v -0.639285 0.849217 -0.433267
v -0.640057 0.849217 -0.441106
v -0.639285 0.849217 -0.448945
v -0.636999 0.849217 -0.456482
v -0.633286 0.849217 -0.463429
v -0.628289 0.849217 -0.469518
v -0.622200 0.849217 -0.474514
v -0.615253 0.849217 -0.478227
v -0.607716 0.849217 -0.480514
v -0.599877 0.879066 -0.485631
v -0.599877 0.874742 -0.481286
v -0.599877 0.878487 -0.483458
v -0.599877 0.876904 -0.481868
v -0.592039 0.874742 -0.480514
v -0.591191 0.879066 -0.484775
v -0.591925 0.876904 -0.481085
v -0.591615 0.878487 -0.482645
v -0.584501 0.874742 -0.478227
v -0.582838 0.879066 -0.482242
v -0.584278 0.876904 -0.478765
v -0.583670 0.878487 -0.480235
v -0.577555 0.874742 -0.474514
v -0.575141 0.879066 -0.478127
v -0.577231 0.876904 -0.474998
v -0.576348 0.878487 -0.476321
v -0.571466 0.874742 -0.469518
v -0.568394 0.879066 -0.472590
v -0.571054 0.876904 -0.469929
v -0.569930 0.878487 -0.471054
v -0.566469 0.874742 -0.463429
v -0.562856 0.879066 -0.465843
v -0.565985 0.876904 -0.463752
v -0.564663 0.878487 -0.464636
v -0.562756 0.874742 -0.456482
v -0.558742 0.879066 -0.458145
v -0.562218 0.876904 -0.456705
v -0.560749 0.878487 -0.457314
v -0.560470 0.874742 -0.448945
v -0.556208 0.879066 -0.449792
v -0.559899 0.876904 -0.449058
v -0.558339 0.878487 -0.449369
v -0.559697 0.874742 -0.441106
v -0.555353 0.879066 -0.441106
v -0.559115 0.876904 -0.441106
v -0.557525 0.878487 -0.441106
v -0.560470 0.874742 -0.433267
v -0.556208 0.879066 -0.432420
v -0.559899 0.876904 -0.433154
v -0.558339 0.878487 -0.432844
v -0.562756 0.874742 -0.425730
v -0.558742 0.879066 -0.424067
v -0.562218 0.876904 -0.425507
v -0.560749 0.878487 -0.424899
v -0.566469 0.874742 -0.418783
v -0.562856 0.879066 -0.416369
v -0.565985 0.876904 -0.418460
v -0.564663 0.878487 -0.417576
v -0.571466 0.874742 -0.412695
v -0.568394 0.879066 -0.409622
v -0.571054 0.876904 -0.412283
v -0.569930 0.878487 -0.411159
v -0.577555 0.874742 -0.407698
v -0.575141 0.879066 -0.404085
v -0.577231 0.876904 -0.407214
v -0.576348 0.878487 -0.405891
v -0.584501 0.874742 -0.403985
v -0.582838 0.879066 -0.399971
v -0.584278 0.876904 -0.403447
v -0.583670 0.878487 -0.401978
v -0.592039 0.874742 -0.401698
v -0.591191 0.879066 -0.397437
v -0.591925 0.876904 -0.401127
v -0.591615 0.878487 -0.399568
v -0.599877 0.874742 -0.400926
v -0.599877 0.879066 -0.396581
v -0.599877 0.876904 -0.400344
v -0.599877 0.878487 -0.398754
v -0.607716 0.874742 -0.401698
v -0.608564 0.879066 -0.397437
v -0.607830 0.876904 -0.401127
v -0.608140 0.878487 -0.399568
v -0.615253 0.874742 -0.403985
v -0.616916 0.879066 -0.399971
v -0.615476 0.876904 -0.403447
v -0.616085 0.878487 -0.401978
v -0.622200 0.874742 -0.407698
v -0.624614 0.879066 -0.404085
v -0.622523 0.876904 -0.407214
v -0.623407 0.878487 -0.405891
v -0.628289 0.874742 -0.412695
v -0.631361 0.879066 -0.409622
v -0.628700 0.876904 -0.412283
v -0.629825 0.878487 -0.411159
v -0.633286 0.874742 -0.418783
v -0.636898 0.879066 -0.416369
v -0.633770 0.876904 -0.418460
v -0.635092 0.878487 -0.417576
v -0.636999 0.874742 -0.425730
v -0.641013 0.879066 -0.424067
v -0.637536 0.876904 -0.425507
v -0.639006 0.878487 -0.424899
v -0.639285 0.874742 -0.433267
v -0.643547 0.879066 -0.432420
v -0.639856 0.876904 -0.433154
v -0.641416 0.878487 -0.432844
v -0.640057 0.874742 -0.441106
v -0.644402 0.879066 -0.441106
v -0.640639 0.876904 -0.441106
v -0.642230 0.878487 -0.441106
v -0.639285 0.874742 -0.448945
v -0.643546 0.879066 -0.449792
v -0.639856 0.876904 -0.449058
v -0.641416 0.878487 -0.449369
v -0.636999 0.874742 -0.456482
v -0.641013 0.879066 -0.458145
v -0.637536 0.876904 -0.456705
v -0.639006 0.878487 -0.457314
v -0.633286 0.874742 -0.463429
v -0.636898 0.879066 -0.465843
v -0.633770 0.876904 -0.463752
v -0.635092 0.878487 -0.464636
v -0.628289 0.874742 -0.469518
v -0.631361 0.879066 -0.472590
v -0.628700 0.876904 -0.469929
v -0.629825 0.878487 -0.471054
v -0.622200 0.874742 -0.474514
v -0.624614 0.879066 -0.478127
v -0.622523 0.876904 -0.474998
v -0.623407 0.878487 -0.476321
v -0.615253 0.874742 -0.478227
v -0.616916 0.879066 -0.482242
v -0.615476 0.876904 -0.478765
v -0.616085 0.878487 -0.480235
v -0.607716 0.874742 -0.480514
v -0.608564 0.879066 -0.484775
v -0.607830 0.876904 -0.481085
v -0.608140 0.878487 -0.482645
v -0.590666 0.879066 -0.487416
v -0.589818 0.874742 -0.491677
v -0.590242 0.878487 -0.489546
v -0.589932 0.876904 -0.491106
v -0.599877 0.874742 -0.492668
v -0.599877 0.879066 -0.488323
v -0.599877 0.876904 -0.492086
v -0.599877 0.878487 -0.490495
v -0.581808 0.879066 -0.484729
v -0.580145 0.874742 -0.488743
v -0.580977 0.878487 -0.486736
v -0.580368 0.876904 -0.488205
v -0.573645 0.879066 -0.480366
v -0.571231 0.874742 -0.483978
v -0.572438 0.878487 -0.482172
v -0.571554 0.876904 -0.483494
v -0.566490 0.879066 -0.474494
v -0.563418 0.874742 -0.477566
v -0.564954 0.878487 -0.476030
v -0.563829 0.876904 -0.477154
v -0.560618 0.879066 -0.467338
v -0.557005 0.874742 -0.469752
v -0.558811 0.878487 -0.468545
v -0.557489 0.876904 -0.469429
v -0.556255 0.879066 -0.459175
v -0.552240 0.874742 -0.460838
v -0.554247 0.878487 -0.460007
v -0.552778 0.876904 -0.460615
v -0.553568 0.879066 -0.450318
v -0.549306 0.874742 -0.451165
v -0.551437 0.878487 -0.450741
v -0.549877 0.876904 -0.451052
v -0.552660 0.879066 -0.441106
v -0.548315 0.874742 -0.441106
v -0.550488 0.878487 -0.441106
v -0.548898 0.876904 -0.441106
v -0.553568 0.879066 -0.431895
v -0.549306 0.874742 -0.431047
v -0.551437 0.878487 -0.431471
v -0.549877 0.876904 -0.431160
v -0.556255 0.879066 -0.423037
v -0.552240 0.874742 -0.421374
v -0.554247 0.878487 -0.422206
v -0.552778 0.876904 -0.421597
v -0.560618 0.879066 -0.414874
v -0.557005 0.874742 -0.412460
v -0.558811 0.878487 -0.413667
v -0.557489 0.876904 -0.412783
v -0.566490 0.879066 -0.407719
v -0.563418 0.874742 -0.404646
v -0.564954 0.878487 -0.406182
v -0.563829 0.876904 -0.405058
v -0.573645 0.879066 -0.401847
v -0.571231 0.874742 -0.398234
v -0.572438 0.878487 -0.400040
v -0.571554 0.876904 -0.398718
v -0.581808 0.879066 -0.397483
v -0.580145 0.874742 -0.393469
v -0.580977 0.878487 -0.395476
v -0.580368 0.876904 -0.394007
v -0.590666 0.879066 -0.394796
v -0.589818 0.874742 -0.390535
v -0.590242 0.878487 -0.392666
v -0.589932 0.876904 -0.391106
v -0.599877 0.879066 -0.393889
v -0.599877 0.874742 -0.389544
v -0.599877 0.878487 -0.391717
v -0.599877 0.876904 -0.390126
v -0.609089 0.879066 -0.394796
v -0.609937 0.874742 -0.390535
v -0.609513 0.878487 -0.392666
v -0.609823 0.876904 -0.391106
v -0.617946 0.879066 -0.397483
v -0.619609 0.874742 -0.393469
v -0.618778 0.878487 -0.395476
v -0.619386 0.876904 -0.394007
v -0.626110 0.879066 -0.401847
v -0.628524 0.874742 -0.398234
v -0.627317 0.878487 -0.400040
v -0.628200 0.876904 -0.398718
v -0.633265 0.879066 -0.407719
v -0.636337 0.874742 -0.404646
v -0.634801 0.878487 -0.406183
v -0.635925 0.876904 -0.405058
v -0.639137 0.879066 -0.414874
v -0.642749 0.874742 -0.412460
v -0.640943 0.878487 -0.413667
v -0.642265 0.876904 -0.412783
v -0.643500 0.879066 -0.423037
v -0.647514 0.874742 -0.421374
v -0.645507 0.878487 -0.422206
v -0.646976 0.876904 -0.421597
v -0.646187 0.879066 -0.431895
v -0.650448 0.874742 -0.431047
v -0.648318 0.878487 -0.431471
v -0.649877 0.876904 -0.431160
v -0.647094 0.879066 -0.441106
v -0.651439 0.874742 -0.441106
v -0.649267 0.878487 -0.441106
v -0.650857 0.876904 -0.441106
v -0.646187 0.879066 -0.450318
v -0.650448 0.874742 -0.451165
v -0.648318 0.878487 -0.450742
v -0.649877 0.876904 -0.451052
v -0.643500 0.879066 -0.459175
v -0.647514 0.874742 -0.460838
v -0.645507 0.878487 -0.460007
v -0.646976 0.876904 -0.460615
v -0.639137 0.879066 -0.467338
v -0.642749 0.874742 -0.469752
v -0.640943 0.878487 -0.468545
v -0.642265 0.876904 -0.469429
v -0.633265 0.879066 -0.474494
v -0.636337 0.874742 -0.477566
v -0.634801 0.878487 -0.476030
v -0.635925 0.876904 -0.477154
v -0.626110 0.879066 -0.480366
v -0.628523 0.874742 -0.483978
v -0.627317 0.878487 -0.482172
v -0.628200 0.876904 -0.483494
v -0.617946 0.879066 -0.484729
v -0.619609 0.874742 -0.488743
v -0.618778 0.878487 -0.486736
v -0.619386 0.876904 -0.488205
v -0.609089 0.879066 -0.487416
v -0.609936 0.874742 -0.491677
v -0.609513 0.878487 -0.489547
v -0.609823 0.876904 -0.491106
vn 0.4714 0.0000 -0.8819
vn 0.6344 0.0000 -0.7730
vn 0.7730 0.0000 -0.6344
vn 0.8819 0.0000 -0.4714
vn 0.9569 0.0000 -0.2903
vn 0.9952 0.0000 -0.0980
vn 0.9952 0.0000 0.0980
vn 0.9569 0.0000 0.2903
vn 0.8819 0.0000 0.4714
vn 0.7730 0.0000 0.6344
vn 0.6344 0.0000 0.7730
vn 0.4714 0.0000 0.8819
vn 0.2903 0.0000 0.9569
vn 0.0980 0.0000 0.9952
vn -0.0980 0.0000 0.9952
vn -0.2903 0.0000 0.9569
vn -0.4714 0.0000 0.8819
vn -0.6344 0.0000 0.7730
vn -0.7730 0.0000 0.6344
vn -0.8819 0.0000 0.4714
vn -0.9569 0.0000 0.2903
vn -0.9952 0.0000 0.0980
vn -0.9952 0.0000 -0.0980
vn -0.9569 0.0000 -0.2903
vn -0.8819 0.0000 -0.4714
vn -0.7730 0.0000 -0.6344
vn -0.6344 0.0000 -0.7730
vn -0.4714 0.0000 -0.8819
vn -0.2903 0.0000 -0.9569
vn -0.0980 0.0000 -0.9952
vn 0.2903 0.0000 -0.9569
vn 0.0968 -0.1564 -0.9829
vn 0.0873 -0.4540 -0.8867
vn 0.0693 -0.7071 -0.7037
vn 0.0445 -0.8910 -0.4518
vn 0.0153 -0.9877 -0.1557
vn 0.2867 -0.1564 -0.9452
vn 0.2586 -0.4540 -0.8526
vn 0.2053 -0.7071 -0.6767
vn 0.1318 -0.8910 -0.4345
vn 0.0454 -0.9877 -0.1497
vn 0.4656 -0.1564 -0.8711
vn 0.4200 -0.4540 -0.7858
vn 0.3333 -0.7071 -0.6236
vn 0.2140 -0.8910 -0.4004
vn 0.0737 -0.9877 -0.1379
vn 0.6266 -0.1565 -0.7635
vn 0.5653 -0.4540 -0.6888
vn 0.4486 -0.7071 -0.5466
vn 0.2880 -0.8910 -0.3510
vn 0.0992 -0.9877 -0.1209
vn 0.7635 -0.1564 -0.6266
vn 0.6888 -0.4540 -0.5652
vn 0.5466 -0.7071 -0.4486
vn 0.3509 -0.8910 -0.2880
vn 0.1209 -0.9877 -0.0992
vn 0.8711 -0.1564 -0.4656
vn 0.7858 -0.4540 -0.4200
vn 0.6236 -0.7071 -0.3333
vn 0.4004 -0.8910 -0.2140
vn 0.1380 -0.9877 -0.0737
vn 0.9452 -0.1564 -0.2867
vn 0.8526 -0.4540 -0.2586
vn 0.6767 -0.7071 -0.2053
vn 0.4345 -0.8910 -0.1318
vn 0.1497 -0.9877 -0.0454
vn 0.9829 -0.1564 -0.0968
vn 0.8867 -0.4540 -0.0873
vn 0.7037 -0.7071 -0.0693
vn 0.4518 -0.8910 -0.0445
vn 0.1557 -0.9877 -0.0153
vn 0.9829 -0.1564 0.0968
vn 0.8867 -0.4540 0.0873
vn 0.7037 -0.7071 0.0693
vn 0.4518 -0.8910 0.0445
vn 0.1557 -0.9877 0.0153
vn 0.9452 -0.1564 0.2867
vn 0.8526 -0.4540 0.2586
vn 0.6767 -0.7071 0.2053
vn 0.4345 -0.8910 0.1318
vn 0.1497 -0.9877 0.0454
vn 0.8711 -0.1564 0.4656
vn 0.7858 -0.4540 0.4200
vn 0.6236 -0.7071 0.3333
vn 0.4004 -0.8910 0.2140
vn 0.1380 -0.9877 0.0737
vn 0.7635 -0.1564 0.6266
vn 0.6888 -0.4540 0.5652
vn 0.5466 -0.7071 0.4486
vn 0.3509 -0.8910 0.2880
vn 0.1209 -0.9877 0.0992
vn 0.6266 -0.1565 0.7635
vn 0.5652 -0.4540 0.6888
vn 0.4486 -0.7071 0.5466
vn 0.2880 -0.8910 0.3510
vn 0.0992 -0.9877 0.1209
vn 0.4656 -0.1564 0.8711
vn 0.4200 -0.4540 0.7858
vn 0.3333 -0.7071 0.6236
vn 0.2140 -0.8910 0.4004
vn 0.0737 -0.9877 0.1379
vn 0.2867 -0.1564 0.9452
vn 0.2586 -0.4540 0.8526
vn 0.2053 -0.7071 0.6767
vn 0.1318 -0.8910 0.4345
vn 0.0454 -0.9877 0.1497
vn 0.0968 -0.1564 0.9829
vn 0.0873 -0.4540 0.8867
vn 0.0693 -0.7071 0.7037
vn 0.0445 -0.8910 0.4518
vn 0.0153 -0.9877 0.1557
vn -0.0968 -0.1564 0.9829
vn -0.0873 -0.4540 0.8867
vn -0.0693 -0.7071 0.7037
vn -0.0445 -0.8910 0.4518
vn -0.0153 -0.9877 0.1557
vn -0.2867 -0.1564 0.9452
vn -0.2586 -0.4540 0.8526
vn -0.2053 -0.7071 0.6767
vn -0.1318 -0.8910 0.4345
vn -0.0454 -0.9877 0.1497
vn -0.4656 -0.1564 0.8711
vn -0.4200 -0.4540 0.7858
vn -0.3333 -0.7071 0.6236
vn -0.2140 -0.8910 0.4004
vn -0.0737 -0.9877 0.1379
vn -0.6266 -0.1564 0.7635
vn -0.5652 -0.4540 0.6888
vn -0.4486 -0.7071 0.5466
vn -0.2880 -0.8910 0.3509
vn -0.0992 -0.9877 0.1209
vn -0.7635 -0.1564 0.6266
vn -0.6887 -0.4540 0.5652
vn -0.5466 -0.7071 0.4486
vn -0.3509 -0.8910 0.2880
vn -0.1209 -0.9877 0.0992
vn -0.8711 -0.1564 0.4656
vn -0.7858 -0.4540 0.4200
vn -0.6236 -0.7071 0.3333
vn -0.4004 -0.8910 0.2140
vn -0.1379 -0.9877 0.0737
vn -0.9452 -0.1564 0.2867
vn -0.8526 -0.4540 0.2586
vn -0.6767 -0.7071 0.2053
vn -0.4345 -0.8910 0.1318
vn -0.1497 -0.9877 0.0454
vn -0.9829 -0.1564 0.0968
vn -0.8867 -0.4540 0.0873
vn -0.7037 -0.7071 0.0693
vn -0.4518 -0.8910 0.0445
vn -0.1557 -0.9877 0.0153
vn -0.9829 -0.1564 -0.0968
vn -0.8867 -0.4540 -0.0873
vn -0.7037 -0.7071 -0.0693
vn -0.4518 -0.8910 -0.0445
vn -0.1557 -0.9877 -0.0153
vn -0.9452 -0.1564 -0.2867
vn -0.8526 -0.4540 -0.2587
vn -0.6767 -0.7071 -0.2053
vn -0.4345 -0.8910 -0.1318
vn -0.1497 -0.9877 -0.0454
vn -0.8711 -0.1564 -0.4656
vn -0.7858 -0.4540 -0.4200
vn -0.6236 -0.7071 -0.3333
vn -0.4004 -0.8910 -0.2140
vn -0.1380 -0.9877 -0.0737
vn -0.7635 -0.1564 -0.6266
vn -0.6888 -0.4540 -0.5652
vn -0.5466 -0.7071 -0.4486
vn -0.3509 -0.8910 -0.2880
vn -0.1209 -0.9877 -0.0992
vn -0.6266 -0.1564 -0.7635
vn -0.5652 -0.4540 -0.6888
vn -0.4486 -0.7071 -0.5466
vn -0.2880 -0.8910 -0.3510
vn -0.0992 -0.9877 -0.1209
vn -0.4656 -0.1564 -0.8711
vn -0.4200 -0.4540 -0.7858
vn -0.3333 -0.7071 -0.6236
vn -0.2140 -0.8910 -0.4004
vn -0.0737 -0.9877 -0.1379
vn -0.2867 -0.1564 -0.9452
vn -0.2586 -0.4540 -0.8526
vn -0.2053 -0.7071 -0.6767
vn -0.1318 -0.8910 -0.4345
vn -0.0454 -0.9877 -0.1497
vn -0.0968 -0.1564 -0.9829
vn -0.0873 -0.4540 -0.8867
vn -0.0693 -0.7071 -0.7037
vn -0.0445 -0.8910 -0.4518
vn -0.0153 -0.9877 -0.1557
vn 0.0000 -1.0000 0.0000
vn 0.0000 1.0000 0.0000
vn 0.0980 0.0000 -0.9952
vn 0.0947 0.2588 -0.9613
vn 0.0693 0.7071 -0.7037
vn 0.0254 0.9659 -0.2575
vn 0.2804 0.2588 -0.9243
vn 0.2053 0.7071 -0.6767
vn 0.0751 0.9659 -0.2477
vn 0.4553 0.2588 -0.8519
vn 0.3333 0.7071 -0.6236
vn 0.1220 0.9659 -0.2282
vn 0.6128 0.2588 -0.7467
vn 0.4486 0.7071 -0.5466
vn 0.1642 0.9659 -0.2001
vn 0.7467 0.2588 -0.6128
vn 0.5466 0.7071 -0.4486
vn 0.2001 0.9659 -0.1642
vn 0.8519 0.2588 -0.4553
vn 0.6236 0.7071 -0.3334
vn 0.2283 0.9659 -0.1220
vn 0.9243 0.2588 -0.2804
vn 0.6767 0.7071 -0.2053
vn 0.2477 0.9659 -0.0751
vn 0.9613 0.2588 -0.0947
vn 0.7037 0.7071 -0.0693
vn 0.2576 0.9659 -0.0254
vn 0.9613 0.2588 0.0947
vn 0.7037 0.7071 0.0693
vn 0.2576 0.9659 0.0254
vn 0.9243 0.2588 0.2804
vn 0.6767 0.7071 0.2053
vn 0.2477 0.9659 0.0751
vn 0.8519 0.2588 0.4553
vn 0.6236 0.7071 0.3333
vn 0.2283 0.9659 0.1220
vn 0.7467 0.2588 0.6128
vn 0.5466 0.7071 0.4486
vn 0.2001 0.9659 0.1642
vn 0.6128 0.2588 0.7467
vn 0.4486 0.7071 0.5466
vn 0.1642 0.9659 0.2001
vn 0.4553 0.2588 0.8519
vn 0.3333 0.7071 0.6236
vn 0.1220 0.9659 0.2283
vn 0.2804 0.2588 0.9243
vn 0.2053 0.7071 0.6767
vn 0.0751 0.9659 0.2476
vn 0.0947 0.2588 0.9613
vn 0.0693 0.7071 0.7037
vn 0.0254 0.9659 0.2576
vn -0.0947 0.2588 0.9613
vn -0.0693 0.7071 0.7037
vn -0.0254 0.9659 0.2575
vn -0.2804 0.2588 0.9243
vn -0.2053 0.7071 0.6767
vn -0.0751 0.9659 0.2477
vn -0.4553 0.2588 0.8519
vn -0.3333 0.7071 0.6236
vn -0.1220 0.9659 0.2282
vn -0.6128 0.2588 0.7467
vn -0.4486 0.7071 0.5466
vn -0.1642 0.9659 0.2001
vn -0.7467 0.2588 0.6128
vn -0.5466 0.7071 0.4486
vn -0.2001 0.9659 0.1642
vn -0.8519 0.2588 0.4553
vn -0.6236 0.7071 0.3333
vn -0.2283 0.9659 0.1220
vn -0.9243 0.2588 0.2804
vn -0.6766 0.7071 0.2053
vn -0.2477 0.9659 0.0751
vn -0.9613 0.2588 0.0947
vn -0.7037 0.7071 0.0693
vn -0.2576 0.9659 0.0254
vn -0.9613 0.2588 -0.0947
vn -0.7037 0.7071 -0.0693
vn -0.2576 0.9659 -0.0254
vn -0.9243 0.2588 -0.2804
vn -0.6767 0.7071 -0.2053
vn -0.2477 0.9659 -0.0751
vn -0.8519 0.2588 -0.4553
vn -0.6236 0.7071 -0.3333
vn -0.2283 0.9659 -0.1220
vn -0.7467 0.2588 -0.6128
vn -0.5466 0.7071 -0.4486
vn -0.2001 0.9659 -0.1642
vn -0.6128 0.2588 -0.7467
vn -0.4486 0.7071 -0.5466
vn -0.1642 0.9659 -0.2001
vn -0.4553 0.2588 -0.8519
vn -0.3333 0.7071 -0.6236
vn -0.1220 0.9659 -0.2283
vn -0.2804 0.2588 -0.9243
vn -0.2053 0.7071 -0.6767
vn -0.0751 0.9659 -0.2476
vn -0.0947 0.2588 -0.9613
vn -0.0693 0.7071 -0.7037
vn -0.0254 0.9659 -0.2576
vn -0.0254 0.9659 0.2576
vn -0.1220 0.9659 0.2283
vn -0.6767 0.7071 0.2053
vn -0.6767 0.7071 -0.2052
vn -0.0751 0.9659 -0.2477
vn 0.0254 0.9659 -0.2576
vn 0.6236 0.7071 -0.3333
vn 0.0751 0.9659 0.2477
usemtl cup
s off
f 884//775 1232//775 1236//775 890//775
f 890//776 1236//776 1240//776 896//776
f 896//777 1240//777 1244//777 902//777
f 902//778 1244//778 1248//778 908//778
f 908//779 1248//779 1252//779 914//779
f 914//780 1252//780 1256//780 920//780
f 920//781 1256//781 1260//781 926//781
f 926//782 1260//782 1264//782 932//782
f 932//783 1264//783 1268//783 938//783
f 938//784 1268//784 1272//784 944//784
f 944//785 1272//785 1276//785 950//785
f 950//786 1276//786 1280//786 956//786
f 956//787 1280//787 1284//787 962//787
f 962//788 1284//788 1288//788 968//788
f 968//789 1288//789 1292//789 974//789
f 974//790 1292//790 1296//790 980//790
f 980//791 1296//791 1300//791 986//791
f 986//792 1300//792 1304//792 992//792
f 992//793 1304//793 1308//793 998//793
f 998//794 1308//794 1312//794 1004//794
f 1004//795 1312//795 1316//795 1010//795
f 1010//796 1316//796 1320//796 1016//796
f 1016//797 1320//797 1324//797 1022//797
f 1022//798 1324//798 1328//798 1028//798
f 1028//799 1328//799 1332//799 1034//799
f 1034//800 1332//800 1336//800 1040//800
f 1040//801 1336//801 1340//801 1046//801
f 1046//802 1340//802 1344//802 1052//802
f 1052//803 1344//803 1348//803 1058//803
f 1127//796 1123//796 1070//796 1071//796
f 1058//804 1348//804 1227//804 872//804
f 878//805 1224//805 1232//805 884//805
f 872//806 878//806 882//806 876//806
f 876//807 882//807 881//807 875//807
f 875//808 881//808 880//808 874//808
f 874//809 880//809 879//809 873//809
f 873//810 879//810 877//810 871//810
f 878//811 884//811 888//811 882//811
f 882//812 888//812 887//812 881//812
f 881//813 887//813 886//813 880//813
f 880//814 886//814 885//814 879//814
f 879//815 885//815 883//815 877//815
f 884//816 890//816 894//816 888//816
f 888//817 894//817 893//817 887//817
f 887//818 893//818 892//818 886//818
f 886//819 892//819 891//819 885//819
f 885//820 891//820 889//820 883//820
f 890//821 896//821 900//821 894//821
f 894//822 900//822 899//822 893//822
f 893//823 899//823 898//823 892//823
f 892//824 898//824 897//824 891//824
f 891//825 897//825 895//825 889//825
f 896//826 902//826 906//826 900//826
f 900//827 906//827 905//827 899//827
f 899//828 905//828 904//828 898//828
f 898//829 904//829 903//829 897//829
f 897//830 903//830 901//830 895//830
f 902//831 908//831 912//831 906//831
f 906//832 912//832 911//832 905//832
f 905//833 911//833 910//833 904//833
f 904//834 910//834 909//834 903//834
f 903//835 909//835 907//835 901//835
f 908//836 914//836 918//836 912//836
f 912//837 918//837 917//837 911//837
f 911//838 917//838 916//838 910//838
f 910//839 916//839 915//839 909//839
f 909//840 915//840 913//840 907//840
f 914//841 920//841 924//841 918//841
f 918//842 924//842 923//842 917//842
f 917//843 923//843 922//843 916//843
f 916//844 922//844 921//844 915//844
f 915//845 921//845 919//845 913//845
f 920//846 926//846 930//846 924//846
f 924//847 930//847 929//847 923//847
f 923//848 929//848 928//848 922//848
f 922//849 928//849 927//849 921//849
f 921//850 927//850 925//850 919//850
f 926//851 932//851 936//851 930//851
f 930//852 936//852 935//852 929//852
f 929//853 935//853 934//853 928//853
f 928//854 934//854 933//854 927//854
f 927//855 933//855 931//855 925//855
f 932//856 938//856 942//856 936//856
f 936//857 942//857 941//857 935//857
f 935//858 941//858 940//858 934//858
f 934//859 940//859 939//859 933//859
f 933//860 939//860 937//860 931//860
f 938//861 944//861 948//861 942//861
f 942//862 948//862 947//862 941//862
f 941//863 947//863 946//863 940//863
f 940//864 946//864 945//864 939//864
f 939//865 945//865 943//865 937//865
f 944//866 950//866 954//866 948//866
f 948//867 954//867 953//867 947//867
f 947//868 953//868 952//868 946//868
f 946//869 952//869 951//869 945//869
f 945//870 951//870 949//870 943//870
f 950//871 956//871 960//871 954//871
f 954//872 960//872 959//872 953//872
f 953//873 959//873 958//873 952//873
f 952//874 958//874 957//874 951//874
f 951//875 957//875 955//875 949//875
f 956//876 962//876 966//876 960//876
f 960//877 966//877 965//877 959//877
f 959//878 965//878 964//878 958//878
f 958//879 964//879 963//879 957//879
f 957//880 963//880 961//880 955//880
f 962//881 968//881 972//881 966//881
f 966//882 972//882 971//882 965//882
f 965//883 971//883 970//883 964//883
f 964//884 970//884 969//884 963//884
f 963//885 969//885 967//885 961//885
f 968//886 974//886 978//886 972//886
f 972//887 978//887 977//887 971//887
f 971//888 977//888 976//888 970//888
f 970//889 976//889 975//889 969//889
f 969//890 975//890 973//890 967//890
f 974//891 980//891 984//891 978//891
f 978//892 984//892 983//892 977//892
f 977//893 983//893 982//893 976//893
f 976//894 982//894 981//894 975//894
f 975//895 981//895 979//895 973//895
f 980//896 986//896 990//896 984//896
f 984//897 990//897 989//897 983//897
f 983//898 989//898 988//898 982//898
f 982//899 988//899 987//899 981//899
f 981//900 987//900 985//900 979//900
f 986//901 992//901 996//901 990//901
f 990//902 996//902 995//902 989//902
f 989//903 995//903 994//903 988//903
f 988//904 994//904 993//904 987//904
f 987//905 993//905 991//905 985//905
f 992//906 998//906 1002//906 996//906
f 996//907 1002//907 1001//907 995//907
f 995//908 1001//908 1000//908 994//908
f 994//909 1000//909 999//909 993//909
f 993//910 999//910 997//910 991//910
f 998//911 1004//911 1008//911 1002//911
f 1002//912 1008//912 1007//912 1001//912
f 1001//913 1007//913 1006//913 1000//913
f 1000//914 1006//914 1005//914 999//914
f 999//915 1005//915 1003//915 997//915
f 1004//916 1010//916 1014//916 1008//916
f 1008//917 1014//917 1013//917 1007//917
f 1007//918 1013//918 1012//918 1006//918
f 1006//919 1012//919 1011//919 1005//919
f 1005//920 1011//920 1009//920 1003//920
f 1010//921 1016//921 1020//921 1014//921
f 1014//922 1020//922 1019//922 1013//922
f 1013//923 1019//923 1018//923 1012//923
f 1012//924 1018//924 1017//924 1011//924
f 1011//925 1017//925 1015//925 1009//925
f 1016//926 1022//926 1026//926 1020//926
f 1020//927 1026//927 1025//927 1019//927
f 1019//928 1025//928 1024//928 1018//928
f 1018//929 1024//929 1023//929 1017//929
f 1017//930 1023//930 1021//930 1015//930
f 1022//931 1028//931 1032//931 1026//931
f 1026//932 1032//932 1031//932 1025//932
f 1025//933 1031//933 1030//933 1024//933
f 1024//934 1030//934 1029//934 1023//934
f 1023//935 1029//935 1027//935 1021//935
f 1028//936 1034//936 1038//936 1032//936
f 1032//937 1038//937 1037//937 1031//937
f 1031//938 1037//938 1036//938 1030//938
f 1030//939 1036//939 1035//939 1029//939
f 1029//940 1035//940 1033//940 1027//940
f 1034//941 1040//941 1044//941 1038//941
f 1038//942 1044//942 1043//942 1037//942
f 1037//943 1043//943 1042//943 1036//943
f 1036//944 1042//944 1041//944 1035//944
f 1035//945 1041//945 1039//945 1033//945
f 1040//946 1046//946 1050//946 1044//946
f 1044//947 1050//947 1049//947 1043//947
f 1043//948 1049//948 1048//948 1042//948
f 1042//949 1048//949 1047//949 1041//949
f 1041//950 1047//950 1045//950 1039//950
f 1046//951 1052//951 1056//951 1050//951
f 1050//952 1056//952 1055//952 1049//952
f 1049//953 1055//953 1054//953 1048//953
f 1048//954 1054//954 1053//954 1047//954
f 1047//955 1053//955 1051//955 1045//955
f 1052//956 1058//956 1062//956 1056//956
f 1056//957 1062//957 1061//957 1055//957
f 1055//958 1061//958 1060//958 1054//958
f 1054//959 1060//959 1059//959 1053//959
f 1053//960 1059//960 1057//960 1051//960
f 1058//961 872//961 876//961 1062//961
f 1062//962 876//962 875//962 1061//962
f 1061//963 875//963 874//963 1060//963
f 1060//964 874//964 873//964 1059//964
f 1059//965 873//965 871//965 1057//965
f 871//966 877//966 883//966 889//966 895//966 901//966 907//966 913//966 919//966 925//966 931//966 937//966 943//966 949//966 955//966 961//966 967//966 973//966 979//966 985//966 991//966 997//966 1003//966 1009//966 1015//966 1021//966 1027//966 1033//966 1039//966 1045//966 1051//966 1057//966
f 1096//788 1219//788 1094//788 1064//788
f 1107//791 1103//791 1065//791 1066//791
f 1111//792 1107//792 1066//792 1067//792
f 1115//793 1111//793 1067//793 1068//793
f 1119//794 1115//794 1068//794 1069//794
f 1120//967 1124//967 1251//967 1247//967
f 1123//795 1119//795 1069//795 1070//795
f 1131//797 1127//797 1071//797 1072//797
f 1135//798 1131//798 1072//798 1073//798
f 1139//799 1135//799 1073//799 1074//799
f 1143//800 1139//800 1074//800 1075//800
f 1147//801 1143//801 1075//801 1076//801
f 1151//802 1147//802 1076//802 1077//802
f 1155//803 1151//803 1077//803 1078//803
f 1159//804 1155//804 1078//804 1079//804
f 1163//968 1159//968 1079//968 1080//968
f 1167//805 1163//805 1080//805 1081//805
f 1171//775 1167//775 1081//775 1082//775
f 1175//776 1171//776 1082//776 1083//776
f 1179//777 1175//777 1083//777 1084//777
f 1183//778 1179//778 1084//778 1085//778
f 1187//779 1183//779 1085//779 1086//779
f 1191//780 1187//780 1086//780 1087//780
f 1195//781 1191//781 1087//781 1088//781
f 1199//782 1195//782 1088//782 1089//782
f 1203//783 1199//783 1089//783 1090//783
f 1207//784 1203//784 1090//784 1091//784
f 1211//785 1207//785 1091//785 1092//785
f 1215//786 1211//786 1092//786 1093//786
f 1219//787 1215//787 1093//787 1094//787
f 872//968 1227//968 1224//968 878//968
f 1103//790 1099//790 1063//790 1065//790
f 1063//967 1064//967 1094//967 1093//967 1092//967 1091//967 1090//967 1089//967 1088//967 1087//967 1086//967 1085//967 1084//967 1083//967 1082//967 1081//967 1080//967 1079//967 1078//967 1077//967 1076//967 1075//967 1074//967 1073//967 1072//967 1071//967 1070//967 1069//967 1068//967 1067//967 1066//967 1065//967
f 1176//967 1180//967 1307//967 1303//967
f 1124//967 1128//967 1255//967 1251//967
f 1180//967 1184//967 1311//967 1307//967
f 1128//967 1132//967 1259//967 1255//967
f 1184//967 1188//967 1315//967 1311//967
f 1132//967 1136//967 1263//967 1259//967
f 1188//967 1192//967 1319//967 1315//967
f 1136//967 1140//967 1267//967 1263//967
f 1192//967 1196//967 1323//967 1319//967
f 1140//967 1144//967 1271//967 1267//967
f 1196//967 1200//967 1327//967 1323//967
f 1144//967 1148//967 1275//967 1271//967
f 1200//967 1204//967 1331//967 1327//967
f 1148//967 1152//967 1279//967 1275//967
f 1095//967 1100//967 1223//967 1228//967
f 1204//967 1208//967 1335//967 1331//967
f 1152//967 1156//967 1283//967 1279//967
f 1100//967 1104//967 1231//967 1223//967
f 1208//967 1212//967 1339//967 1335//967
f 1156//967 1160//967 1287//967 1283//967
f 1104//967 1108//967 1235//967 1231//967
f 1212//967 1216//967 1343//967 1339//967
f 1160//967 1164//967 1291//967 1287//967
f 1108//967 1112//967 1239//967 1235//967
f 1216//967 1220//967 1347//967 1343//967
f 1164//967 1168//967 1295//967 1291//967
f 1112//967 1116//967 1243//967 1239//967
f 1220//967 1095//967 1228//967 1347//967
f 1168//967 1172//967 1299//967 1295//967
f 1116//967 1120//967 1247//967 1243//967
f 1172//967 1176//967 1303//967 1299//967
f 1224//969 1227//969 1229//969 1226//969
f 1226//970 1229//970 1230//970 1225//970
f 1225//971 1230//971 1228//971 1223//971
f 1232//972 1224//972 1226//972 1234//972
f 1234//973 1226//973 1225//973 1233//973
f 1233//974 1225//974 1223//974 1231//974
f 1236//975 1232//975 1234//975 1238//975
f 1238//976 1234//976 1233//976 1237//976
f 1237//977 1233//977 1231//977 1235//977
f 1240//978 1236//978 1238//978 1242//978
f 1242//979 1238//979 1237//979 1241//979
f 1241//980 1237//980 1235//980 1239//980
f 1244//981 1240//981 1242//981 1246//981
f 1246//982 1242//982 1241//982 1245//982
f 1245//983 1241//983 1239//983 1243//983
f 1248//984 1244//984 1246//984 1250//984
f 1250//985 1246//985 1245//985 1249//985
f 1249//986 1245//986 1243//986 1247//986
f 1252//987 1248//987 1250//987 1254//987
f 1254//988 1250//988 1249//988 1253//988
f 1253//989 1249//989 1247//989 1251//989
f 1256//990 1252//990 1254//990 1258//990
f 1258//991 1254//991 1253//991 1257//991
f 1257//992 1253//992 1251//992 1255//992
f 1260//993 1256//993 1258//993 1262//993
f 1262//994 1258//994 1257//994 1261//994
f 1261//995 1257//995 1255//995 1259//995
f 1264//996 1260//996 1262//996 1266//996
f 1266//997 1262//997 1261//997 1265//997
f 1265//998 1261//998 1259//998 1263//998
f 1268//999 1264//999 1266//999 1270//999
f 1270//1000 1266//1000 1265//1000 1269//1000
f 1269//1001 1265//1001 1263//1001 1267//1001
f 1272//1002 1268//1002 1270//1002 1274//1002
f 1274//1003 1270//1003 1269//1003 1273//1003
f 1273//1004 1269//1004 1267//1004 1271//1004
f 1276//1005 1272//1005 1274//1005 1278//1005
f 1278//1006 1274//1006 1273//1006 1277//1006
f 1277//1007 1273//1007 1271//1007 1275//1007
f 1280//1008 1276//1008 1278//1008 1282//1008
f 1282//1009 1278//1009 1277//1009 1281//1009
f 1281//1010 1277//1010 1275//1010 1279//1010
f 1284//1011 1280//1011 1282//1011 1286//1011
f 1286//1012 1282//1012 1281//1012 1285//1012
f 1285//1013 1281//1013 1279//1013 1283//1013
f 1288//1014 1284//1014 1286//1014 1290//1014
f 1290//1015 1286//1015 1285//1015 1289//1015
f 1289//1016 1285//1016 1283//1016 1287//1016
f 1292//1017 1288//1017 1290//1017 1294//1017
f 1294//1018 1290//1018 1289//1018 1293//1018
f 1293//1019 1289//1019 1287//1019 1291//1019
f 1296//1020 1292//1020 1294//1020 1298//1020
f 1298//1021 1294//1021 1293//1021 1297//1021
f 1297//1022 1293//1022 1291//1022 1295//1022
f 1300//1023 1296//1023 1298//1023 1302//1023
f 1302//1024 1298//1024 1297//1024 1301//1024
f 1301//1025 1297//1025 1295//1025 1299//1025
f 1304//1026 1300//1026 1302//1026 1306//1026
f 1306//1027 1302//1027 1301//1027 1305//1027
f 1305//1028 1301//1028 1299//1028 1303//1028
f 1308//1029 1304//1029 1306//1029 1310//1029
f 1310//1030 1306//1030 1305//1030 1309//1030
f 1309//1031 1305//1031 1303//1031 1307//1031
f 1312//1032 1308//1032 1310//1032 1314//1032
f 1314//1033 1310//1033 1309//1033 1313//1033
f 1313//1034 1309//1034 1307//1034 1311//1034
f 1316//1035 1312//1035 1314//1035 1318//1035
f 1318//1036 1314//1036 1313//1036 1317//1036
f 1317//1037 1313//1037 1311//1037 1315//1037
f 1320//1038 1316//1038 1318//1038 1322//1038
f 1322//1039 1318//1039 1317//1039 1321//1039
f 1321//1040 1317//1040 1315//1040 1319//1040
f 1324//1041 1320//1041 1322//1041 1326//1041
f 1326//1042 1322//1042 1321//1042 1325//1042
f 1325//1043 1321//1043 1319//1043 1323//1043
f 1328//1044 1324//1044 1326//1044 1330//1044
f 1330//1045 1326//1045 1325//1045 1329//1045
f 1329//1046 1325//1046 1323//1046 1327//1046
f 1332//1047 1328//1047 1330//1047 1334//1047
f 1334//1048 1330//1048 1329//1048 1333//1048
f 1333//1049 1329//1049 1327//1049 1331//1049
f 1336//1050 1332//1050 1334//1050 1338//1050
f 1338//1051 1334//1051 1333//1051 1337//1051
f 1337//1052 1333//1052 1331//1052 1335//1052
f 1340//1053 1336//1053 1338//1053 1342//1053
f 1342//1054 1338//1054 1337//1054 1341//1054
f 1341//1055 1337//1055 1335//1055 1339//1055
f 1344//1056 1340//1056 1342//1056 1346//1056
f 1346//1057 1342//1057 1341//1057 1345//1057
f 1345//1058 1341//1058 1339//1058 1343//1058
f 1348//1059 1344//1059 1346//1059 1350//1059
f 1350//1060 1346//1060 1345//1060 1349//1060
f 1349//1061 1345//1061 1343//1061 1347//1061
f 1227//1062 1348//1062 1350//1062 1229//1062
f 1229//1063 1350//1063 1349//1063 1230//1063
f 1230//1064 1349//1064 1347//1064 1228//1064
f 1100//1065 1095//1065 1097//1065 1102//1065
f 1102//1018 1097//1018 1098//1018 1101//1018
f 1101//1017 1098//1017 1096//1017 1099//1017
f 1104//1022 1100//1022 1102//1022 1106//1022
f 1106//1021 1102//1021 1101//1021 1105//1021
f 1105//1020 1101//1020 1099//1020 1103//1020
f 1108//1066 1104//1066 1106//1066 1110//1066
f 1110//1024 1106//1024 1105//1024 1109//1024
f 1109//1023 1105//1023 1103//1023 1107//1023
f 1112//1028 1108//1028 1110//1028 1114//1028
f 1114//1027 1110//1027 1109//1027 1113//1027
f 1113//1026 1109//1026 1107//1026 1111//1026
f 1116//1031 1112//1031 1114//1031 1118//1031
f 1118//1030 1114//1030 1113//1030 1117//1030
f 1117//1029 1113//1029 1111//1029 1115//1029
f 1120//1034 1116//1034 1118//1034 1122//1034
f 1122//1033 1118//1033 1117//1033 1121//1033
f 1121//1032 1117//1032 1115//1032 1119//1032
f 1124//1037 1120//1037 1122//1037 1126//1037
f 1126//1067 1122//1067 1121//1067 1125//1067
f 1125//1035 1121//1035 1119//1035 1123//1035
f 1128//1040 1124//1040 1126//1040 1130//1040
f 1130//1039 1126//1039 1125//1039 1129//1039
f 1129//1038 1125//1038 1123//1038 1127//1038
f 1132//1043 1128//1043 1130//1043 1134//1043
f 1134//1042 1130//1042 1129//1042 1133//1042
f 1133//1041 1129//1041 1127//1041 1131//1041
f 1136//1046 1132//1046 1134//1046 1138//1046
f 1138//1068 1134//1068 1133//1068 1137//1068
f 1137//1044 1133//1044 1131//1044 1135//1044
f 1140//1049 1136//1049 1138//1049 1142//1049
f 1142//1048 1138//1048 1137//1048 1141//1048
f 1141//1047 1137//1047 1135//1047 1139//1047
f 1144//1052 1140//1052 1142//1052 1146//1052
f 1146//1051 1142//1051 1141//1051 1145//1051
f 1145//1050 1141//1050 1139//1050 1143//1050
f 1148//1055 1144//1055 1146//1055 1150//1055
f 1150//1054 1146//1054 1145//1054 1149//1054
f 1149//1053 1145//1053 1143//1053 1147//1053
f 1152//1058 1148//1058 1150//1058 1154//1058
f 1154//1057 1150//1057 1149//1057 1153//1057
f 1153//1056 1149//1056 1147//1056 1151//1056
f 1156//1069 1152//1069 1154//1069 1158//1069
f 1158//1060 1154//1060 1153//1060 1157//1060
f 1157//1059 1153//1059 1151//1059 1155//1059
f 1160//1064 1156//1064 1158//1064 1162//1064
f 1162//1063 1158//1063 1157//1063 1161//1063
f 1161//1062 1157//1062 1155//1062 1159//1062
f 1164//1070 1160//1070 1162//1070 1166//1070
f 1166//970 1162//970 1161//970 1165//970
f 1165//969 1161//969 1159//969 1163//969
f 1168//974 1164//974 1166//974 1170//974
f 1170//973 1166//973 1165//973 1169//973
f 1169//972 1165//972 1163//972 1167//972
f 1172//977 1168//977 1170//977 1174//977
f 1174//976 1170//976 1169//976 1173//976
f 1173//975 1169//975 1167//975 1171//975
f 1176//980 1172//980 1174//980 1178//980
f 1178//979 1174//979 1173//979 1177//979
f 1177//978 1173//978 1171//978 1175//978
f 1180//983 1176//983 1178//983 1182//983
f 1182//982 1178//982 1177//982 1181//982
f 1181//981 1177//981 1175//981 1179//981
f 1184//986 1180//986 1182//986 1186//986
f 1186//1071 1182//1071 1181//1071 1185//1071
f 1185//984 1181//984 1179//984 1183//984
f 1188//989 1184//989 1186//989 1190//989
f 1190//988 1186//988 1185//988 1189//988
f 1189//987 1185//987 1183//987 1187//987
f 1192//992 1188//992 1190//992 1194//992
f 1194//991 1190//991 1189//991 1193//991
f 1193//990 1189//990 1187//990 1191//990
f 1196//995 1192//995 1194//995 1198//995
f 1198//994 1194//994 1193//994 1197//994
f 1197//993 1193//993 1191//993 1195//993
f 1200//998 1196//998 1198//998 1202//998
f 1202//997 1198//997 1197//997 1201//997
f 1201//996 1197//996 1195//996 1199//996
f 1204//1001 1200//1001 1202//1001 1206//1001
f 1206//1000 1202//1000 1201//1000 1205//1000
f 1205//999 1201//999 1199//999 1203//999
f 1208//1004 1204//1004 1206//1004 1210//1004
f 1210//1003 1206//1003 1205//1003 1209//1003
f 1209//1002 1205//1002 1203//1002 1207//1002
f 1212//1007 1208//1007 1210//1007 1214//1007
f 1214//1006 1210//1006 1209//1006 1213//1006
f 1213//1005 1209//1005 1207//1005 1211//1005
f 1216//1010 1212//1010 1214//1010 1218//1010
f 1218//1009 1214//1009 1213//1009 1217//1009
f 1217//1008 1213//1008 1211//1008 1215//1008
f 1220//1072 1216//1072 1218//1072 1222//1072
f 1222//1012 1218//1012 1217//1012 1221//1012
f 1221//1011 1217//1011 1215//1011 1219//1011
f 1095//1016 1220//1016 1222//1016 1097//1016
f 1097//1015 1222//1015 1221//1015 1098//1015
f 1098//1014 1221//1014 1219//1014 1096//1014
f 1099//789 1096//789 1064//789 1063//789
o Cylinder.002_Cylinder.012
v -0.104101 0.731744 1.019901
v -0.104101 0.740772 1.010829
v -0.104101 0.732186 1.017098
v -0.104101 0.733468 1.014569
v -0.104101 0.735465 1.012562
v -0.104101 0.737982 1.011273
v -0.095811 0.731744 1.020718
v -0.094041 0.740772 1.011820
v -0.095264 0.732186 1.017968
v -0.094771 0.733468 1.015488
v -0.094379 0.735465 1.013519
v -0.094128 0.737982 1.012255
v -0.087840 0.731744 1.023136
v -0.084369 0.740772 1.014754
v -0.086768 0.732186 1.020546
v -0.085800 0.733468 1.018209
v -0.085032 0.735465 1.016355
v -0.084539 0.737982 1.015164
v -0.080495 0.731744 1.027062
v -0.075454 0.740772 1.019519
v -0.078937 0.732186 1.024731
v -0.077532 0.733468 1.022628
v -0.076417 0.735465 1.020959
v -0.075701 0.737982 1.019888
v -0.074056 0.731744 1.032346
v -0.067641 0.740772 1.025931
v -0.072074 0.732186 1.030364
v -0.070285 0.733468 1.028576
v -0.068866 0.735465 1.027156
v -0.067955 0.737982 1.026245
v -0.068772 0.731744 1.038785
v -0.061228 0.740772 1.033745
v -0.066441 0.732186 1.037227
v -0.064338 0.733468 1.035822
v -0.062669 0.735465 1.034707
v -0.061598 0.737982 1.033991
v -0.064845 0.731744 1.046131
v -0.056464 0.740772 1.042659
v -0.062255 0.732186 1.045058
v -0.059919 0.733468 1.044090
v -0.058064 0.735465 1.043322
v -0.056874 0.737982 1.042829
v -0.062427 0.731744 1.054102
v -0.053529 0.740772 1.052332
v -0.059678 0.732186 1.053555
v -0.057197 0.733468 1.053061
v -0.055229 0.735465 1.052670
v -0.053965 0.737982 1.052418
v -0.061611 0.731744 1.062391
v -0.052539 0.740772 1.062391
v -0.058807 0.732186 1.062391
v -0.056278 0.733468 1.062391
v -0.054271 0.735465 1.062391
v -0.052983 0.737982 1.062391
v -0.062427 0.731744 1.070680
v -0.053529 0.740772 1.072450
v -0.059678 0.732186 1.071227
v -0.057197 0.733468 1.071721
v -0.055229 0.735465 1.072112
v -0.053965 0.737982 1.072363
v -0.064845 0.731744 1.078651
v -0.056464 0.740772 1.082123
v -0.062255 0.732186 1.079724
v -0.059919 0.733468 1.080692
v -0.058064 0.735465 1.081460
v -0.056874 0.737982 1.081953
v -0.068772 0.731744 1.085997
v -0.061228 0.740772 1.091037
v -0.066441 0.732186 1.087554
v -0.064338 0.733468 1.088959
v -0.062669 0.735465 1.090075
v -0.061598 0.737982 1.090791
v -0.074056 0.731744 1.092436
v -0.067641 0.740772 1.098851
v -0.072074 0.732186 1.094418
v -0.070285 0.733468 1.096206
v -0.068866 0.735465 1.097625
v -0.067955 0.737982 1.098537
v -0.080495 0.731744 1.097720
v -0.075454 0.740772 1.105263
v -0.078937 0.732186 1.100051
v -0.077532 0.733468 1.102154
v -0.076417 0.735465 1.103822
v -0.075701 0.737982 1.104894
v -0.087840 0.731744 1.101646
v -0.084369 0.740772 1.110028
v -0.086768 0.732186 1.104236
v -0.085800 0.733468 1.106573
v -0.085032 0.735465 1.108427
v -0.084539 0.737982 1.109618
v -0.095811 0.731744 1.104064
v -0.094041 0.740772 1.112962
v -0.095264 0.732186 1.106814
v -0.094771 0.733468 1.109294
v -0.094379 0.735465 1.111263
v -0.094128 0.737982 1.112527
v -0.104101 0.731744 1.104881
v -0.104101 0.740772 1.113953
v -0.104101 0.732186 1.107684
v -0.104101 0.733468 1.110213
v -0.104101 0.735465 1.112220
v -0.104101 0.737982 1.113509
v -0.112390 0.731744 1.104064
v -0.114160 0.740772 1.112962
v -0.112937 0.732186 1.106814
v -0.113430 0.733468 1.109294
v -0.113822 0.735465 1.111263
v -0.114073 0.737982 1.112527
v -0.120361 0.731744 1.101646
v -0.123832 0.740772 1.110028
v -0.121433 0.732186 1.104236
v -0.122401 0.733468 1.106573
v -0.123169 0.735465 1.108427
v -0.123663 0.737982 1.109618
v -0.127707 0.731744 1.097720
v -0.132747 0.740772 1.105263
v -0.129264 0.732186 1.100051
v -0.130669 0.733468 1.102154
v -0.131784 0.735465 1.103822
v -0.132500 0.737982 1.104894
v -0.134145 0.731744 1.092436
v -0.140560 0.740772 1.098851
v -0.136128 0.732186 1.094418
v -0.137916 0.733468 1.096206
v -0.139335 0.735465 1.097625
v -0.140246 0.737982 1.098537
v -0.139429 0.731744 1.085997
v -0.146973 0.740772 1.091037
v -0.141760 0.732186 1.087554
v -0.143863 0.733468 1.088959
v -0.145532 0.735465 1.090075
v -0.146603 0.737982 1.090790
v -0.143356 0.731744 1.078651
v -0.151738 0.740772 1.082123
v -0.145946 0.732186 1.079724
v -0.148282 0.733468 1.080692
v -0.150137 0.735465 1.081460
v -0.151327 0.737982 1.081953
v -0.145774 0.731744 1.070680
v -0.154672 0.740772 1.072450
v -0.148523 0.732186 1.071227
v -0.151004 0.733468 1.071720
v -0.152972 0.735465 1.072112
v -0.154236 0.737982 1.072363
v -0.146590 0.731744 1.062391
v -0.155662 0.740772 1.062391
v -0.149394 0.732186 1.062391
v -0.151923 0.733468 1.062391
v -0.153930 0.735465 1.062391
v -0.155218 0.737982 1.062391
v -0.145774 0.731744 1.054102
v -0.154672 0.740772 1.052332
v -0.148523 0.732186 1.053555
v -0.151004 0.733468 1.053061
v -0.152972 0.735465 1.052670
v -0.154236 0.737982 1.052418
v -0.143356 0.731744 1.046131
v -0.151737 0.740772 1.042659
v -0.145946 0.732186 1.045058
v -0.148282 0.733468 1.044090
v -0.150137 0.735465 1.043322
v -0.151327 0.737982 1.042829
v -0.139429 0.731744 1.038785
v -0.146973 0.740772 1.033745
v -0.141760 0.732186 1.037227
v -0.143863 0.733468 1.035822
v -0.145532 0.735465 1.034707
v -0.146603 0.737982 1.033991
v -0.134145 0.731744 1.032346
v -0.140560 0.740772 1.025931
v -0.136128 0.732186 1.030364
v -0.137916 0.733468 1.028576
v -0.139335 0.735465 1.027156
v -0.140246 0.737982 1.026245
v -0.127706 0.731744 1.027062
v -0.132747 0.740772 1.019519
v -0.129264 0.732186 1.024731
v -0.130669 0.733468 1.022628
v -0.131784 0.735465 1.020959
v -0.132500 0.737982 1.019888
v -0.120361 0.731744 1.023136
v -0.123832 0.740772 1.014754
v -0.121433 0.732186 1.020546
v -0.122401 0.733468 1.018209
v -0.123169 0.735465 1.016355
v -0.123662 0.737982 1.015164
v -0.112390 0.731744 1.020718
v -0.114160 0.740772 1.011820
v -0.112937 0.732186 1.017968
v -0.113430 0.733468 1.015488
v -0.113822 0.735465 1.013519
v -0.114073 0.737982 1.012255
v -0.096262 0.849217 1.022983
v -0.104101 0.849217 1.022211
v -0.088724 0.849217 1.025270
v -0.081778 0.849217 1.028983
v -0.075689 0.849217 1.033980
v -0.070692 0.849217 1.040068
v -0.066979 0.849217 1.047015
v -0.064693 0.849217 1.054552
v -0.063921 0.849217 1.062391
v -0.064693 0.849217 1.070230
v -0.066979 0.849217 1.077767
v -0.070692 0.849217 1.084714
v -0.075689 0.849217 1.090802
v -0.081778 0.849217 1.095799
v -0.088724 0.849217 1.099512
v -0.096262 0.849217 1.101799
v -0.104101 0.849217 1.102571
v -0.111939 0.849217 1.101799
v -0.119477 0.849217 1.099512
v -0.126423 0.849217 1.095799
v -0.132512 0.849217 1.090802
v -0.137509 0.849217 1.084714
v -0.141222 0.849217 1.077767
v -0.143508 0.849217 1.070230
v -0.144280 0.849217 1.062391
v -0.143508 0.849217 1.054552
v -0.141222 0.849217 1.047015
v -0.137509 0.849217 1.040068
v -0.132512 0.849217 1.033979
v -0.126423 0.849217 1.028983
v -0.119477 0.849217 1.025270
v -0.111939 0.849217 1.022983
v -0.104101 0.879066 1.017866
v -0.104101 0.874742 1.022211
v -0.104101 0.878487 1.020039
v -0.104101 0.876904 1.021629
v -0.096262 0.874742 1.022983
v -0.095414 0.879066 1.018722
v -0.096148 0.876904 1.022412
v -0.095838 0.878487 1.020852
v -0.088724 0.874742 1.025270
v -0.087062 0.879066 1.021255
v -0.088502 0.876904 1.024732
v -0.087893 0.878487 1.023263
v -0.081778 0.874742 1.028983
v -0.079364 0.879066 1.025370
v -0.081454 0.876904 1.028499
v -0.080571 0.878487 1.027176
v -0.075689 0.874742 1.033980
v -0.072617 0.879066 1.030907
v -0.075278 0.876904 1.033568
v -0.074153 0.878487 1.032443
v -0.070692 0.874742 1.040068
v -0.067080 0.879066 1.037654
v -0.070208 0.876904 1.039745
v -0.068886 0.878487 1.038861
v -0.066979 0.874742 1.047015
v -0.062965 0.879066 1.045352
v -0.066441 0.876904 1.046792
v -0.064972 0.878487 1.046183
v -0.064693 0.874742 1.054552
v -0.060431 0.879066 1.053705
v -0.064122 0.876904 1.054439
v -0.062562 0.878487 1.054128
v -0.063921 0.874742 1.062391
v -0.059576 0.879066 1.062391
v -0.063339 0.876904 1.062391
v -0.061748 0.878487 1.062391
v -0.064693 0.874742 1.070230
v -0.060431 0.879066 1.071077
v -0.064122 0.876904 1.070343
v -0.062562 0.878487 1.070653
v -0.066979 0.874742 1.077767
v -0.062965 0.879066 1.079430
v -0.066441 0.876904 1.077990
v -0.064972 0.878487 1.078598
v -0.070692 0.874742 1.084714
v -0.067080 0.879066 1.087128
v -0.070208 0.876904 1.085037
v -0.068886 0.878487 1.085921
v -0.075689 0.874742 1.090802
v -0.072617 0.879066 1.093875
v -0.075278 0.876904 1.091214
v -0.074153 0.878487 1.092339
v -0.081778 0.874742 1.095799
v -0.079364 0.879066 1.099412
v -0.081454 0.876904 1.096283
v -0.080571 0.878487 1.097606
v -0.088724 0.874742 1.099512
v -0.087062 0.879066 1.103526
v -0.088502 0.876904 1.100050
v -0.087893 0.878487 1.101519
v -0.096262 0.874742 1.101799
v -0.095414 0.879066 1.106060
v -0.096148 0.876904 1.102370
v -0.095838 0.878487 1.103929
v -0.104101 0.874742 1.102571
v -0.104101 0.879066 1.106916
v -0.104101 0.876904 1.103153
v -0.104101 0.878487 1.104743
v -0.111939 0.874742 1.101799
v -0.112787 0.879066 1.106060
v -0.112053 0.876904 1.102370
v -0.112363 0.878487 1.103929
v -0.119477 0.874742 1.099512
v -0.121139 0.879066 1.103526
v -0.119699 0.876904 1.100050
v -0.120308 0.878487 1.101519
v -0.126423 0.874742 1.095799
v -0.128837 0.879066 1.099412
v -0.126747 0.876904 1.096283
v -0.127630 0.878487 1.097606
v -0.132512 0.874742 1.090802
v -0.135584 0.879066 1.093875
v -0.132924 0.876904 1.091214
v -0.134048 0.878487 1.092338
v -0.137509 0.874742 1.084714
v -0.141122 0.879066 1.087127
v -0.137993 0.876904 1.085037
v -0.139315 0.878487 1.085921
v -0.141222 0.874742 1.077767
v -0.145236 0.879066 1.079430
v -0.141760 0.876904 1.077990
v -0.143229 0.878487 1.078598
v -0.143508 0.874742 1.070230
v -0.147770 0.879066 1.071077
v -0.144079 0.876904 1.070343
v -0.145639 0.878487 1.070653
v -0.144280 0.874742 1.062391
v -0.148625 0.879066 1.062391
v -0.144863 0.876904 1.062391
v -0.146453 0.878487 1.062391
v -0.143508 0.874742 1.054552
v -0.147770 0.879066 1.053705
v -0.144079 0.876904 1.054439
v -0.145639 0.878487 1.054128
v -0.141222 0.874742 1.047015
v -0.145236 0.879066 1.045352
v -0.141760 0.876904 1.046792
v -0.143229 0.878487 1.046183
v -0.137509 0.874742 1.040068
v -0.141121 0.879066 1.037654
v -0.137993 0.876904 1.039745
v -0.139315 0.878487 1.038861
v -0.132512 0.874742 1.033979
v -0.135584 0.879066 1.030907
v -0.132924 0.876904 1.033568
v -0.134048 0.878487 1.032443
v -0.126423 0.874742 1.028983
v -0.128837 0.879066 1.025370
v -0.126747 0.876904 1.028499
v -0.127630 0.878487 1.027176
v -0.119477 0.874742 1.025270
v -0.121139 0.879066 1.021255
v -0.119699 0.876904 1.024732
v -0.120308 0.878487 1.023263
v -0.111939 0.874742 1.022983
v -0.112787 0.879066 1.018722
v -0.112053 0.876904 1.022412
v -0.112363 0.878487 1.020852
v -0.094889 0.879066 1.016081
v -0.094041 0.874742 1.011820
v -0.094465 0.878487 1.013950
v -0.094155 0.876904 1.012391
v -0.104101 0.874742 1.010829
v -0.104101 0.879066 1.015174
v -0.104101 0.876904 1.011411
v -0.104101 0.878487 1.013002
v -0.086031 0.879066 1.018768
v -0.084369 0.874742 1.014754
v -0.085200 0.878487 1.016761
v -0.084591 0.876904 1.015292
v -0.077868 0.879066 1.023131
v -0.075454 0.874742 1.019519
v -0.076661 0.878487 1.021325
v -0.075778 0.876904 1.020003
v -0.070713 0.879066 1.029004
v -0.067641 0.874742 1.025931
v -0.069177 0.878487 1.027467
v -0.068052 0.876904 1.026343
v -0.064841 0.879066 1.036159
v -0.061228 0.874742 1.033745
v -0.063035 0.878487 1.034952
v -0.061712 0.876904 1.034068
v -0.060478 0.879066 1.044322
v -0.056464 0.874742 1.042659
v -0.058471 0.878487 1.043490
v -0.057001 0.876904 1.042882
v -0.057791 0.879066 1.053179
v -0.053529 0.874742 1.052332
v -0.055660 0.878487 1.052755
v -0.054100 0.876904 1.052445
v -0.056884 0.879066 1.062391
v -0.052539 0.874742 1.062391
v -0.054711 0.878487 1.062391
v -0.053121 0.876904 1.062391
v -0.057791 0.879066 1.071602
v -0.053529 0.874742 1.072450
v -0.055660 0.878487 1.072026
v -0.054100 0.876904 1.072337
v -0.060478 0.879066 1.080460
v -0.056464 0.874742 1.082123
v -0.058471 0.878487 1.081291
v -0.057001 0.876904 1.081900
v -0.064841 0.879066 1.088623
v -0.061228 0.874742 1.091037
v -0.063035 0.878487 1.089830
v -0.061712 0.876904 1.090714
v -0.070713 0.879066 1.095778
v -0.067641 0.874742 1.098851
v -0.069177 0.878487 1.097314
v -0.068052 0.876904 1.098439
v -0.077868 0.879066 1.101650
v -0.075454 0.874742 1.105263
v -0.076661 0.878487 1.103457
v -0.075778 0.876904 1.104779
v -0.086031 0.879066 1.106014
v -0.084369 0.874742 1.110028
v -0.085200 0.878487 1.108021
v -0.084591 0.876904 1.109490
v -0.094889 0.879066 1.108701
v -0.094041 0.874742 1.112962
v -0.094465 0.878487 1.110831
v -0.094155 0.876904 1.112391
v -0.104101 0.879066 1.109608
v -0.104101 0.874742 1.113953
v -0.104101 0.878487 1.111780
v -0.104101 0.876904 1.113371
v -0.113312 0.879066 1.108701
v -0.114160 0.874742 1.112962
v -0.113736 0.878487 1.110831
v -0.114046 0.876904 1.112391
v -0.122170 0.879066 1.106014
v -0.123832 0.874742 1.110028
v -0.123001 0.878487 1.108021
v -0.123610 0.876904 1.109490
v -0.130333 0.879066 1.101650
v -0.132747 0.874742 1.105263
v -0.131540 0.878487 1.103457
v -0.132423 0.876904 1.104779
v -0.137488 0.879066 1.095778
v -0.140560 0.874742 1.098851
v -0.139024 0.878487 1.097314
v -0.140149 0.876904 1.098439
v -0.143360 0.879066 1.088623
v -0.146973 0.874742 1.091037
v -0.145166 0.878487 1.089830
v -0.146489 0.876904 1.090714
v -0.147723 0.879066 1.080460
v -0.151738 0.874742 1.082123
v -0.149730 0.878487 1.081291
v -0.151200 0.876904 1.081900
v -0.150410 0.879066 1.071602
v -0.154672 0.874742 1.072450
v -0.152541 0.878487 1.072026
v -0.154101 0.876904 1.072337
v -0.151318 0.879066 1.062391
v -0.155662 0.874742 1.062391
v -0.153490 0.878487 1.062391
v -0.155080 0.876904 1.062391
v -0.150410 0.879066 1.053179
v -0.154672 0.874742 1.052332
v -0.152541 0.878487 1.052755
v -0.154101 0.876904 1.052445
v -0.147723 0.879066 1.044322
v -0.151737 0.874742 1.042659
v -0.149730 0.878487 1.043490
v -0.151200 0.876904 1.042882
v -0.143360 0.879066 1.036159
v -0.146973 0.874742 1.033745
v -0.145166 0.878487 1.034952
v -0.146489 0.876904 1.034068
v -0.137488 0.879066 1.029003
v -0.140560 0.874742 1.025931
v -0.139024 0.878487 1.027467
v -0.140149 0.876904 1.026343
v -0.130333 0.879066 1.023131
v -0.132747 0.874742 1.019519
v -0.131540 0.878487 1.021325
v -0.132423 0.876904 1.020003
v -0.122170 0.879066 1.018768
v -0.123832 0.874742 1.014754
v -0.123001 0.878487 1.016761
v -0.123610 0.876904 1.015292
v -0.113312 0.879066 1.016081
v -0.114160 0.874742 1.011820
v -0.113736 0.878487 1.013950
v -0.114046 0.876904 1.012391
vn 0.4714 0.0000 -0.8819
vn 0.6344 0.0000 -0.7730
vn 0.7730 0.0000 -0.6344
vn 0.8819 0.0000 -0.4714
vn 0.9569 0.0000 -0.2903
vn 0.9952 0.0000 -0.0980
vn 0.9952 0.0000 0.0980
vn 0.9569 0.0000 0.2903
vn 0.8819 0.0000 0.4714
vn 0.7730 0.0000 0.6344
vn 0.6344 0.0000 0.7730
vn 0.4714 0.0000 0.8819
vn 0.2903 0.0000 0.9569
vn 0.0980 0.0000 0.9952
vn -0.0980 0.0000 0.9952
vn -0.2903 0.0000 0.9569
vn -0.4714 0.0000 0.8819
vn -0.6344 0.0000 0.7730
vn -0.7730 0.0000 0.6344
vn -0.8819 0.0000 0.4714
vn -0.9569 0.0000 0.2903
vn -0.9952 0.0000 0.0980
vn -0.9952 0.0000 -0.0980
vn -0.9569 0.0000 -0.2903
vn -0.8819 0.0000 -0.4714
vn -0.7730 0.0000 -0.6344
vn -0.6344 0.0000 -0.7730
vn -0.4714 0.0000 -0.8819
vn -0.2903 0.0000 -0.9569
vn -0.0980 0.0000 -0.9952
vn 0.2903 0.0000 -0.9569
vn 0.0968 -0.1564 -0.9829
vn 0.0873 -0.4540 -0.8867
vn 0.0693 -0.7071 -0.7037
vn 0.0445 -0.8910 -0.4518
vn 0.0153 -0.9877 -0.1557
vn 0.2867 -0.1564 -0.9452
vn 0.2587 -0.4540 -0.8526
vn 0.2053 -0.7071 -0.6767
vn 0.1318 -0.8910 -0.4345
vn 0.0454 -0.9877 -0.1497
vn 0.4656 -0.1564 -0.8711
vn 0.4200 -0.4540 -0.7858
vn 0.3333 -0.7071 -0.6236
vn 0.2140 -0.8910 -0.4004
vn 0.0737 -0.9877 -0.1379
vn 0.6266 -0.1564 -0.7635
vn 0.5652 -0.4540 -0.6888
vn 0.4486 -0.7071 -0.5466
vn 0.2880 -0.8910 -0.3510
vn 0.0992 -0.9877 -0.1209
vn 0.7635 -0.1564 -0.6266
vn 0.6888 -0.4540 -0.5652
vn 0.5466 -0.7071 -0.4486
vn 0.3509 -0.8910 -0.2880
vn 0.1209 -0.9877 -0.0992
vn 0.8711 -0.1564 -0.4656
vn 0.7858 -0.4540 -0.4200
vn 0.6236 -0.7071 -0.3333
vn 0.4004 -0.8910 -0.2140
vn 0.1380 -0.9877 -0.0737
vn 0.9452 -0.1564 -0.2867
vn 0.8526 -0.4540 -0.2586
vn 0.6767 -0.7071 -0.2053
vn 0.4345 -0.8910 -0.1318
vn 0.1497 -0.9877 -0.0454
vn 0.9829 -0.1564 -0.0968
vn 0.8867 -0.4540 -0.0873
vn 0.7037 -0.7071 -0.0693
vn 0.4518 -0.8910 -0.0445
vn 0.1557 -0.9877 -0.0153
vn 0.9829 -0.1564 0.0968
vn 0.8867 -0.4540 0.0873
vn 0.7037 -0.7071 0.0693
vn 0.4518 -0.8910 0.0445
vn 0.1557 -0.9877 0.0153
vn 0.9452 -0.1564 0.2867
vn 0.8526 -0.4540 0.2586
vn 0.6767 -0.7071 0.2053
vn 0.4345 -0.8910 0.1318
vn 0.1497 -0.9877 0.0454
vn 0.8711 -0.1564 0.4656
vn 0.7858 -0.4540 0.4200
vn 0.6236 -0.7071 0.3333
vn 0.4004 -0.8910 0.2140
vn 0.1379 -0.9877 0.0737
vn 0.7635 -0.1564 0.6266
vn 0.6888 -0.4540 0.5652
vn 0.5466 -0.7071 0.4486
vn 0.3509 -0.8910 0.2880
vn 0.1209 -0.9877 0.0992
vn 0.6266 -0.1564 0.7635
vn 0.5652 -0.4540 0.6887
vn 0.4486 -0.7071 0.5466
vn 0.2880 -0.8910 0.3509
vn 0.0992 -0.9877 0.1209
vn 0.4656 -0.1564 0.8711
vn 0.4200 -0.4540 0.7858
vn 0.3333 -0.7071 0.6236
vn 0.2140 -0.8910 0.4004
vn 0.0737 -0.9877 0.1380
vn 0.2867 -0.1564 0.9452
vn 0.2587 -0.4540 0.8526
vn 0.2053 -0.7071 0.6767
vn 0.1318 -0.8910 0.4345
vn 0.0454 -0.9877 0.1497
vn 0.0968 -0.1564 0.9829
vn 0.0873 -0.4540 0.8867
vn 0.0693 -0.7071 0.7037
vn 0.0445 -0.8910 0.4518
vn 0.0153 -0.9877 0.1557
vn -0.0968 -0.1564 0.9829
vn -0.0873 -0.4540 0.8867
vn -0.0693 -0.7071 0.7037
vn -0.0445 -0.8910 0.4518
vn -0.0153 -0.9877 0.1557
vn -0.2867 -0.1564 0.9452
vn -0.2587 -0.4540 0.8526
vn -0.2053 -0.7071 0.6767
vn -0.1318 -0.8910 0.4344
vn -0.0454 -0.9877 0.1497
vn -0.4656 -0.1564 0.8711
vn -0.4200 -0.4540 0.7858
vn -0.3333 -0.7071 0.6236
vn -0.2140 -0.8910 0.4004
vn -0.0737 -0.9877 0.1380
vn -0.6266 -0.1564 0.7635
vn -0.5652 -0.4540 0.6888
vn -0.4486 -0.7071 0.5466
vn -0.2880 -0.8910 0.3509
vn -0.0992 -0.9877 0.1209
vn -0.7635 -0.1564 0.6266
vn -0.6888 -0.4540 0.5652
vn -0.5466 -0.7071 0.4486
vn -0.3509 -0.8910 0.2880
vn -0.1209 -0.9877 0.0992
vn -0.8711 -0.1564 0.4656
vn -0.7858 -0.4540 0.4200
vn -0.6236 -0.7071 0.3333
vn -0.4004 -0.8910 0.2140
vn -0.1380 -0.9877 0.0737
vn -0.9452 -0.1564 0.2867
vn -0.8526 -0.4540 0.2586
vn -0.6767 -0.7071 0.2053
vn -0.4344 -0.8910 0.1318
vn -0.1497 -0.9877 0.0454
vn -0.9829 -0.1564 0.0968
vn -0.8867 -0.4540 0.0873
vn -0.7037 -0.7071 0.0693
vn -0.4518 -0.8910 0.0445
vn -0.1557 -0.9877 0.0153
vn -0.9829 -0.1564 -0.0968
vn -0.8867 -0.4540 -0.0873
vn -0.7037 -0.7071 -0.0693
vn -0.4518 -0.8910 -0.0445
vn -0.1557 -0.9877 -0.0153
vn -0.9452 -0.1564 -0.2867
vn -0.8526 -0.4540 -0.2587
vn -0.6767 -0.7071 -0.2053
vn -0.4345 -0.8910 -0.1318
vn -0.1497 -0.9877 -0.0454
vn -0.8711 -0.1564 -0.4656
vn -0.7858 -0.4540 -0.4200
vn -0.6236 -0.7071 -0.3333
vn -0.4004 -0.8910 -0.2140
vn -0.1380 -0.9877 -0.0737
vn -0.7635 -0.1564 -0.6266
vn -0.6888 -0.4540 -0.5652
vn -0.5466 -0.7071 -0.4486
vn -0.3509 -0.8910 -0.2880
vn -0.1209 -0.9877 -0.0992
vn -0.6266 -0.1564 -0.7635
vn -0.5652 -0.4540 -0.6888
vn -0.4486 -0.7071 -0.5466
vn -0.2880 -0.8910 -0.3509
vn -0.0992 -0.9877 -0.1209
vn -0.4656 -0.1564 -0.8711
vn -0.4200 -0.4540 -0.7858
vn -0.3333 -0.7071 -0.6236
vn -0.2140 -0.8910 -0.4004
vn -0.0737 -0.9877 -0.1379
vn -0.2867 -0.1564 -0.9452
vn -0.2587 -0.4540 -0.8526
vn -0.2052 -0.7071 -0.6767
vn -0.1318 -0.8910 -0.4345
vn -0.0454 -0.9877 -0.1497
vn -0.0968 -0.1564 -0.9829
vn -0.0873 -0.4540 -0.8867
vn -0.0693 -0.7071 -0.7037
vn -0.0445 -0.8910 -0.4518
vn -0.0153 -0.9877 -0.1557
vn 0.0000 -1.0000 0.0000
vn 0.0000 1.0000 -0.0000
vn 0.0980 0.0000 -0.9952
vn 0.0947 0.2588 -0.9613
vn 0.0693 0.7071 -0.7037
vn 0.0254 0.9659 -0.2576
vn 0.2804 0.2588 -0.9243
vn 0.2053 0.7071 -0.6767
vn 0.0751 0.9659 -0.2477
vn 0.4553 0.2588 -0.8519
vn 0.3333 0.7071 -0.6236
vn 0.1220 0.9659 -0.2282
vn 0.6128 0.2588 -0.7467
vn 0.4486 0.7071 -0.5466
vn 0.1642 0.9659 -0.2001
vn 0.7467 0.2588 -0.6128
vn 0.5466 0.7071 -0.4486
vn 0.2001 0.9659 -0.1642
vn 0.8519 0.2588 -0.4553
vn 0.6236 0.7071 -0.3333
vn 0.2283 0.9659 -0.1220
vn 0.9243 0.2588 -0.2804
vn 0.6767 0.7071 -0.2053
vn 0.2477 0.9659 -0.0751
vn 0.9613 0.2588 -0.0947
vn 0.7037 0.7071 -0.0693
vn 0.2576 0.9659 -0.0254
vn 0.9613 0.2588 0.0947
vn 0.7037 0.7071 0.0693
vn 0.2576 0.9659 0.0254
vn 0.9243 0.2588 0.2804
vn 0.6767 0.7071 0.2053
vn 0.2477 0.9659 0.0751
vn 0.8519 0.2588 0.4553
vn 0.6236 0.7071 0.3333
vn 0.2283 0.9659 0.1220
vn 0.7467 0.2588 0.6128
vn 0.5466 0.7071 0.4486
vn 0.2001 0.9659 0.1642
vn 0.6128 0.2588 0.7467
vn 0.4486 0.7071 0.5466
vn 0.1642 0.9659 0.2000
vn 0.4553 0.2588 0.8519
vn 0.3333 0.7071 0.6236
vn 0.1220 0.9659 0.2283
vn 0.2804 0.2588 0.9243
vn 0.2053 0.7071 0.6767
vn 0.0751 0.9659 0.2477
vn 0.0947 0.2588 0.9613
vn 0.0693 0.7071 0.7037
vn 0.0254 0.9659 0.2576
vn -0.0947 0.2588 0.9613
vn -0.0693 0.7071 0.7037
vn -0.0254 0.9659 0.2576
vn -0.2804 0.2588 0.9243
vn -0.2053 0.7071 0.6767
vn -0.0751 0.9659 0.2477
vn -0.4553 0.2588 0.8519
vn -0.3333 0.7071 0.6236
vn -0.1220 0.9659 0.2282
vn -0.6128 0.2588 0.7467
vn -0.4486 0.7071 0.5466
vn -0.1642 0.9659 0.2001
vn -0.7467 0.2588 0.6128
vn -0.5466 0.7071 0.4486
vn -0.2001 0.9659 0.1642
vn -0.8519 0.2588 0.4553
vn -0.6236 0.7071 0.3333
vn -0.2283 0.9659 0.1220
vn -0.9243 0.2588 0.2804
vn -0.6767 0.7071 0.2053
vn -0.2477 0.9659 0.0751
vn -0.9613 0.2588 0.0947
vn -0.7037 0.7071 0.0693
vn -0.2576 0.9659 0.0254
vn -0.9613 0.2588 -0.0947
vn -0.7037 0.7071 -0.0693
vn -0.2576 0.9659 -0.0254
vn -0.9243 0.2588 -0.2804
vn -0.6767 0.7071 -0.2053
vn -0.2477 0.9659 -0.0751
vn -0.8519 0.2588 -0.4553
vn -0.6236 0.7071 -0.3333
vn -0.2283 0.9659 -0.1220
vn -0.7467 0.2588 -0.6128
vn -0.5466 0.7071 -0.4486
vn -0.2001 0.9659 -0.1642
vn -0.6128 0.2588 -0.7467
vn -0.4486 0.7071 -0.5466
vn -0.1642 0.9659 -0.2001
vn -0.4553 0.2588 -0.8519
vn -0.3333 0.7071 -0.6236
vn -0.1220 0.9659 -0.2283
vn -0.2804 0.2588 -0.9243
vn -0.2053 0.7071 -0.6767
vn -0.0751 0.9659 -0.2477
vn -0.0947 0.2588 -0.9613
vn -0.0693 0.7071 -0.7037
vn -0.0254 0.9659 -0.2576
vn -0.6767 0.7071 0.2052
vn -0.6767 0.7071 -0.2052
vn -0.1220 0.9659 -0.2282
vn 0.6127 0.2588 -0.7467
vn 0.6767 0.7071 -0.2052
vn 0.6767 0.7071 0.2052
vn 0.1642 0.9659 0.2001
vn 0.1220 0.9659 0.2282
usemtl cup
s off
f 1364//1073 1712//1073 1716//1073 1370//1073
f 1370//1074 1716//1074 1720//1074 1376//1074
f 1376//1075 1720//1075 1724//1075 1382//1075
f 1382//1076 1724//1076 1728//1076 1388//1076
f 1388//1077 1728//1077 1732//1077 1394//1077
f 1394//1078 1732//1078 1736//1078 1400//1078
f 1400//1079 1736//1079 1740//1079 1406//1079
f 1406//1080 1740//1080 1744//1080 1412//1080
f 1412//1081 1744//1081 1748//1081 1418//1081
f 1418//1082 1748//1082 1752//1082 1424//1082
f 1424//1083 1752//1083 1756//1083 1430//1083
f 1430//1084 1756//1084 1760//1084 1436//1084
f 1436//1085 1760//1085 1764//1085 1442//1085
f 1442//1086 1764//1086 1768//1086 1448//1086
f 1448//1087 1768//1087 1772//1087 1454//1087
f 1454//1088 1772//1088 1776//1088 1460//1088
f 1460//1089 1776//1089 1780//1089 1466//1089
f 1466//1090 1780//1090 1784//1090 1472//1090
f 1472//1091 1784//1091 1788//1091 1478//1091
f 1478//1092 1788//1092 1792//1092 1484//1092
f 1484//1093 1792//1093 1796//1093 1490//1093
f 1490//1094 1796//1094 1800//1094 1496//1094
f 1496//1095 1800//1095 1804//1095 1502//1095
f 1502//1096 1804//1096 1808//1096 1508//1096
f 1508//1097 1808//1097 1812//1097 1514//1097
f 1514//1098 1812//1098 1816//1098 1520//1098
f 1520//1099 1816//1099 1820//1099 1526//1099
f 1526//1100 1820//1100 1824//1100 1532//1100
f 1532//1101 1824//1101 1828//1101 1538//1101
f 1607//1094 1603//1094 1550//1094 1551//1094
f 1538//1102 1828//1102 1707//1102 1352//1102
f 1358//1103 1704//1103 1712//1103 1364//1103
f 1352//1104 1358//1104 1362//1104 1356//1104
f 1356//1105 1362//1105 1361//1105 1355//1105
f 1355//1106 1361//1106 1360//1106 1354//1106
f 1354//1107 1360//1107 1359//1107 1353//1107
f 1353//1108 1359//1108 1357//1108 1351//1108
f 1358//1109 1364//1109 1368//1109 1362//1109
f 1362//1110 1368//1110 1367//1110 1361//1110
f 1361//1111 1367//1111 1366//1111 1360//1111
f 1360//1112 1366//1112 1365//1112 1359//1112
f 1359//1113 1365//1113 1363//1113 1357//1113
f 1364//1114 1370//1114 1374//1114 1368//1114
f 1368//1115 1374//1115 1373//1115 1367//1115
f 1367//1116 1373//1116 1372//1116 1366//1116
f 1366//1117 1372//1117 1371//1117 1365//1117
f 1365//1118 1371//1118 1369//1118 1363//1118
f 1370//1119 1376//1119 1380//1119 1374//1119
f 1374//1120 1380//1120 1379//1120 1373//1120
f 1373//1121 1379//1121 1378//1121 1372//1121
f 1372//1122 1378//1122 1377//1122 1371//1122
f 1371//1123 1377//1123 1375//1123 1369//1123
f 1376//1124 1382//1124 1386//1124 1380//1124
f 1380//1125 1386//1125 1385//1125 1379//1125
f 1379//1126 1385//1126 1384//1126 1378//1126
f 1378//1127 1384//1127 1383//1127 1377//1127
f 1377//1128 1383//1128 1381//1128 1375//1128
f 1382//1129 1388//1129 1392//1129 1386//1129
f 1386//1130 1392//1130 1391//1130 1385//1130
f 1385//1131 1391//1131 1390//1131 1384//1131
f 1384//1132 1390//1132 1389//1132 1383//1132
f 1383//1133 1389//1133 1387//1133 1381//1133
f 1388//1134 1394//1134 1398//1134 1392//1134
f 1392//1135 1398//1135 1397//1135 1391//1135
f 1391//1136 1397//1136 1396//1136 1390//1136
f 1390//1137 1396//1137 1395//1137 1389//1137
f 1389//1138 1395//1138 1393//1138 1387//1138
f 1394//1139 1400//1139 1404//1139 1398//1139
f 1398//1140 1404//1140 1403//1140 1397//1140
f 1397//1141 1403//1141 1402//1141 1396//1141
f 1396//1142 1402//1142 1401//1142 1395//1142
f 1395//1143 1401//1143 1399//1143 1393//1143
f 1400//1144 1406//1144 1410//1144 1404//1144
f 1404//1145 1410//1145 1409//1145 1403//1145
f 1403//1146 1409//1146 1408//1146 1402//1146
f 1402//1147 1408//1147 1407//1147 1401//1147
f 1401//1148 1407//1148 1405//1148 1399//1148
f 1406//1149 1412//1149 1416//1149 1410//1149
f 1410//1150 1416//1150 1415//1150 1409//1150
f 1409//1151 1415//1151 1414//1151 1408//1151
f 1408//1152 1414//1152 1413//1152 1407//1152
f 1407//1153 1413//1153 1411//1153 1405//1153
f 1412//1154 1418//1154 1422//1154 1416//1154
f 1416//1155 1422//1155 1421//1155 1415//1155
f 1415//1156 1421//1156 1420//1156 1414//1156
f 1414//1157 1420//1157 1419//1157 1413//1157
f 1413//1158 1419//1158 1417//1158 1411//1158
f 1418//1159 1424//1159 1428//1159 1422//1159
f 1422//1160 1428//1160 1427//1160 1421//1160
f 1421//1161 1427//1161 1426//1161 1420//1161
f 1420//1162 1426//1162 1425//1162 1419//1162
f 1419//1163 1425//1163 1423//1163 1417//1163
f 1424//1164 1430//1164 1434//1164 1428//1164
f 1428//1165 1434//1165 1433//1165 1427//1165
f 1427//1166 1433//1166 1432//1166 1426//1166
f 1426//1167 1432//1167 1431//1167 1425//1167
f 1425//1168 1431//1168 1429//1168 1423//1168
f 1430//1169 1436//1169 1440//1169 1434//1169
f 1434//1170 1440//1170 1439//1170 1433//1170
f 1433//1171 1439//1171 1438//1171 1432//1171
f 1432//1172 1438//1172 1437//1172 1431//1172
f 1431//1173 1437//1173 1435//1173 1429//1173
f 1436//1174 1442//1174 1446//1174 1440//1174
f 1440//1175 1446//1175 1445//1175 1439//1175
f 1439//1176 1445//1176 1444//1176 1438//1176
f 1438//1177 1444//1177 1443//1177 1437//1177
f 1437//1178 1443//1178 1441//1178 1435//1178
f 1442//1179 1448//1179 1452//1179 1446//1179
f 1446//1180 1452//1180 1451//1180 1445//1180
f 1445//1181 1451//1181 1450//1181 1444//1181
f 1444//1182 1450//1182 1449//1182 1443//1182
f 1443//1183 1449//1183 1447//1183 1441//1183
f 1448//1184 1454//1184 1458//1184 1452//1184
f 1452//1185 1458//1185 1457//1185 1451//1185
f 1451//1186 1457//1186 1456//1186 1450//1186
f 1450//1187 1456//1187 1455//1187 1449//1187
f 1449//1188 1455//1188 1453//1188 1447//1188
f 1454//1189 1460//1189 1464//1189 1458//1189
f 1458//1190 1464//1190 1463//1190 1457//1190
f 1457//1191 1463//1191 1462//1191 1456//1191
f 1456//1192 1462//1192 1461//1192 1455//1192
f 1455//1193 1461//1193 1459//1193 1453//1193
f 1460//1194 1466//1194 1470//1194 1464//1194
f 1464//1195 1470//1195 1469//1195 1463//1195
f 1463//1196 1469//1196 1468//1196 1462//1196
f 1462//1197 1468//1197 1467//1197 1461//1197
f 1461//1198 1467//1198 1465//1198 1459//1198
f 1466//1199 1472//1199 1476//1199 1470//1199
f 1470//1200 1476//1200 1475//1200 1469//1200
f 1469//1201 1475//1201 1474//1201 1468//1201
f 1468//1202 1474//1202 1473//1202 1467//1202
f 1467//1203 1473//1203 1471//1203 1465//1203
f 1472//1204 1478//1204 1482//1204 1476//1204
f 1476//1205 1482//1205 1481//1205 1475//1205
f 1475//1206 1481//1206 1480//1206 1474//1206
f 1474//1207 1480//1207 1479//1207 1473//1207
f 1473//1208 1479//1208 1477//1208 1471//1208
f 1478//1209 1484//1209 1488//1209 1482//1209
f 1482//1210 1488//1210 1487//1210 1481//1210
f 1481//1211 1487//1211 1486//1211 1480//1211
f 1480//1212 1486//1212 1485//1212 1479//1212
f 1479//1213 1485//1213 1483//1213 1477//1213
f 1484//1214 1490//1214 1494//1214 1488//1214
f 1488//1215 1494//1215 1493//1215 1487//1215
f 1487//1216 1493//1216 1492//1216 1486//1216
f 1486//1217 1492//1217 1491//1217 1485//1217
f 1485//1218 1491//1218 1489//1218 1483//1218
f 1490//1219 1496//1219 1500//1219 1494//1219
f 1494//1220 1500//1220 1499//1220 1493//1220
f 1493//1221 1499//1221 1498//1221 1492//1221
f 1492//1222 1498//1222 1497//1222 1491//1222
f 1491//1223 1497//1223 1495//1223 1489//1223
f 1496//1224 1502//1224 1506//1224 1500//1224
f 1500//1225 1506//1225 1505//1225 1499//1225
f 1499//1226 1505//1226 1504//1226 1498//1226
f 1498//1227 1504//1227 1503//1227 1497//1227
f 1497//1228 1503//1228 1501//1228 1495//1228
f 1502//1229 1508//1229 1512//1229 1506//1229
f 1506//1230 1512//1230 1511//1230 1505//1230
f 1505//1231 1511//1231 1510//1231 1504//1231
f 1504//1232 1510//1232 1509//1232 1503//1232
f 1503//1233 1509//1233 1507//1233 1501//1233
f 1508//1234 1514//1234 1518//1234 1512//1234
f 1512//1235 1518//1235 1517//1235 1511//1235
f 1511//1236 1517//1236 1516//1236 1510//1236
f 1510//1237 1516//1237 1515//1237 1509//1237
f 1509//1238 1515//1238 1513//1238 1507//1238
f 1514//1239 1520//1239 1524//1239 1518//1239
f 1518//1240 1524//1240 1523//1240 1517//1240
f 1517//1241 1523//1241 1522//1241 1516//1241
f 1516//1242 1522//1242 1521//1242 1515//1242
f 1515//1243 1521//1243 1519//1243 1513//1243
f 1520//1244 1526//1244 1530//1244 1524//1244
f 1524//1245 1530//1245 1529//1245 1523//1245
f 1523//1246 1529//1246 1528//1246 1522//1246
f 1522//1247 1528//1247 1527//1247 1521//1247
f 1521//1248 1527//1248 1525//1248 1519//1248
f 1526//1249 1532//1249 1536//1249 1530//1249
f 1530//1250 1536//1250 1535//1250 1529//1250
f 1529//1251 1535//1251 1534//1251 1528//1251
f 1528//1252 1534//1252 1533//1252 1527//1252
f 1527//1253 1533//1253 1531//1253 1525//1253
f 1532//1254 1538//1254 1542//1254 1536//1254
f 1536//1255 1542//1255 1541//1255 1535//1255
f 1535//1256 1541//1256 1540//1256 1534//1256
f 1534//1257 1540//1257 1539//1257 1533//1257
f 1533//1258 1539//1258 1537//1258 1531//1258
f 1538//1259 1352//1259 1356//1259 1542//1259
f 1542//1260 1356//1260 1355//1260 1541//1260
f 1541//1261 1355//1261 1354//1261 1540//1261
f 1540//1262 1354//1262 1353//1262 1539//1262
f 1539//1263 1353//1263 1351//1263 1537//1263
f 1351//1264 1357//1264 1363//1264 1369//1264 1375//1264 1381//1264 1387//1264 1393//1264 1399//1264 1405//1264 1411//1264 1417//1264 1423//1264 1429//1264 1435//1264 1441//1264 1447//1264 1453//1264 1459//1264 1465//1264 1471//1264 1477//1264 1483//1264 1489//1264 1495//1264 1501//1264 1507//1264 1513//1264 1519//1264 1525//1264 1531//1264 1537//1264
f 1576//1086 1699//1086 1574//1086 1544//1086
f 1587//1089 1583//1089 1545//1089 1546//1089
f 1591//1090 1587//1090 1546//1090 1547//1090
f 1595//1091 1591//1091 1547//1091 1548//1091
f 1599//1092 1595//1092 1548//1092 1549//1092
f 1600//1265 1604//1265 1731//1265 1727//1265
f 1603//1093 1599//1093 1549//1093 1550//1093
f 1611//1095 1607//1095 1551//1095 1552//1095
f 1615//1096 1611//1096 1552//1096 1553//1096
f 1619//1097 1615//1097 1553//1097 1554//1097
f 1623//1098 1619//1098 1554//1098 1555//1098
f 1627//1099 1623//1099 1555//1099 1556//1099
f 1631//1100 1627//1100 1556//1100 1557//1100
f 1635//1101 1631//1101 1557//1101 1558//1101
f 1639//1102 1635//1102 1558//1102 1559//1102
f 1643//1266 1639//1266 1559//1266 1560//1266
f 1647//1103 1643//1103 1560//1103 1561//1103
f 1651//1073 1647//1073 1561//1073 1562//1073
f 1655//1074 1651//1074 1562//1074 1563//1074
f 1659//1075 1655//1075 1563//1075 1564//1075
f 1663//1076 1659//1076 1564//1076 1565//1076
f 1667//1077 1663//1077 1565//1077 1566//1077
f 1671//1078 1667//1078 1566//1078 1567//1078
f 1675//1079 1671//1079 1567//1079 1568//1079
f 1679//1080 1675//1080 1568//1080 1569//1080
f 1683//1081 1679//1081 1569//1081 1570//1081
f 1687//1082 1683//1082 1570//1082 1571//1082
f 1691//1083 1687//1083 1571//1083 1572//1083
f 1695//1084 1691//1084 1572//1084 1573//1084
f 1699//1085 1695//1085 1573//1085 1574//1085
f 1352//1266 1707//1266 1704//1266 1358//1266
f 1583//1088 1579//1088 1543//1088 1545//1088
f 1543//1265 1544//1265 1574//1265 1573//1265 1572//1265 1571//1265 1570//1265 1569//1265 1568//1265 1567//1265 1566//1265 1565//1265 1564//1265 1563//1265 1562//1265 1561//1265 1560//1265 1559//1265 1558//1265 1557//1265 1556//1265 1555//1265 1554//1265 1553//1265 1552//1265 1551//1265 1550//1265 1549//1265 1548//1265 1547//1265 1546//1265 1545//1265
f 1656//1265 1660//1265 1787//1265 1783//1265
f 1604//1265 1608//1265 1735//1265 1731//1265
f 1660//1265 1664//1265 1791//1265 1787//1265
f 1608//1265 1612//1265 1739//1265 1735//1265
f 1664//1265 1668//1265 1795//1265 1791//1265
f 1612//1265 1616//1265 1743//1265 1739//1265
f 1668//1265 1672//1265 1799//1265 1795//1265
f 1616//1265 1620//1265 1747//1265 1743//1265
f 1672//1265 1676//1265 1803//1265 1799//1265
f 1620//1265 1624//1265 1751//1265 1747//1265
f 1676//1265 1680//1265 1807//1265 1803//1265
f 1624//1265 1628//1265 1755//1265 1751//1265
f 1680//1265 1684//1265 1811//1265 1807//1265
f 1628//1265 1632//1265 1759//1265 1755//1265
f 1575//1265 1580//1265 1703//1265 1708//1265
f 1684//1265 1688//1265 1815//1265 1811//1265
f 1632//1265 1636//1265 1763//1265 1759//1265
f 1580//1265 1584//1265 1711//1265 1703//1265
f 1688//1265 1692//1265 1819//1265 1815//1265
f 1636//1265 1640//1265 1767//1265 1763//1265
f 1584//1265 1588//1265 1715//1265 1711//1265
f 1692//1265 1696//1265 1823//1265 1819//1265
f 1640//1265 1644//1265 1771//1265 1767//1265
f 1588//1265 1592//1265 1719//1265 1715//1265
f 1696//1265 1700//1265 1827//1265 1823//1265
f 1644//1265 1648//1265 1775//1265 1771//1265
f 1592//1265 1596//1265 1723//1265 1719//1265
f 1700//1265 1575//1265 1708//1265 1827//1265
f 1648//1265 1652//1265 1779//1265 1775//1265
f 1596//1265 1600//1265 1727//1265 1723//1265
f 1652//1265 1656//1265 1783//1265 1779//1265
f 1704//1267 1707//1267 1709//1267 1706//1267
f 1706//1268 1709//1268 1710//1268 1705//1268
f 1705//1269 1710//1269 1708//1269 1703//1269
f 1712//1270 1704//1270 1706//1270 1714//1270
f 1714//1271 1706//1271 1705//1271 1713//1271
f 1713//1272 1705//1272 1703//1272 1711//1272
f 1716//1273 1712//1273 1714//1273 1718//1273
f 1718//1274 1714//1274 1713//1274 1717//1274
f 1717//1275 1713//1275 1711//1275 1715//1275
f 1720//1276 1716//1276 1718//1276 1722//1276
f 1722//1277 1718//1277 1717//1277 1721//1277
f 1721//1278 1717//1278 1715//1278 1719//1278
f 1724//1279 1720//1279 1722//1279 1726//1279
f 1726//1280 1722//1280 1721//1280 1725//1280
f 1725//1281 1721//1281 1719//1281 1723//1281
f 1728//1282 1724//1282 1726//1282 1730//1282
f 1730//1283 1726//1283 1725//1283 1729//1283
f 1729//1284 1725//1284 1723//1284 1727//1284
f 1732//1285 1728//1285 1730//1285 1734//1285
f 1734//1286 1730//1286 1729//1286 1733//1286
f 1733//1287 1729//1287 1727//1287 1731//1287
f 1736//1288 1732//1288 1734//1288 1738//1288
f 1738//1289 1734//1289 1733//1289 1737//1289
f 1737//1290 1733//1290 1731//1290 1735//1290
f 1740//1291 1736//1291 1738//1291 1742//1291
f 1742//1292 1738//1292 1737//1292 1741//1292
f 1741//1293 1737//1293 1735//1293 1739//1293
f 1744//1294 1740//1294 1742//1294 1746//1294
f 1746//1295 1742//1295 1741//1295 1745//1295
f 1745//1296 1741//1296 1739//1296 1743//1296
f 1748//1297 1744//1297 1746//1297 1750//1297
f 1750//1298 1746//1298 1745//1298 1749//1298
f 1749//1299 1745//1299 1743//1299 1747//1299
f 1752//1300 1748//1300 1750//1300 1754//1300
f 1754//1301 1750//1301 1749//1301 1753//1301
f 1753//1302 1749//1302 1747//1302 1751//1302
f 1756//1303 1752//1303 1754//1303 1758//1303
f 1758//1304 1754//1304 1753//1304 1757//1304
f 1757//1305 1753//1305 1751//1305 1755//1305
f 1760//1306 1756//1306 1758//1306 1762//1306
f 1762//1307 1758//1307 1757//1307 1761//1307
f 1761//1308 1757//1308 1755//1308 1759//1308
f 1764//1309 1760//1309 1762//1309 1766//1309
f 1766//1310 1762//1310 1761//1310 1765//1310
f 1765//1311 1761//1311 1759//1311 1763//1311
f 1768//1312 1764//1312 1766//1312 1770//1312
f 1770//1313 1766//1313 1765//1313 1769//1313
f 1769//1314 1765//1314 1763//1314 1767//1314
f 1772//1315 1768//1315 1770//1315 1774//1315
f 1774//1316 1770//1316 1769//1316 1773//1316
f 1773//1317 1769//1317 1767//1317 1771//1317
f 1776//1318 1772//1318 1774//1318 1778//1318
f 1778//1319 1774//1319 1773//1319 1777//1319
f 1777//1320 1773//1320 1771//1320 1775//1320
f 1780//1321 1776//1321 1778//1321 1782//1321
f 1782//1322 1778//1322 1777//1322 1781//1322
f 1781//1323 1777//1323 1775//1323 1779//1323
f 1784//1324 1780//1324 1782//1324 1786//1324
f 1786//1325 1782//1325 1781//1325 1785//1325
f 1785//1326 1781//1326 1779//1326 1783//1326
f 1788//1327 1784//1327 1786//1327 1790//1327
f 1790//1328 1786//1328 1785//1328 1789//1328
f 1789//1329 1785//1329 1783//1329 1787//1329
f 1792//1330 1788//1330 1790//1330 1794//1330
f 1794//1331 1790//1331 1789//1331 1793//1331
f 1793//1332 1789//1332 1787//1332 1791//1332
f 1796//1333 1792//1333 1794//1333 1798//1333
f 1798//1334 1794//1334 1793//1334 1797//1334
f 1797//1335 1793//1335 1791//1335 1795//1335
f 1800//1336 1796//1336 1798//1336 1802//1336
f 1802//1337 1798//1337 1797//1337 1801//1337
f 1801//1338 1797//1338 1795//1338 1799//1338
f 1804//1339 1800//1339 1802//1339 1806//1339
f 1806//1340 1802//1340 1801//1340 1805//1340
f 1805//1341 1801//1341 1799//1341 1803//1341
f 1808//1342 1804//1342 1806//1342 1810//1342
f 1810//1343 1806//1343 1805//1343 1809//1343
f 1809//1344 1805//1344 1803//1344 1807//1344
f 1812//1345 1808//1345 1810//1345 1814//1345
f 1814//1346 1810//1346 1809//1346 1813//1346
f 1813//1347 1809//1347 1807//1347 1811//1347
f 1816//1348 1812//1348 1814//1348 1818//1348
f 1818//1349 1814//1349 1813//1349 1817//1349
f 1817//1350 1813//1350 1811//1350 1815//1350
f 1820//1351 1816//1351 1818//1351 1822//1351
f 1822//1352 1818//1352 1817//1352 1821//1352
f 1821//1353 1817//1353 1815//1353 1819//1353
f 1824//1354 1820//1354 1822//1354 1826//1354
f 1826//1355 1822//1355 1821//1355 1825//1355
f 1825//1356 1821//1356 1819//1356 1823//1356
f 1828//1357 1824//1357 1826//1357 1830//1357
f 1830//1358 1826//1358 1825//1358 1829//1358
f 1829//1359 1825//1359 1823//1359 1827//1359
f 1707//1360 1828//1360 1830//1360 1709//1360
f 1709//1361 1830//1361 1829//1361 1710//1361
f 1710//1362 1829//1362 1827//1362 1708//1362
f 1580//1317 1575//1317 1577//1317 1582//1317
f 1582//1316 1577//1316 1578//1316 1581//1316
f 1581//1315 1578//1315 1576//1315 1579//1315
f 1584//1320 1580//1320 1582//1320 1586//1320
f 1586//1319 1582//1319 1581//1319 1585//1319
f 1585//1318 1581//1318 1579//1318 1583//1318
f 1588//1323 1584//1323 1586//1323 1590//1323
f 1590//1322 1586//1322 1585//1322 1589//1322
f 1589//1321 1585//1321 1583//1321 1587//1321
f 1592//1326 1588//1326 1590//1326 1594//1326
f 1594//1325 1590//1325 1589//1325 1593//1325
f 1593//1324 1589//1324 1587//1324 1591//1324
f 1596//1329 1592//1329 1594//1329 1598//1329
f 1598//1328 1594//1328 1593//1328 1597//1328
f 1597//1327 1593//1327 1591//1327 1595//1327
f 1600//1332 1596//1332 1598//1332 1602//1332
f 1602//1331 1598//1331 1597//1331 1601//1331
f 1601//1330 1597//1330 1595//1330 1599//1330
f 1604//1335 1600//1335 1602//1335 1606//1335
f 1606//1363 1602//1363 1601//1363 1605//1363
f 1605//1333 1601//1333 1599//1333 1603//1333
f 1608//1338 1604//1338 1606//1338 1610//1338
f 1610//1337 1606//1337 1605//1337 1609//1337
f 1609//1336 1605//1336 1603//1336 1607//1336
f 1612//1341 1608//1341 1610//1341 1614//1341
f 1614//1340 1610//1340 1609//1340 1613//1340
f 1613//1339 1609//1339 1607//1339 1611//1339
f 1616//1344 1612//1344 1614//1344 1618//1344
f 1618//1364 1614//1364 1613//1364 1617//1364
f 1617//1342 1613//1342 1611//1342 1615//1342
f 1620//1347 1616//1347 1618//1347 1622//1347
f 1622//1346 1618//1346 1617//1346 1621//1346
f 1621//1345 1617//1345 1615//1345 1619//1345
f 1624//1350 1620//1350 1622//1350 1626//1350
f 1626//1349 1622//1349 1621//1349 1625//1349
f 1625//1348 1621//1348 1619//1348 1623//1348
f 1628//1353 1624//1353 1626//1353 1630//1353
f 1630//1352 1626//1352 1625//1352 1629//1352
f 1629//1351 1625//1351 1623//1351 1627//1351
f 1632//1365 1628//1365 1630//1365 1634//1365
f 1634//1355 1630//1355 1629//1355 1633//1355
f 1633//1354 1629//1354 1627//1354 1631//1354
f 1636//1359 1632//1359 1634//1359 1638//1359
f 1638//1358 1634//1358 1633//1358 1637//1358
f 1637//1357 1633//1357 1631//1357 1635//1357
f 1640//1362 1636//1362 1638//1362 1642//1362
f 1642//1361 1638//1361 1637//1361 1641//1361
f 1641//1360 1637//1360 1635//1360 1639//1360
f 1644//1269 1640//1269 1642//1269 1646//1269
f 1646//1268 1642//1268 1641//1268 1645//1268
f 1645//1267 1641//1267 1639//1267 1643//1267
f 1648//1272 1644//1272 1646//1272 1650//1272
f 1650//1271 1646//1271 1645//1271 1649//1271
f 1649//1270 1645//1270 1643//1270 1647//1270
f 1652//1275 1648//1275 1650//1275 1654//1275
f 1654//1274 1650//1274 1649//1274 1653//1274
f 1653//1273 1649//1273 1647//1273 1651//1273
f 1656//1278 1652//1278 1654//1278 1658//1278
f 1658//1277 1654//1277 1653//1277 1657//1277
f 1657//1366 1653//1366 1651//1366 1655//1366
f 1660//1281 1656//1281 1658//1281 1662//1281
f 1662//1280 1658//1280 1657//1280 1661//1280
f 1661//1279 1657//1279 1655//1279 1659//1279
f 1664//1284 1660//1284 1662//1284 1666//1284
f 1666//1283 1662//1283 1661//1283 1665//1283
f 1665//1282 1661//1282 1659//1282 1663//1282
f 1668//1287 1664//1287 1666//1287 1670//1287
f 1670//1367 1666//1367 1665//1367 1669//1367
f 1669//1285 1665//1285 1663//1285 1667//1285
f 1672//1290 1668//1290 1670//1290 1674//1290
f 1674//1289 1670//1289 1669//1289 1673//1289
f 1673//1288 1669//1288 1667//1288 1671//1288
f 1676//1293 1672//1293 1674//1293 1678//1293
f 1678//1292 1674//1292 1673//1292 1677//1292
f 1677//1291 1673//1291 1671//1291 1675//1291
f 1680//1296 1676//1296 1678//1296 1682//1296
f 1682//1368 1678//1368 1677//1368 1681//1368
f 1681//1294 1677//1294 1675//1294 1679//1294
f 1684//1299 1680//1299 1682//1299 1686//1299
f 1686//1298 1682//1298 1681//1298 1685//1298
f 1685//1297 1681//1297 1679//1297 1683//1297
f 1688//1302 1684//1302 1686//1302 1690//1302
f 1690//1301 1686//1301 1685//1301 1689//1301
f 1689//1300 1685//1300 1683//1300 1687//1300
f 1692//1369 1688//1369 1690//1369 1694//1369
f 1694//1304 1690//1304 1689//1304 1693//1304
f 1693//1303 1689//1303 1687//1303 1691//1303
f 1696//1370 1692//1370 1694//1370 1698//1370
f 1698//1307 1694//1307 1693//1307 1697//1307
f 1697//1306 1693//1306 1691//1306 1695//1306
f 1700//1311 1696//1311 1698//1311 1702//1311
f 1702//1310 1698//1310 1697//1310 1701//1310
f 1701//1309 1697//1309 1695//1309 1699//1309
f 1575//1314 1700//1314 1702//1314 1577//1314
f 1577//1313 1702//1313 1701//1313 1578//1313
f 1578//1312 1701//1312 1699//1312 1576//1312
f 1579//1087 1576//1087 1544//1087 1543//1087
o Cylinder.001_Cylinder.011
v 0.202408 0.743832 0.401182
v 0.202408 0.752860 0.392109
v 0.202408 0.744274 0.398378
v 0.202408 0.745556 0.395849
v 0.202408 0.747553 0.393842
v 0.202408 0.750070 0.392553
v 0.210697 0.743832 0.401998
v 0.212467 0.752860 0.393100
v 0.211244 0.744274 0.399248
v 0.211737 0.745556 0.396768
v 0.212129 0.747553 0.394799
v 0.212380 0.750070 0.393536
v 0.218668 0.743832 0.404416
v 0.222140 0.752860 0.396034
v 0.219741 0.744274 0.401826
v 0.220708 0.745556 0.399489
v 0.221477 0.747553 0.397635
v 0.221970 0.750070 0.396444
v 0.226014 0.743832 0.408342
v 0.231054 0.752860 0.400799
v 0.227571 0.744274 0.406011
v 0.228976 0.745556 0.403909
v 0.230091 0.747553 0.402240
v 0.230807 0.750070 0.401168
v 0.232452 0.743832 0.413627
v 0.238867 0.752860 0.407211
v 0.234435 0.744274 0.411644
v 0.236223 0.745556 0.409856
v 0.237642 0.747553 0.408437
v 0.238553 0.750070 0.407525
v 0.237737 0.743832 0.420065
v 0.245280 0.752860 0.415025
v 0.240068 0.744274 0.418508
v 0.242170 0.745556 0.417103
v 0.243839 0.747553 0.415988
v 0.244911 0.750070 0.415272
v 0.241663 0.743832 0.427411
v 0.250045 0.752860 0.423939
v 0.244253 0.744274 0.426338
v 0.246590 0.745556 0.425370
v 0.248444 0.747553 0.424602
v 0.249634 0.750070 0.424109
v 0.244081 0.743832 0.435382
v 0.252979 0.752860 0.433612
v 0.246831 0.744274 0.434835
v 0.249311 0.745556 0.434342
v 0.251280 0.747553 0.433950
v 0.252543 0.750070 0.433699
v 0.244897 0.743832 0.443671
v 0.253970 0.752860 0.443671
v 0.247701 0.744274 0.443671
v 0.250230 0.745556 0.443671
v 0.252237 0.747553 0.443671
v 0.253526 0.750070 0.443671
v 0.244081 0.743832 0.451961
v 0.252979 0.752860 0.453730
v 0.246831 0.744274 0.452507
v 0.249311 0.745556 0.453001
v 0.251280 0.747553 0.453392
v 0.252543 0.750070 0.453644
v 0.241663 0.743832 0.459931
v 0.250045 0.752860 0.463403
v 0.244253 0.744274 0.461004
v 0.246590 0.745556 0.461972
v 0.248444 0.747553 0.462740
v 0.249634 0.750070 0.463233
v 0.237737 0.743832 0.467277
v 0.245280 0.752860 0.472317
v 0.240068 0.744274 0.468835
v 0.242170 0.745556 0.470240
v 0.243839 0.747553 0.471355
v 0.244911 0.750070 0.472071
v 0.232452 0.743832 0.473716
v 0.238867 0.752860 0.480131
v 0.234435 0.744274 0.475698
v 0.236223 0.745556 0.477487
v 0.237642 0.747553 0.478906
v 0.238554 0.750070 0.479817
v 0.226014 0.743832 0.479000
v 0.231054 0.752860 0.486543
v 0.227571 0.744274 0.481331
v 0.228976 0.745556 0.483434
v 0.230091 0.747553 0.485103
v 0.230807 0.750070 0.486174
v 0.218668 0.743832 0.482926
v 0.222140 0.752860 0.491308
v 0.219741 0.744274 0.485517
v 0.220708 0.745556 0.487853
v 0.221477 0.747553 0.489707
v 0.221970 0.750070 0.490898
v 0.210697 0.743832 0.485344
v 0.212467 0.752860 0.494242
v 0.211244 0.744274 0.488094
v 0.211737 0.745556 0.490574
v 0.212129 0.747553 0.492543
v 0.212380 0.750070 0.493807
v 0.202408 0.743832 0.486161
v 0.202408 0.752860 0.495233
v 0.202408 0.744274 0.488964
v 0.202408 0.745556 0.491493
v 0.202408 0.747553 0.493500
v 0.202408 0.750070 0.494789
v 0.194118 0.743832 0.485344
v 0.192349 0.752860 0.494242
v 0.193571 0.744274 0.488094
v 0.193078 0.745556 0.490574
v 0.192687 0.747553 0.492543
v 0.192435 0.750070 0.493807
v 0.186148 0.743832 0.482926
v 0.182676 0.752860 0.491308
v 0.185075 0.744274 0.485517
v 0.184107 0.745556 0.487853
v 0.183339 0.747553 0.489707
v 0.182846 0.750070 0.490898
v 0.178802 0.743832 0.479000
v 0.173762 0.752860 0.486543
v 0.177244 0.744274 0.481331
v 0.175839 0.745556 0.483434
v 0.174724 0.747553 0.485103
v 0.174008 0.750070 0.486174
v 0.172363 0.743832 0.473716
v 0.165948 0.752860 0.480131
v 0.170381 0.744274 0.475698
v 0.168592 0.745556 0.477487
v 0.167173 0.747553 0.478906
v 0.166262 0.750070 0.479817
v 0.167079 0.743832 0.467277
v 0.159536 0.752860 0.472317
v 0.164748 0.744274 0.468835
v 0.162645 0.745556 0.470240
v 0.160976 0.747553 0.471355
v 0.159905 0.750070 0.472071
v 0.163152 0.743832 0.459931
v 0.154771 0.752860 0.463403
v 0.160562 0.744274 0.461004
v 0.158226 0.745556 0.461972
v 0.156372 0.747553 0.462740
v 0.155181 0.750070 0.463233
v 0.160735 0.743832 0.451960
v 0.151837 0.752860 0.453730
v 0.157985 0.744274 0.452507
v 0.155504 0.745556 0.453001
v 0.153536 0.747553 0.453392
v 0.152272 0.750070 0.453644
v 0.159918 0.743832 0.443671
v 0.150846 0.752860 0.443671
v 0.157115 0.744274 0.443671
v 0.154586 0.745556 0.443671
v 0.152579 0.747553 0.443671
v 0.151290 0.750070 0.443671
v 0.160735 0.743832 0.435382
v 0.151837 0.752860 0.433612
v 0.157985 0.744274 0.434835
v 0.155505 0.745556 0.434342
v 0.153536 0.747553 0.433950
v 0.152272 0.750070 0.433699
v 0.163153 0.743832 0.427411
v 0.154771 0.752860 0.423939
v 0.160562 0.744274 0.426338
v 0.158226 0.745556 0.425370
v 0.156372 0.747553 0.424602
v 0.155181 0.750070 0.424109
v 0.167079 0.743832 0.420065
v 0.159536 0.752860 0.415025
v 0.164748 0.744274 0.418508
v 0.162645 0.745556 0.417103
v 0.160976 0.747553 0.415988
v 0.159905 0.750070 0.415272
v 0.172363 0.743832 0.413626
v 0.165948 0.752860 0.407211
v 0.170381 0.744274 0.411644
v 0.168592 0.745556 0.409856
v 0.167173 0.747553 0.408437
v 0.166262 0.750070 0.407525
v 0.178802 0.743832 0.408342
v 0.173762 0.752860 0.400799
v 0.177244 0.744274 0.406011
v 0.175839 0.745556 0.403909
v 0.174724 0.747553 0.402240
v 0.174008 0.750070 0.401168
v 0.186148 0.743832 0.404416
v 0.182676 0.752860 0.396034
v 0.185075 0.744274 0.401826
v 0.184107 0.745556 0.399489
v 0.183339 0.747553 0.397635
v 0.182846 0.750070 0.396444
v 0.194118 0.743832 0.401998
v 0.192349 0.752860 0.393100
v 0.193572 0.744274 0.399248
v 0.193078 0.745556 0.396768
v 0.192687 0.747553 0.394799
v 0.192435 0.750070 0.393536
v 0.210246 0.861305 0.404263
v 0.202408 0.861305 0.403491
v 0.217784 0.861305 0.406550
v 0.224730 0.861305 0.410263
v 0.230819 0.861305 0.415260
v 0.235816 0.861305 0.421348
v 0.239529 0.861305 0.428295
v 0.241816 0.861305 0.435833
v 0.242588 0.861305 0.443671
v 0.241816 0.861305 0.451510
v 0.239529 0.861305 0.459047
v 0.235816 0.861305 0.465994
v 0.230819 0.861305 0.472083
v 0.224730 0.861305 0.477080
v 0.217784 0.861305 0.480793
v 0.210246 0.861305 0.483079
v 0.202408 0.861305 0.483851
v 0.194569 0.861305 0.483079
v 0.187032 0.861305 0.480793
v 0.180085 0.861305 0.477080
v 0.173996 0.861305 0.472083
v 0.168999 0.861305 0.465994
v 0.165286 0.861305 0.459047
v 0.163000 0.861305 0.451510
v 0.162228 0.861305 0.443671
v 0.163000 0.861305 0.435832
v 0.165286 0.861305 0.428295
v 0.168999 0.861305 0.421348
v 0.173996 0.861305 0.415260
v 0.180085 0.861305 0.410263
v 0.187032 0.861305 0.406550
v 0.194569 0.861305 0.404263
v 0.202408 0.891154 0.399146
v 0.202408 0.886830 0.403491
v 0.202408 0.890575 0.401319
v 0.202408 0.888992 0.402909
v 0.210246 0.886830 0.404263
v 0.211094 0.891154 0.400002
v 0.210360 0.888992 0.403692
v 0.210670 0.890575 0.402133
v 0.217784 0.886830 0.406550
v 0.219447 0.891154 0.402536
v 0.218007 0.888992 0.406012
v 0.218615 0.890575 0.404543
v 0.224730 0.886830 0.410263
v 0.227144 0.891154 0.406650
v 0.225054 0.888992 0.409779
v 0.225937 0.890575 0.408457
v 0.230819 0.886830 0.415260
v 0.233891 0.891154 0.412187
v 0.231231 0.888992 0.414848
v 0.232355 0.890575 0.413724
v 0.235816 0.886830 0.421348
v 0.239429 0.891154 0.418935
v 0.236300 0.888992 0.421025
v 0.237622 0.890575 0.420142
v 0.239529 0.886830 0.428295
v 0.243543 0.891154 0.426632
v 0.240067 0.888992 0.428072
v 0.241536 0.890575 0.427464
v 0.241816 0.886830 0.435833
v 0.246077 0.891154 0.434985
v 0.242386 0.888992 0.435719
v 0.243946 0.890575 0.435409
v 0.242588 0.886830 0.443671
v 0.246932 0.891154 0.443671
v 0.243170 0.888992 0.443671
v 0.244760 0.890575 0.443671
v 0.241816 0.886830 0.451510
v 0.246077 0.891154 0.452358
v 0.242386 0.888992 0.451623
v 0.243946 0.890575 0.451934
v 0.239529 0.886830 0.459047
v 0.243543 0.891154 0.460710
v 0.240067 0.888992 0.459270
v 0.241536 0.890575 0.459879
v 0.235816 0.886830 0.465994
v 0.239429 0.891154 0.468408
v 0.236300 0.888992 0.466317
v 0.237622 0.890575 0.467201
v 0.230819 0.886830 0.472083
v 0.233891 0.891154 0.475155
v 0.231231 0.888992 0.472494
v 0.232355 0.890575 0.473619
v 0.224730 0.886830 0.477080
v 0.227144 0.891154 0.480692
v 0.225054 0.888992 0.477564
v 0.225937 0.890575 0.478886
v 0.217784 0.886830 0.480793
v 0.219447 0.891154 0.484807
v 0.218007 0.888992 0.481330
v 0.218615 0.890575 0.482800
v 0.210246 0.886830 0.483079
v 0.211094 0.891154 0.487340
v 0.210360 0.888992 0.483650
v 0.210670 0.890575 0.485210
v 0.202408 0.886830 0.483851
v 0.202408 0.891154 0.488196
v 0.202408 0.888992 0.484433
v 0.202408 0.890575 0.486023
v 0.194569 0.886830 0.483079
v 0.193721 0.891154 0.487340
v 0.194455 0.888992 0.483650
v 0.194145 0.890575 0.485210
v 0.187032 0.886830 0.480793
v 0.185369 0.891154 0.484807
v 0.186809 0.888992 0.481330
v 0.186200 0.890575 0.482800
v 0.180085 0.886830 0.477080
v 0.177671 0.891154 0.480692
v 0.179762 0.888992 0.477564
v 0.178878 0.890575 0.478886
v 0.173996 0.886830 0.472083
v 0.170924 0.891154 0.475155
v 0.173585 0.888992 0.472494
v 0.172460 0.890575 0.473619
v 0.168999 0.886830 0.465994
v 0.165387 0.891154 0.468408
v 0.168515 0.888992 0.466317
v 0.167193 0.890575 0.467201
v 0.165286 0.886830 0.459047
v 0.161272 0.891154 0.460710
v 0.164749 0.888992 0.459270
v 0.163279 0.890575 0.459879
v 0.163000 0.886830 0.451510
v 0.158739 0.891154 0.452358
v 0.162429 0.888992 0.451623
v 0.160869 0.890575 0.451934
v 0.162228 0.886830 0.443671
v 0.157883 0.891154 0.443671
v 0.161646 0.888992 0.443671
v 0.160055 0.890575 0.443671
v 0.163000 0.886830 0.435832
v 0.158739 0.891154 0.434985
v 0.162429 0.888992 0.435719
v 0.160869 0.890575 0.435409
v 0.165286 0.886830 0.428295
v 0.161272 0.891154 0.426632
v 0.164749 0.888992 0.428072
v 0.163279 0.890575 0.427464
v 0.168999 0.886830 0.421348
v 0.165387 0.891154 0.418935
v 0.168515 0.888992 0.421025
v 0.167193 0.890575 0.420141
v 0.173996 0.886830 0.415260
v 0.170924 0.891154 0.412187
v 0.173585 0.888992 0.414848
v 0.172460 0.890575 0.413724
v 0.180085 0.886830 0.410263
v 0.177671 0.891154 0.406650
v 0.179762 0.888992 0.409779
v 0.178878 0.890575 0.408457
v 0.187032 0.886830 0.406550
v 0.185369 0.891154 0.402536
v 0.186809 0.888992 0.406012
v 0.186200 0.890575 0.404543
v 0.194569 0.886830 0.404263
v 0.193721 0.891154 0.400002
v 0.194456 0.888992 0.403692
v 0.194145 0.890575 0.402133
v 0.211619 0.891154 0.397361
v 0.212467 0.886830 0.393100
v 0.212043 0.890575 0.395231
v 0.212353 0.888992 0.393671
v 0.202408 0.886830 0.392109
v 0.202408 0.891154 0.396454
v 0.202408 0.888992 0.392691
v 0.202408 0.890575 0.394282
v 0.220477 0.891154 0.400048
v 0.222140 0.886830 0.396034
v 0.221308 0.890575 0.398041
v 0.221917 0.888992 0.396572
v 0.228640 0.891154 0.404412
v 0.231054 0.886830 0.400799
v 0.229847 0.890575 0.402605
v 0.230731 0.888992 0.401283
v 0.235795 0.891154 0.410284
v 0.238867 0.886830 0.407211
v 0.237331 0.890575 0.408748
v 0.238456 0.888992 0.407623
v 0.241667 0.891154 0.417439
v 0.245280 0.886830 0.415025
v 0.243474 0.890575 0.416232
v 0.244796 0.888992 0.415348
v 0.246031 0.891154 0.425602
v 0.250045 0.886830 0.423939
v 0.248038 0.890575 0.424771
v 0.249507 0.888992 0.424162
v 0.248717 0.891154 0.434460
v 0.252979 0.886830 0.433612
v 0.250848 0.890575 0.434036
v 0.252408 0.888992 0.433726
v 0.249625 0.891154 0.443671
v 0.253970 0.886830 0.443671
v 0.251797 0.890575 0.443671
v 0.253387 0.888992 0.443671
v 0.248717 0.891154 0.452883
v 0.252979 0.886830 0.453730
v 0.250848 0.890575 0.453307
v 0.252408 0.888992 0.453617
v 0.246031 0.891154 0.461740
v 0.250045 0.886830 0.463403
v 0.248038 0.890575 0.462572
v 0.249507 0.888992 0.463180
v 0.241667 0.891154 0.469904
v 0.245280 0.886830 0.472317
v 0.243474 0.890575 0.471110
v 0.244796 0.888992 0.471994
v 0.235795 0.891154 0.477059
v 0.238867 0.886830 0.480131
v 0.237331 0.890575 0.478595
v 0.238456 0.888992 0.479719
v 0.228640 0.891154 0.482931
v 0.231054 0.886830 0.486543
v 0.229847 0.890575 0.484737
v 0.230731 0.888992 0.486059
v 0.220477 0.891154 0.487294
v 0.222140 0.886830 0.491308
v 0.221308 0.890575 0.489301
v 0.221917 0.888992 0.490770
v 0.211619 0.891154 0.489981
v 0.212467 0.886830 0.494242
v 0.212043 0.890575 0.492112
v 0.212353 0.888992 0.493671
v 0.202408 0.891154 0.490888
v 0.202408 0.886830 0.495233
v 0.202408 0.890575 0.493061
v 0.202408 0.888992 0.494651
v 0.193196 0.891154 0.489981
v 0.192349 0.886830 0.494242
v 0.192772 0.890575 0.492112
v 0.192462 0.888992 0.493671
v 0.184339 0.891154 0.487294
v 0.182676 0.886830 0.491308
v 0.183507 0.890575 0.489301
v 0.182899 0.888992 0.490770
v 0.176175 0.891154 0.482931
v 0.173762 0.886830 0.486543
v 0.174968 0.890575 0.484737
v 0.174085 0.888992 0.486059
v 0.169020 0.891154 0.477059
v 0.165948 0.886830 0.480131
v 0.167484 0.890575 0.478595
v 0.166360 0.888992 0.479719
v 0.163148 0.891154 0.469903
v 0.159536 0.886830 0.472317
v 0.161342 0.890575 0.471110
v 0.160020 0.888992 0.471994
v 0.158785 0.891154 0.461740
v 0.154771 0.886830 0.463403
v 0.156778 0.890575 0.462572
v 0.155309 0.888992 0.463180
v 0.156098 0.891154 0.452883
v 0.151837 0.886830 0.453730
v 0.153967 0.890575 0.453307
v 0.152408 0.888992 0.453617
v 0.155191 0.891154 0.443671
v 0.150846 0.886830 0.443671
v 0.153018 0.890575 0.443671
v 0.151428 0.888992 0.443671
v 0.156098 0.891154 0.434460
v 0.151837 0.886830 0.433612
v 0.153967 0.890575 0.434036
v 0.152408 0.888992 0.433725
v 0.158785 0.891154 0.425602
v 0.154771 0.886830 0.423939
v 0.156778 0.890575 0.424771
v 0.155309 0.888992 0.424162
v 0.163148 0.891154 0.417439
v 0.159536 0.886830 0.415025
v 0.161342 0.890575 0.416232
v 0.160020 0.888992 0.415348
v 0.169020 0.891154 0.410284
v 0.165948 0.886830 0.407211
v 0.167484 0.890575 0.408748
v 0.166360 0.888992 0.407623
v 0.176175 0.891154 0.404412
v 0.173762 0.886830 0.400799
v 0.174969 0.890575 0.402605
v 0.174085 0.888992 0.401283
v 0.184339 0.891154 0.400048
v 0.182676 0.886830 0.396034
v 0.183507 0.890575 0.398041
v 0.182899 0.888992 0.396572
v 0.193196 0.891154 0.397361
v 0.192349 0.886830 0.393100
v 0.192772 0.890575 0.395231
v 0.192462 0.888992 0.393671
vn 0.4714 0.0000 -0.8819
vn 0.6344 0.0000 -0.7730
vn 0.7730 0.0000 -0.6344
vn 0.8819 0.0000 -0.4714
vn 0.9569 0.0000 -0.2903
vn 0.9952 0.0000 -0.0980
vn 0.9952 0.0000 0.0980
vn 0.9569 0.0000 0.2903
vn 0.8819 0.0000 0.4714
vn 0.7730 0.0000 0.6344
vn 0.6344 0.0000 0.7730
vn 0.4714 0.0000 0.8819
vn 0.2903 0.0000 0.9569
vn 0.0980 0.0000 0.9952
vn -0.0980 0.0000 0.9952
vn -0.2903 0.0000 0.9569
vn -0.4714 0.0000 0.8819
vn -0.6344 0.0000 0.7730
vn -0.7730 0.0000 0.6344
vn -0.8819 0.0000 0.4714
vn -0.9569 0.0000 0.2903
vn -0.9952 0.0000 0.0980
vn -0.9952 0.0000 -0.0980
vn -0.9569 0.0000 -0.2903
vn -0.8819 0.0000 -0.4714
vn -0.7730 0.0000 -0.6344
vn -0.6344 0.0000 -0.7730
vn -0.4714 0.0000 -0.8819
vn -0.2903 0.0000 -0.9569
vn -0.0980 0.0000 -0.9952
vn 0.2903 0.0000 -0.9569
vn 0.0968 -0.1564 -0.9829
vn 0.0873 -0.4540 -0.8867
vn 0.0693 -0.7071 -0.7037
vn 0.0445 -0.8910 -0.4518
vn 0.0153 -0.9877 -0.1557
vn 0.2867 -0.1564 -0.9452
vn 0.2586 -0.4540 -0.8526
vn 0.2053 -0.7071 -0.6767
vn 0.1318 -0.8910 -0.4345
vn 0.0454 -0.9877 -0.1497
vn 0.4656 -0.1564 -0.8711
vn 0.4200 -0.4540 -0.7858
vn 0.3333 -0.7071 -0.6236
vn 0.2140 -0.8910 -0.4004
vn 0.0737 -0.9877 -0.1379
vn 0.6266 -0.1564 -0.7635
vn 0.5653 -0.4540 -0.6888
vn 0.4486 -0.7071 -0.5466
vn 0.2880 -0.8910 -0.3509
vn 0.0992 -0.9877 -0.1209
vn 0.7635 -0.1564 -0.6266
vn 0.6888 -0.4540 -0.5653
vn 0.5466 -0.7071 -0.4486
vn 0.3509 -0.8910 -0.2880
vn 0.1209 -0.9877 -0.0992
vn 0.8711 -0.1564 -0.4656
vn 0.7858 -0.4540 -0.4200
vn 0.6236 -0.7071 -0.3333
vn 0.4004 -0.8910 -0.2140
vn 0.1380 -0.9877 -0.0737
vn 0.9452 -0.1564 -0.2867
vn 0.8526 -0.4540 -0.2586
vn 0.6767 -0.7071 -0.2053
vn 0.4344 -0.8910 -0.1318
vn 0.1497 -0.9877 -0.0454
vn 0.9829 -0.1564 -0.0968
vn 0.8867 -0.4540 -0.0873
vn 0.7037 -0.7071 -0.0693
vn 0.4518 -0.8910 -0.0445
vn 0.1557 -0.9877 -0.0153
vn 0.9829 -0.1564 0.0968
vn 0.8867 -0.4540 0.0873
vn 0.7037 -0.7071 0.0693
vn 0.4518 -0.8910 0.0445
vn 0.1557 -0.9877 0.0153
vn 0.9452 -0.1564 0.2867
vn 0.8526 -0.4540 0.2586
vn 0.6767 -0.7071 0.2053
vn 0.4344 -0.8910 0.1318
vn 0.1497 -0.9877 0.0454
vn 0.8711 -0.1564 0.4656
vn 0.7858 -0.4540 0.4200
vn 0.6236 -0.7071 0.3333
vn 0.4004 -0.8910 0.2140
vn 0.1380 -0.9877 0.0737
vn 0.7635 -0.1564 0.6266
vn 0.6888 -0.4540 0.5653
vn 0.5466 -0.7071 0.4486
vn 0.3509 -0.8910 0.2880
vn 0.1209 -0.9877 0.0992
vn 0.6266 -0.1564 0.7635
vn 0.5652 -0.4540 0.6888
vn 0.4486 -0.7071 0.5466
vn 0.2880 -0.8910 0.3509
vn 0.0992 -0.9877 0.1209
vn 0.4656 -0.1564 0.8711
vn 0.4200 -0.4540 0.7858
vn 0.3333 -0.7071 0.6236
vn 0.2140 -0.8910 0.4004
vn 0.0737 -0.9877 0.1379
vn 0.2867 -0.1564 0.9452
vn 0.2586 -0.4540 0.8526
vn 0.2053 -0.7071 0.6767
vn 0.1318 -0.8910 0.4345
vn 0.0454 -0.9877 0.1497
vn 0.0968 -0.1564 0.9829
vn 0.0873 -0.4540 0.8867
vn 0.0693 -0.7071 0.7037
vn 0.0445 -0.8910 0.4518
vn 0.0153 -0.9877 0.1557
vn -0.0968 -0.1564 0.9829
vn -0.0873 -0.4540 0.8867
vn -0.0693 -0.7071 0.7037
vn -0.0445 -0.8910 0.4518
vn -0.0153 -0.9877 0.1556
vn -0.2867 -0.1564 0.9452
vn -0.2586 -0.4540 0.8526
vn -0.2053 -0.7071 0.6767
vn -0.1318 -0.8910 0.4344
vn -0.0454 -0.9877 0.1497
vn -0.4656 -0.1564 0.8711
vn -0.4200 -0.4540 0.7858
vn -0.3333 -0.7071 0.6236
vn -0.2140 -0.8910 0.4004
vn -0.0737 -0.9877 0.1379
vn -0.6266 -0.1564 0.7635
vn -0.5653 -0.4540 0.6888
vn -0.4486 -0.7071 0.5466
vn -0.2880 -0.8910 0.3509
vn -0.0992 -0.9877 0.1209
vn -0.7635 -0.1564 0.6266
vn -0.6888 -0.4540 0.5652
vn -0.5466 -0.7071 0.4486
vn -0.3509 -0.8910 0.2880
vn -0.1209 -0.9877 0.0992
vn -0.8711 -0.1564 0.4656
vn -0.7858 -0.4540 0.4200
vn -0.6236 -0.7071 0.3333
vn -0.4004 -0.8910 0.2140
vn -0.1380 -0.9877 0.0737
vn -0.9452 -0.1564 0.2867
vn -0.8526 -0.4540 0.2586
vn -0.6767 -0.7071 0.2053
vn -0.4345 -0.8910 0.1318
vn -0.1497 -0.9877 0.0454
vn -0.9829 -0.1564 0.0968
vn -0.8867 -0.4540 0.0873
vn -0.7037 -0.7071 0.0693
vn -0.4518 -0.8910 0.0445
vn -0.1557 -0.9877 0.0153
vn -0.9829 -0.1564 -0.0968
vn -0.8867 -0.4540 -0.0873
vn -0.7037 -0.7071 -0.0693
vn -0.4518 -0.8910 -0.0445
vn -0.1557 -0.9877 -0.0153
vn -0.9452 -0.1564 -0.2867
vn -0.8526 -0.4540 -0.2586
vn -0.6767 -0.7071 -0.2053
vn -0.4345 -0.8910 -0.1318
vn -0.1497 -0.9877 -0.0454
vn -0.8711 -0.1564 -0.4656
vn -0.7858 -0.4540 -0.4200
vn -0.6236 -0.7071 -0.3333
vn -0.4004 -0.8910 -0.2140
vn -0.1380 -0.9877 -0.0737
vn -0.7635 -0.1564 -0.6266
vn -0.6888 -0.4540 -0.5652
vn -0.5466 -0.7071 -0.4486
vn -0.3509 -0.8910 -0.2880
vn -0.1209 -0.9877 -0.0992
vn -0.6266 -0.1564 -0.7635
vn -0.5652 -0.4540 -0.6888
vn -0.4486 -0.7071 -0.5466
vn -0.2880 -0.8910 -0.3509
vn -0.0992 -0.9877 -0.1209
vn -0.4656 -0.1564 -0.8711
vn -0.4200 -0.4540 -0.7858
vn -0.3333 -0.7071 -0.6236
vn -0.2140 -0.8910 -0.4004
vn -0.0737 -0.9877 -0.1379
vn -0.2867 -0.1564 -0.9452
vn -0.2586 -0.4540 -0.8526
vn -0.2053 -0.7071 -0.6767
vn -0.1318 -0.8910 -0.4345
vn -0.0454 -0.9877 -0.1497
vn -0.0968 -0.1564 -0.9829
vn -0.0873 -0.4540 -0.8867
vn -0.0693 -0.7071 -0.7037
vn -0.0445 -0.8910 -0.4518
vn -0.0153 -0.9877 -0.1557
vn 0.0000 -1.0000 -0.0000
vn 0.0000 1.0000 0.0000
vn 0.0980 0.0000 -0.9952
vn 0.0947 0.2588 -0.9613
vn 0.0693 0.7071 -0.7037
vn 0.0254 0.9659 -0.2576
vn 0.2804 0.2588 -0.9243
vn 0.2053 0.7071 -0.6766
vn 0.0751 0.9659 -0.2477
vn 0.4553 0.2588 -0.8519
vn 0.3333 0.7071 -0.6236
vn 0.1220 0.9659 -0.2283
vn 0.6128 0.2588 -0.7467
vn 0.4486 0.7071 -0.5466
vn 0.1642 0.9659 -0.2000
vn 0.7467 0.2588 -0.6128
vn 0.5466 0.7071 -0.4486
vn 0.2001 0.9659 -0.1642
vn 0.8519 0.2588 -0.4553
vn 0.6236 0.7071 -0.3333
vn 0.2283 0.9659 -0.1220
vn 0.9243 0.2588 -0.2804
vn 0.6767 0.7071 -0.2053
vn 0.2477 0.9659 -0.0751
vn 0.9613 0.2588 -0.0947
vn 0.7037 0.7071 -0.0693
vn 0.2576 0.9659 -0.0254
vn 0.9613 0.2588 0.0947
vn 0.7037 0.7071 0.0693
vn 0.2576 0.9659 0.0254
vn 0.9243 0.2588 0.2804
vn 0.6767 0.7071 0.2053
vn 0.2477 0.9659 0.0751
vn 0.8519 0.2588 0.4553
vn 0.6236 0.7071 0.3333
vn 0.2283 0.9659 0.1220
vn 0.7467 0.2588 0.6128
vn 0.5466 0.7071 0.4486
vn 0.2001 0.9659 0.1642
vn 0.6128 0.2588 0.7467
vn 0.4486 0.7071 0.5466
vn 0.1642 0.9659 0.2000
vn 0.4553 0.2588 0.8519
vn 0.3333 0.7071 0.6236
vn 0.1220 0.9659 0.2283
vn 0.2804 0.2588 0.9243
vn 0.2053 0.7071 0.6766
vn 0.0751 0.9659 0.2477
vn 0.0947 0.2588 0.9613
vn 0.0693 0.7071 0.7037
vn 0.0254 0.9659 0.2575
vn -0.0947 0.2588 0.9613
vn -0.0693 0.7071 0.7037
vn -0.0254 0.9659 0.2575
vn -0.2804 0.2588 0.9243
vn -0.2053 0.7071 0.6766
vn -0.0751 0.9659 0.2477
vn -0.4553 0.2588 0.8519
vn -0.3333 0.7071 0.6236
vn -0.1220 0.9659 0.2283
vn -0.6128 0.2588 0.7467
vn -0.4486 0.7071 0.5466
vn -0.1642 0.9659 0.2001
vn -0.7467 0.2588 0.6128
vn -0.5466 0.7071 0.4486
vn -0.2001 0.9659 0.1642
vn -0.8519 0.2588 0.4553
vn -0.6236 0.7071 0.3333
vn -0.2283 0.9659 0.1220
vn -0.9243 0.2588 0.2804
vn -0.6767 0.7071 0.2053
vn -0.2477 0.9659 0.0751
vn -0.9613 0.2588 0.0947
vn -0.7037 0.7071 0.0693
vn -0.2576 0.9659 0.0254
vn -0.9613 0.2588 -0.0947
vn -0.7037 0.7071 -0.0693
vn -0.2576 0.9659 -0.0254
vn -0.9243 0.2588 -0.2804
vn -0.6767 0.7071 -0.2053
vn -0.2477 0.9659 -0.0751
vn -0.8519 0.2588 -0.4553
vn -0.6236 0.7071 -0.3333
vn -0.2283 0.9659 -0.1220
vn -0.7467 0.2588 -0.6128
vn -0.5466 0.7071 -0.4486
vn -0.2001 0.9659 -0.1642
vn -0.6128 0.2588 -0.7467
vn -0.4486 0.7071 -0.5466
vn -0.1642 0.9659 -0.2000
vn -0.4553 0.2588 -0.8519
vn -0.3333 0.7071 -0.6236
vn -0.1220 0.9659 -0.2283
vn -0.2804 0.2588 -0.9243
vn -0.2053 0.7071 -0.6766
vn -0.0751 0.9659 -0.2477
vn -0.0947 0.2588 -0.9613
vn -0.0693 0.7071 -0.7037
vn -0.0254 0.9659 -0.2576
vn -0.0254 0.9659 0.2576
vn -0.2053 0.7071 0.6767
vn -0.1220 0.9659 0.2282
vn -0.1642 0.9659 -0.2001
vn -0.1220 0.9659 -0.2282
vn -0.2053 0.7071 -0.6767
vn 0.2053 0.7071 -0.6767
vn 0.1642 0.9659 -0.2001
vn 0.6767 0.7071 -0.2052
vn 0.1642 0.9659 0.2001
vn 0.1220 0.9659 0.2282
vn 0.2053 0.7071 0.6767
vn 0.0254 0.9659 0.2576
usemtl cup
s off
f 1844//1371 2192//1371 2196//1371 1850//1371
f 1850//1372 2196//1372 2200//1372 1856//1372
f 1856//1373 2200//1373 2204//1373 1862//1373
f 1862//1374 2204//1374 2208//1374 1868//1374
f 1868//1375 2208//1375 2212//1375 1874//1375
f 1874//1376 2212//1376 2216//1376 1880//1376
f 1880//1377 2216//1377 2220//1377 1886//1377
f 1886//1378 2220//1378 2224//1378 1892//1378
f 1892//1379 2224//1379 2228//1379 1898//1379
f 1898//1380 2228//1380 2232//1380 1904//1380
f 1904//1381 2232//1381 2236//1381 1910//1381
f 1910//1382 2236//1382 2240//1382 1916//1382
f 1916//1383 2240//1383 2244//1383 1922//1383
f 1922//1384 2244//1384 2248//1384 1928//1384
f 1928//1385 2248//1385 2252//1385 1934//1385
f 1934//1386 2252//1386 2256//1386 1940//1386
f 1940//1387 2256//1387 2260//1387 1946//1387
f 1946//1388 2260//1388 2264//1388 1952//1388
f 1952//1389 2264//1389 2268//1389 1958//1389
f 1958//1390 2268//1390 2272//1390 1964//1390
f 1964//1391 2272//1391 2276//1391 1970//1391
f 1970//1392 2276//1392 2280//1392 1976//1392
f 1976//1393 2280//1393 2284//1393 1982//1393
f 1982//1394 2284//1394 2288//1394 1988//1394
f 1988//1395 2288//1395 2292//1395 1994//1395
f 1994//1396 2292//1396 2296//1396 2000//1396
f 2000//1397 2296//1397 2300//1397 2006//1397
f 2006//1398 2300//1398 2304//1398 2012//1398
f 2012//1399 2304//1399 2308//1399 2018//1399
f 2087//1392 2083//1392 2030//1392 2031//1392
f 2018//1400 2308//1400 2187//1400 1832//1400
f 1838//1401 2184//1401 2192//1401 1844//1401
f 1832//1402 1838//1402 1842//1402 1836//1402
f 1836//1403 1842//1403 1841//1403 1835//1403
f 1835//1404 1841//1404 1840//1404 1834//1404
f 1834//1405 1840//1405 1839//1405 1833//1405
f 1833//1406 1839//1406 1837//1406 1831//1406
f 1838//1407 1844//1407 1848//1407 1842//1407
f 1842//1408 1848//1408 1847//1408 1841//1408
f 1841//1409 1847//1409 1846//1409 1840//1409
f 1840//1410 1846//1410 1845//1410 1839//1410
f 1839//1411 1845//1411 1843//1411 1837//1411
f 1844//1412 1850//1412 1854//1412 1848//1412
f 1848//1413 1854//1413 1853//1413 1847//1413
f 1847//1414 1853//1414 1852//1414 1846//1414
f 1846//1415 1852//1415 1851//1415 1845//1415
f 1845//1416 1851//1416 1849//1416 1843//1416
f 1850//1417 1856//1417 1860//1417 1854//1417
f 1854//1418 1860//1418 1859//1418 1853//1418
f 1853//1419 1859//1419 1858//1419 1852//1419
f 1852//1420 1858//1420 1857//1420 1851//1420
f 1851//1421 1857//1421 1855//1421 1849//1421
f 1856//1422 1862//1422 1866//1422 1860//1422
f 1860//1423 1866//1423 1865//1423 1859//1423
f 1859//1424 1865//1424 1864//1424 1858//1424
f 1858//1425 1864//1425 1863//1425 1857//1425
f 1857//1426 1863//1426 1861//1426 1855//1426
f 1862//1427 1868//1427 1872//1427 1866//1427
f 1866//1428 1872//1428 1871//1428 1865//1428
f 1865//1429 1871//1429 1870//1429 1864//1429
f 1864//1430 1870//1430 1869//1430 1863//1430
f 1863//1431 1869//1431 1867//1431 1861//1431
f 1868//1432 1874//1432 1878//1432 1872//1432
f 1872//1433 1878//1433 1877//1433 1871//1433
f 1871//1434 1877//1434 1876//1434 1870//1434
f 1870//1435 1876//1435 1875//1435 1869//1435
f 1869//1436 1875//1436 1873//1436 1867//1436
f 1874//1437 1880//1437 1884//1437 1878//1437
f 1878//1438 1884//1438 1883//1438 1877//1438
f 1877//1439 1883//1439 1882//1439 1876//1439
f 1876//1440 1882//1440 1881//1440 1875//1440
f 1875//1441 1881//1441 1879//1441 1873//1441
f 1880//1442 1886//1442 1890//1442 1884//1442
f 1884//1443 1890//1443 1889//1443 1883//1443
f 1883//1444 1889//1444 1888//1444 1882//1444
f 1882//1445 1888//1445 1887//1445 1881//1445
f 1881//1446 1887//1446 1885//1446 1879//1446
f 1886//1447 1892//1447 1896//1447 1890//1447
f 1890//1448 1896//1448 1895//1448 1889//1448
f 1889//1449 1895//1449 1894//1449 1888//1449
f 1888//1450 1894//1450 1893//1450 1887//1450
f 1887//1451 1893//1451 1891//1451 1885//1451
f 1892//1452 1898//1452 1902//1452 1896//1452
f 1896//1453 1902//1453 1901//1453 1895//1453
f 1895//1454 1901//1454 1900//1454 1894//1454
f 1894//1455 1900//1455 1899//1455 1893//1455
f 1893//1456 1899//1456 1897//1456 1891//1456
f 1898//1457 1904//1457 1908//1457 1902//1457
f 1902//1458 1908//1458 1907//1458 1901//1458
f 1901//1459 1907//1459 1906//1459 1900//1459
f 1900//1460 1906//1460 1905//1460 1899//1460
f 1899//1461 1905//1461 1903//1461 1897//1461
f 1904//1462 1910//1462 1914//1462 1908//1462
f 1908//1463 1914//1463 1913//1463 1907//1463
f 1907//1464 1913//1464 1912//1464 1906//1464
f 1906//1465 1912//1465 1911//1465 1905//1465
f 1905//1466 1911//1466 1909//1466 1903//1466
f 1910//1467 1916//1467 1920//1467 1914//1467
f 1914//1468 1920//1468 1919//1468 1913//1468
f 1913//1469 1919//1469 1918//1469 1912//1469
f 1912//1470 1918//1470 1917//1470 1911//1470
f 1911//1471 1917//1471 1915//1471 1909//1471
f 1916//1472 1922//1472 1926//1472 1920//1472
f 1920//1473 1926//1473 1925//1473 1919//1473
f 1919//1474 1925//1474 1924//1474 1918//1474
f 1918//1475 1924//1475 1923//1475 1917//1475
f 1917//1476 1923//1476 1921//1476 1915//1476
f 1922//1477 1928//1477 1932//1477 1926//1477
f 1926//1478 1932//1478 1931//1478 1925//1478
f 1925//1479 1931//1479 1930//1479 1924//1479
f 1924//1480 1930//1480 1929//1480 1923//1480
f 1923//1481 1929//1481 1927//1481 1921//1481
f 1928//1482 1934//1482 1938//1482 1932//1482
f 1932//1483 1938//1483 1937//1483 1931//1483
f 1931//1484 1937//1484 1936//1484 1930//1484
f 1930//1485 1936//1485 1935//1485 1929//1485
f 1929//1486 1935//1486 1933//1486 1927//1486
f 1934//1487 1940//1487 1944//1487 1938//1487
f 1938//1488 1944//1488 1943//1488 1937//1488
f 1937//1489 1943//1489 1942//1489 1936//1489
f 1936//1490 1942//1490 1941//1490 1935//1490
f 1935//1491 1941//1491 1939//1491 1933//1491
f 1940//1492 1946//1492 1950//1492 1944//1492
f 1944//1493 1950//1493 1949//1493 1943//1493
f 1943//1494 1949//1494 1948//1494 1942//1494
f 1942//1495 1948//1495 1947//1495 1941//1495
f 1941//1496 1947//1496 1945//1496 1939//1496
f 1946//1497 1952//1497 1956//1497 1950//1497
f 1950//1498 1956//1498 1955//1498 1949//1498
f 1949//1499 1955//1499 1954//1499 1948//1499
f 1948//1500 1954//1500 1953//1500 1947//1500
f 1947//1501 1953//1501 1951//1501 1945//1501
f 1952//1502 1958//1502 1962//1502 1956//1502
f 1956//1503 1962//1503 1961//1503 1955//1503
f 1955//1504 1961//1504 1960//1504 1954//1504
f 1954//1505 1960//1505 1959//1505 1953//1505
f 1953//1506 1959//1506 1957//1506 1951//1506
f 1958//1507 1964//1507 1968//1507 1962//1507
f 1962//1508 1968//1508 1967//1508 1961//1508
f 1961//1509 1967//1509 1966//1509 1960//1509
f 1960//1510 1966//1510 1965//1510 1959//1510
f 1959//1511 1965//1511 1963//1511 1957//1511
f 1964//1512 1970//1512 1974//1512 1968//1512
f 1968//1513 1974//1513 1973//1513 1967//1513
f 1967//1514 1973//1514 1972//1514 1966//1514
f 1966//1515 1972//1515 1971//1515 1965//1515
f 1965//1516 1971//1516 1969//1516 1963//1516
f 1970//1517 1976//1517 1980//1517 1974//1517
f 1974//1518 1980//1518 1979//1518 1973//1518
f 1973//1519 1979//1519 1978//1519 1972//1519
f 1972//1520 1978//1520 1977//1520 1971//1520
f 1971//1521 1977//1521 1975//1521 1969//1521
f 1976//1522 1982//1522 1986//1522 1980//1522
f 1980//1523 1986//1523 1985//1523 1979//1523
f 1979//1524 1985//1524 1984//1524 1978//1524
f 1978//1525 1984//1525 1983//1525 1977//1525
f 1977//1526 1983//1526 1981//1526 1975//1526
f 1982//1527 1988//1527 1992//1527 1986//1527
f 1986//1528 1992//1528 1991//1528 1985//1528
f 1985//1529 1991//1529 1990//1529 1984//1529
f 1984//1530 1990//1530 1989//1530 1983//1530
f 1983//1531 1989//1531 1987//1531 1981//1531
f 1988//1532 1994//1532 1998//1532 1992//1532
f 1992//1533 1998//1533 1997//1533 1991//1533
f 1991//1534 1997//1534 1996//1534 1990//1534
f 1990//1535 1996//1535 1995//1535 1989//1535
f 1989//1536 1995//1536 1993//1536 1987//1536
f 1994//1537 2000//1537 2004//1537 1998//1537
f 1998//1538 2004//1538 2003//1538 1997//1538
f 1997//1539 2003//1539 2002//1539 1996//1539
f 1996//1540 2002//1540 2001//1540 1995//1540
f 1995//1541 2001//1541 1999//1541 1993//1541
f 2000//1542 2006//1542 2010//1542 2004//1542
f 2004//1543 2010//1543 2009//1543 2003//1543
f 2003//1544 2009//1544 2008//1544 2002//1544
f 2002//1545 2008//1545 2007//1545 2001//1545
f 2001//1546 2007//1546 2005//1546 1999//1546
f 2006//1547 2012//1547 2016//1547 2010//1547
f 2010//1548 2016//1548 2015//1548 2009//1548
f 2009//1549 2015//1549 2014//1549 2008//1549
f 2008//1550 2014//1550 2013//1550 2007//1550
f 2007//1551 2013//1551 2011//1551 2005//1551
f 2012//1552 2018//1552 2022//1552 2016//1552
f 2016//1553 2022//1553 2021//1553 2015//1553
f 2015//1554 2021//1554 2020//1554 2014//1554
f 2014//1555 2020//1555 2019//1555 2013//1555
f 2013//1556 2019//1556 2017//1556 2011//1556
f 2018//1557 1832//1557 1836//1557 2022//1557
f 2022//1558 1836//1558 1835//1558 2021//1558
f 2021//1559 1835//1559 1834//1559 2020//1559
f 2020//1560 1834//1560 1833//1560 2019//1560
f 2019//1561 1833//1561 1831//1561 2017//1561
f 1831//1562 1837//1562 1843//1562 1849//1562 1855//1562 1861//1562 1867//1562 1873//1562 1879//1562 1885//1562 1891//1562 1897//1562 1903//1562 1909//1562 1915//1562 1921//1562 1927//1562 1933//1562 1939//1562 1945//1562 1951//1562 1957//1562 1963//1562 1969//1562 1975//1562 1981//1562 1987//1562 1993//1562 1999//1562 2005//1562 2011//1562 2017//1562
f 2056//1384 2179//1384 2054//1384 2024//1384
f 2067//1387 2063//1387 2025//1387 2026//1387
f 2071//1388 2067//1388 2026//1388 2027//1388
f 2075//1389 2071//1389 2027//1389 2028//1389
f 2079//1390 2075//1390 2028//1390 2029//1390
f 2080//1563 2084//1563 2211//1563 2207//1563
f 2083//1391 2079//1391 2029//1391 2030//1391
f 2091//1393 2087//1393 2031//1393 2032//1393
f 2095//1394 2091//1394 2032//1394 2033//1394
f 2099//1395 2095//1395 2033//1395 2034//1395
f 2103//1396 2099//1396 2034//1396 2035//1396
f 2107//1397 2103//1397 2035//1397 2036//1397
f 2111//1398 2107//1398 2036//1398 2037//1398
f 2115//1399 2111//1399 2037//1399 2038//1399
f 2119//1400 2115//1400 2038//1400 2039//1400
f 2123//1564 2119//1564 2039//1564 2040//1564
f 2127//1401 2123//1401 2040//1401 2041//1401
f 2131//1371 2127//1371 2041//1371 2042//1371
f 2135//1372 2131//1372 2042//1372 2043//1372
f 2139//1373 2135//1373 2043//1373 2044//1373
f 2143//1374 2139//1374 2044//1374 2045//1374
f 2147//1375 2143//1375 2045//1375 2046//1375
f 2151//1376 2147//1376 2046//1376 2047//1376
f 2155//1377 2151//1377 2047//1377 2048//1377
f 2159//1378 2155//1378 2048//1378 2049//1378
f 2163//1379 2159//1379 2049//1379 2050//1379
f 2167//1380 2163//1380 2050//1380 2051//1380
f 2171//1381 2167//1381 2051//1381 2052//1381
f 2175//1382 2171//1382 2052//1382 2053//1382
f 2179//1383 2175//1383 2053//1383 2054//1383
f 1832//1564 2187//1564 2184//1564 1838//1564
f 2063//1386 2059//1386 2023//1386 2025//1386
f 2023//1563 2024//1563 2054//1563 2053//1563 2052//1563 2051//1563 2050//1563 2049//1563 2048//1563 2047//1563 2046//1563 2045//1563 2044//1563 2043//1563 2042//1563 2041//1563 2040//1563 2039//1563 2038//1563 2037//1563 2036//1563 2035//1563 2034//1563 2033//1563 2032//1563 2031//1563 2030//1563 2029//1563 2028//1563 2027//1563 2026//1563 2025//1563
f 2136//1563 2140//1563 2267//1563 2263//1563
f 2084//1563 2088//1563 2215//1563 2211//1563
f 2140//1563 2144//1563 2271//1563 2267//1563
f 2088//1563 2092//1563 2219//1563 2215//1563
f 2144//1563 2148//1563 2275//1563 2271//1563
f 2092//1563 2096//1563 2223//1563 2219//1563
f 2148//1563 2152//1563 2279//1563 2275//1563
f 2096//1563 2100//1563 2227//1563 2223//1563
f 2152//1563 2156//1563 2283//1563 2279//1563
f 2100//1563 2104//1563 2231//1563 2227//1563
f 2156//1563 2160//1563 2287//1563 2283//1563
f 2104//1563 2108//1563 2235//1563 2231//1563
f 2160//1563 2164//1563 2291//1563 2287//1563
f 2108//1563 2112//1563 2239//1563 2235//1563
f 2055//1563 2060//1563 2183//1563 2188//1563
f 2164//1563 2168//1563 2295//1563 2291//1563
f 2112//1563 2116//1563 2243//1563 2239//1563
f 2060//1563 2064//1563 2191//1563 2183//1563
f 2168//1563 2172//1563 2299//1563 2295//1563
f 2116//1563 2120//1563 2247//1563 2243//1563
f 2064//1563 2068//1563 2195//1563 2191//1563
f 2172//1563 2176//1563 2303//1563 2299//1563
f 2120//1563 2124//1563 2251//1563 2247//1563
f 2068//1563 2072//1563 2199//1563 2195//1563
f 2176//1563 2180//1563 2307//1563 2303//1563
f 2124//1563 2128//1563 2255//1563 2251//1563
f 2072//1563 2076//1563 2203//1563 2199//1563
f 2180//1563 2055//1563 2188//1563 2307//1563
f 2128//1563 2132//1563 2259//1563 2255//1563
f 2076//1563 2080//1563 2207//1563 2203//1563
f 2132//1563 2136//1563 2263//1563 2259//1563
f 2184//1565 2187//1565 2189//1565 2186//1565
f 2186//1566 2189//1566 2190//1566 2185//1566
f 2185//1567 2190//1567 2188//1567 2183//1567
f 2192//1568 2184//1568 2186//1568 2194//1568
f 2194//1569 2186//1569 2185//1569 2193//1569
f 2193//1570 2185//1570 2183//1570 2191//1570
f 2196//1571 2192//1571 2194//1571 2198//1571
f 2198//1572 2194//1572 2193//1572 2197//1572
f 2197//1573 2193//1573 2191//1573 2195//1573
f 2200//1574 2196//1574 2198//1574 2202//1574
f 2202//1575 2198//1575 2197//1575 2201//1575
f 2201//1576 2197//1576 2195//1576 2199//1576
f 2204//1577 2200//1577 2202//1577 2206//1577
f 2206//1578 2202//1578 2201//1578 2205//1578
f 2205//1579 2201//1579 2199//1579 2203//1579
f 2208//1580 2204//1580 2206//1580 2210//1580
f 2210//1581 2206//1581 2205//1581 2209//1581
f 2209//1582 2205//1582 2203//1582 2207//1582
f 2212//1583 2208//1583 2210//1583 2214//1583
f 2214//1584 2210//1584 2209//1584 2213//1584
f 2213//1585 2209//1585 2207//1585 2211//1585
f 2216//1586 2212//1586 2214//1586 2218//1586
f 2218//1587 2214//1587 2213//1587 2217//1587
f 2217//1588 2213//1588 2211//1588 2215//1588
f 2220//1589 2216//1589 2218//1589 2222//1589
f 2222//1590 2218//1590 2217//1590 2221//1590
f 2221//1591 2217//1591 2215//1591 2219//1591
f 2224//1592 2220//1592 2222//1592 2226//1592
f 2226//1593 2222//1593 2221//1593 2225//1593
f 2225//1594 2221//1594 2219//1594 2223//1594
f 2228//1595 2224//1595 2226//1595 2230//1595
f 2230//1596 2226//1596 2225//1596 2229//1596
f 2229//1597 2225//1597 2223//1597 2227//1597
f 2232//1598 2228//1598 2230//1598 2234//1598
f 2234//1599 2230//1599 2229//1599 2233//1599
f 2233//1600 2229//1600 2227//1600 2231//1600
f 2236//1601 2232//1601 2234//1601 2238//1601
f 2238//1602 2234//1602 2233//1602 2237//1602
f 2237//1603 2233//1603 2231//1603 2235//1603
f 2240//1604 2236//1604 2238//1604 2242//1604
f 2242//1605 2238//1605 2237//1605 2241//1605
f 2241//1606 2237//1606 2235//1606 2239//1606
f 2244//1607 2240//1607 2242//1607 2246//1607
f 2246//1608 2242//1608 2241//1608 2245//1608
f 2245//1609 2241//1609 2239//1609 2243//1609
f 2248//1610 2244//1610 2246//1610 2250//1610
f 2250//1611 2246//1611 2245//1611 2249//1611
f 2249//1612 2245//1612 2243//1612 2247//1612
f 2252//1613 2248//1613 2250//1613 2254//1613
f 2254//1614 2250//1614 2249//1614 2253//1614
f 2253//1615 2249//1615 2247//1615 2251//1615
f 2256//1616 2252//1616 2254//1616 2258//1616
f 2258//1617 2254//1617 2253//1617 2257//1617
f 2257//1618 2253//1618 2251//1618 2255//1618
f 2260//1619 2256//1619 2258//1619 2262//1619
f 2262//1620 2258//1620 2257//1620 2261//1620
f 2261//1621 2257//1621 2255//1621 2259//1621
f 2264//1622 2260//1622 2262//1622 2266//1622
f 2266//1623 2262//1623 2261//1623 2265//1623
f 2265//1624 2261//1624 2259//1624 2263//1624
f 2268//1625 2264//1625 2266//1625 2270//1625
f 2270//1626 2266//1626 2265//1626 2269//1626
f 2269//1627 2265//1627 2263//1627 2267//1627
f 2272//1628 2268//1628 2270//1628 2274//1628
f 2274//1629 2270//1629 2269//1629 2273//1629
f 2273//1630 2269//1630 2267//1630 2271//1630
f 2276//1631 2272//1631 2274//1631 2278//1631
f 2278//1632 2274//1632 2273//1632 2277//1632
f 2277//1633 2273//1633 2271//1633 2275//1633
f 2280//1634 2276//1634 2278//1634 2282//1634
f 2282//1635 2278//1635 2277//1635 2281//1635
f 2281//1636 2277//1636 2275//1636 2279//1636
f 2284//1637 2280//1637 2282//1637 2286//1637
f 2286//1638 2282//1638 2281//1638 2285//1638
f 2285//1639 2281//1639 2279//1639 2283//1639
f 2288//1640 2284//1640 2286//1640 2290//1640
f 2290//1641 2286//1641 2285//1641 2289//1641
f 2289//1642 2285//1642 2283//1642 2287//1642
f 2292//1643 2288//1643 2290//1643 2294//1643
f 2294//1644 2290//1644 2289//1644 2293//1644
f 2293//1645 2289//1645 2287//1645 2291//1645
f 2296//1646 2292//1646 2294//1646 2298//1646
f 2298//1647 2294//1647 2293//1647 2297//1647
f 2297//1648 2293//1648 2291//1648 2295//1648
f 2300//1649 2296//1649 2298//1649 2302//1649
f 2302//1650 2298//1650 2297//1650 2301//1650
f 2301//1651 2297//1651 2295//1651 2299//1651
f 2304//1652 2300//1652 2302//1652 2306//1652
f 2306//1653 2302//1653 2301//1653 2305//1653
f 2305//1654 2301//1654 2299//1654 2303//1654
f 2308//1655 2304//1655 2306//1655 2310//1655
f 2310//1656 2306//1656 2305//1656 2309//1656
f 2309//1657 2305//1657 2303//1657 2307//1657
f 2187//1658 2308//1658 2310//1658 2189//1658
f 2189//1659 2310//1659 2309//1659 2190//1659
f 2190//1660 2309//1660 2307//1660 2188//1660
f 2060//1661 2055//1661 2057//1661 2062//1661
f 2062//1614 2057//1614 2058//1614 2061//1614
f 2061//1613 2058//1613 2056//1613 2059//1613
f 2064//1618 2060//1618 2062//1618 2066//1618
f 2066//1662 2062//1662 2061//1662 2065//1662
f 2065//1616 2061//1616 2059//1616 2063//1616
f 2068//1663 2064//1663 2066//1663 2070//1663
f 2070//1620 2066//1620 2065//1620 2069//1620
f 2069//1619 2065//1619 2063//1619 2067//1619
f 2072//1624 2068//1624 2070//1624 2074//1624
f 2074//1623 2070//1623 2069//1623 2073//1623
f 2073//1622 2069//1622 2067//1622 2071//1622
f 2076//1627 2072//1627 2074//1627 2078//1627
f 2078//1626 2074//1626 2073//1626 2077//1626
f 2077//1625 2073//1625 2071//1625 2075//1625
f 2080//1630 2076//1630 2078//1630 2082//1630
f 2082//1629 2078//1629 2077//1629 2081//1629
f 2081//1628 2077//1628 2075//1628 2079//1628
f 2084//1633 2080//1633 2082//1633 2086//1633
f 2086//1632 2082//1632 2081//1632 2085//1632
f 2085//1631 2081//1631 2079//1631 2083//1631
f 2088//1636 2084//1636 2086//1636 2090//1636
f 2090//1635 2086//1635 2085//1635 2089//1635
f 2089//1634 2085//1634 2083//1634 2087//1634
f 2092//1639 2088//1639 2090//1639 2094//1639
f 2094//1638 2090//1638 2089//1638 2093//1638
f 2093//1637 2089//1637 2087//1637 2091//1637
f 2096//1642 2092//1642 2094//1642 2098//1642
f 2098//1641 2094//1641 2093//1641 2097//1641
f 2097//1640 2093//1640 2091//1640 2095//1640
f 2100//1645 2096//1645 2098//1645 2102//1645
f 2102//1644 2098//1644 2097//1644 2101//1644
f 2101//1643 2097//1643 2095//1643 2099//1643
f 2104//1648 2100//1648 2102//1648 2106//1648
f 2106//1647 2102//1647 2101//1647 2105//1647
f 2105//1646 2101//1646 2099//1646 2103//1646
f 2108//1664 2104//1664 2106//1664 2110//1664
f 2110//1650 2106//1650 2105//1650 2109//1650
f 2109//1649 2105//1649 2103//1649 2107//1649
f 2112//1665 2108//1665 2110//1665 2114//1665
f 2114//1653 2110//1653 2109//1653 2113//1653
f 2113//1652 2109//1652 2107//1652 2111//1652
f 2116//1657 2112//1657 2114//1657 2118//1657
f 2118//1666 2114//1666 2113//1666 2117//1666
f 2117//1655 2113//1655 2111//1655 2115//1655
f 2120//1660 2116//1660 2118//1660 2122//1660
f 2122//1659 2118//1659 2117//1659 2121//1659
f 2121//1658 2117//1658 2115//1658 2119//1658
f 2124//1567 2120//1567 2122//1567 2126//1567
f 2126//1566 2122//1566 2121//1566 2125//1566
f 2125//1565 2121//1565 2119//1565 2123//1565
f 2128//1570 2124//1570 2126//1570 2130//1570
f 2130//1667 2126//1667 2125//1667 2129//1667
f 2129//1568 2125//1568 2123//1568 2127//1568
f 2132//1573 2128//1573 2130//1573 2134//1573
f 2134//1572 2130//1572 2129//1572 2133//1572
f 2133//1571 2129//1571 2127//1571 2131//1571
f 2136//1668 2132//1668 2134//1668 2138//1668
f 2138//1575 2134//1575 2133//1575 2137//1575
f 2137//1574 2133//1574 2131//1574 2135//1574
f 2140//1579 2136//1579 2138//1579 2142//1579
f 2142//1578 2138//1578 2137//1578 2141//1578
f 2141//1577 2137//1577 2135//1577 2139//1577
f 2144//1582 2140//1582 2142//1582 2146//1582
f 2146//1581 2142//1581 2141//1581 2145//1581
f 2145//1580 2141//1580 2139//1580 2143//1580
f 2148//1585 2144//1585 2146//1585 2150//1585
f 2150//1669 2146//1669 2145//1669 2149//1669
f 2149//1583 2145//1583 2143//1583 2147//1583
f 2152//1588 2148//1588 2150//1588 2154//1588
f 2154//1587 2150//1587 2149//1587 2153//1587
f 2153//1586 2149//1586 2147//1586 2151//1586
f 2156//1591 2152//1591 2154//1591 2158//1591
f 2158//1590 2154//1590 2153//1590 2157//1590
f 2157//1589 2153//1589 2151//1589 2155//1589
f 2160//1594 2156//1594 2158//1594 2162//1594
f 2162//1593 2158//1593 2157//1593 2161//1593
f 2161//1592 2157//1592 2155//1592 2159//1592
f 2164//1597 2160//1597 2162//1597 2166//1597
f 2166//1596 2162//1596 2161//1596 2165//1596
f 2165//1595 2161//1595 2159//1595 2163//1595
f 2168//1600 2164//1600 2166//1600 2170//1600
f 2170//1599 2166//1599 2165//1599 2169//1599
f 2169//1598 2165//1598 2163//1598 2167//1598
f 2172//1670 2168//1670 2170//1670 2174//1670
f 2174//1602 2170//1602 2169//1602 2173//1602
f 2173//1601 2169//1601 2167//1601 2171//1601
f 2176//1671 2172//1671 2174//1671 2178//1671
f 2178//1605 2174//1605 2173//1605 2177//1605
f 2177//1604 2173//1604 2171//1604 2175//1604
f 2180//1609 2176//1609 2178//1609 2182//1609
f 2182//1672 2178//1672 2177//1672 2181//1672
f 2181//1607 2177//1607 2175//1607 2179//1607
f 2055//1673 2180//1673 2182//1673 2057//1673
f 2057//1611 2182//1611 2181//1611 2058//1611
f 2058//1610 2181//1610 2179//1610 2056//1610
f 2059//1385 2056//1385 2024//1385 2023//1385
o Cylinder.000_Cylinder.010
v 0.202408 0.743832 0.284627
v 0.202408 0.752860 0.275554
v 0.202408 0.744274 0.281823
v 0.202408 0.745556 0.279294
v 0.202408 0.747553 0.277287
v 0.202408 0.750070 0.275998
v 0.210697 0.743832 0.285443
v 0.212467 0.752860 0.276545
v 0.211244 0.744274 0.282693
v 0.211737 0.745556 0.280213
v 0.212129 0.747553 0.278244
v 0.212380 0.750070 0.276981
v 0.218668 0.743832 0.287861
v 0.222140 0.752860 0.279479
v 0.219741 0.744274 0.285271
v 0.220708 0.745556 0.282934
v 0.221477 0.747553 0.281080
v 0.221970 0.750070 0.279889
v 0.226014 0.743832 0.291787
v 0.231054 0.752860 0.284244
v 0.227571 0.744274 0.289456
v 0.228976 0.745556 0.287353
v 0.230091 0.747553 0.285685
v 0.230807 0.750070 0.284613
v 0.232452 0.743832 0.297071
v 0.238867 0.752860 0.290656
v 0.234435 0.744274 0.295089
v 0.236223 0.745556 0.293301
v 0.237642 0.747553 0.291882
v 0.238553 0.750070 0.290970
v 0.237737 0.743832 0.303510
v 0.245280 0.752860 0.298470
v 0.240068 0.744274 0.301953
v 0.242170 0.745556 0.300548
v 0.243839 0.747553 0.299433
v 0.244911 0.750070 0.298717
v 0.241663 0.743832 0.310856
v 0.250045 0.752860 0.307384
v 0.244253 0.744274 0.309783
v 0.246590 0.745556 0.308815
v 0.248444 0.747553 0.308047
v 0.249634 0.750070 0.307554
v 0.244081 0.743832 0.318827
v 0.252979 0.752860 0.317057
v 0.246831 0.744274 0.318280
v 0.249311 0.745556 0.317786
v 0.251280 0.747553 0.317395
v 0.252543 0.750070 0.317144
v 0.244897 0.743832 0.327116
v 0.253970 0.752860 0.327116
v 0.247701 0.744274 0.327116
v 0.250230 0.745556 0.327116
v 0.252237 0.747553 0.327116
v 0.253526 0.750070 0.327116
v 0.244081 0.743832 0.335405
v 0.252979 0.752860 0.337175
v 0.246831 0.744274 0.335952
v 0.249311 0.745556 0.336446
v 0.251280 0.747553 0.336837
v 0.252543 0.750070 0.337089
v 0.241663 0.743832 0.343376
v 0.250045 0.752860 0.346848
v 0.244253 0.744274 0.344449
v 0.246590 0.745556 0.345417
v 0.248444 0.747553 0.346185
v 0.249634 0.750070 0.346678
v 0.237737 0.743832 0.350722
v 0.245280 0.752860 0.355762
v 0.240068 0.744274 0.352280
v 0.242170 0.745556 0.353685
v 0.243839 0.747553 0.354800
v 0.244911 0.750070 0.355516
v 0.232452 0.743832 0.357161
v 0.238867 0.752860 0.363576
v 0.234435 0.744274 0.359143
v 0.236223 0.745556 0.360931
v 0.237642 0.747553 0.362351
v 0.238554 0.750070 0.363262
v 0.226014 0.743832 0.362445
v 0.231054 0.752860 0.369988
v 0.227571 0.744274 0.364776
v 0.228976 0.745556 0.366879
v 0.230091 0.747553 0.368548
v 0.230807 0.750070 0.369619
v 0.218668 0.743832 0.366371
v 0.222140 0.752860 0.374753
v 0.219741 0.744274 0.368961
v 0.220708 0.745556 0.371298
v 0.221477 0.747553 0.373152
v 0.221970 0.750070 0.374343
v 0.210697 0.743832 0.368789
v 0.212467 0.752860 0.377687
v 0.211244 0.744274 0.371539
v 0.211737 0.745556 0.374019
v 0.212129 0.747553 0.375988
v 0.212380 0.750070 0.377252
v 0.202408 0.743832 0.369606
v 0.202408 0.752860 0.378678
v 0.202408 0.744274 0.372409
v 0.202408 0.745556 0.374938
v 0.202408 0.747553 0.376945
v 0.202408 0.750070 0.378234
v 0.194118 0.743832 0.368789
v 0.192349 0.752860 0.377687
v 0.193571 0.744274 0.371539
v 0.193078 0.745556 0.374019
v 0.192687 0.747553 0.375988
v 0.192435 0.750070 0.377252
v 0.186148 0.743832 0.366371
v 0.182676 0.752860 0.374753
v 0.185075 0.744274 0.368961
v 0.184107 0.745556 0.371298
v 0.183339 0.747553 0.373152
v 0.182846 0.750070 0.374343
v 0.178802 0.743832 0.362445
v 0.173762 0.752860 0.369988
v 0.177244 0.744274 0.364776
v 0.175839 0.745556 0.366879
v 0.174724 0.747553 0.368548
v 0.174008 0.750070 0.369619
v 0.172363 0.743832 0.357161
v 0.165948 0.752860 0.363576
v 0.170381 0.744274 0.359143
v 0.168592 0.745556 0.360931
v 0.167173 0.747553 0.362351
v 0.166262 0.750070 0.363262
v 0.167079 0.743832 0.350722
v 0.159536 0.752860 0.355762
v 0.164748 0.744274 0.352280
v 0.162645 0.745556 0.353685
v 0.160976 0.747553 0.354800
v 0.159905 0.750070 0.355516
v 0.163152 0.743832 0.343376
v 0.154771 0.752860 0.346848
v 0.160562 0.744274 0.344449
v 0.158226 0.745556 0.345417
v 0.156372 0.747553 0.346185
v 0.155181 0.750070 0.346678
v 0.160735 0.743832 0.335405
v 0.151837 0.752860 0.337175
v 0.157985 0.744274 0.335952
v 0.155504 0.745556 0.336446
v 0.153536 0.747553 0.336837
v 0.152272 0.750070 0.337089
v 0.159918 0.743832 0.327116
v 0.150846 0.752860 0.327116
v 0.157115 0.744274 0.327116
v 0.154586 0.745556 0.327116
v 0.152579 0.747553 0.327116
v 0.151290 0.750070 0.327116
v 0.160735 0.743832 0.318827
v 0.151837 0.752860 0.317057
v 0.157985 0.744274 0.318280
v 0.155505 0.745556 0.317786
v 0.153536 0.747553 0.317395
v 0.152272 0.750070 0.317143
v 0.163153 0.743832 0.310856
v 0.154771 0.752860 0.307384
v 0.160562 0.744274 0.309783
v 0.158226 0.745556 0.308815
v 0.156372 0.747553 0.308047
v 0.155181 0.750070 0.307554
v 0.167079 0.743832 0.303510
v 0.159536 0.752860 0.298470
v 0.164748 0.744274 0.301953
v 0.162645 0.745556 0.300548
v 0.160976 0.747553 0.299432
v 0.159905 0.750070 0.298717
v 0.172363 0.743832 0.297071
v 0.165948 0.752860 0.290656
v 0.170381 0.744274 0.295089
v 0.168592 0.745556 0.293301
v 0.167173 0.747553 0.291882
v 0.166262 0.750070 0.290970
v 0.178802 0.743832 0.291787
v 0.173762 0.752860 0.284244
v 0.177244 0.744274 0.289456
v 0.175839 0.745556 0.287353
v 0.174724 0.747553 0.285685
v 0.174008 0.750070 0.284613
v 0.186148 0.743832 0.287861
v 0.182676 0.752860 0.279479
v 0.185075 0.744274 0.285271
v 0.184107 0.745556 0.282934
v 0.183339 0.747553 0.281080
v 0.182846 0.750070 0.279889
v 0.194118 0.743832 0.285443
v 0.192349 0.752860 0.276545
v 0.193572 0.744274 0.282693
v 0.193078 0.745556 0.280213
v 0.192687 0.747553 0.278244
v 0.192435 0.750070 0.276981
v 0.210246 0.861305 0.287708
v 0.202408 0.861305 0.286936
v 0.217784 0.861305 0.289995
v 0.224730 0.861305 0.293708
v 0.230819 0.861305 0.298705
v 0.235816 0.861305 0.304793
v 0.239529 0.861305 0.311740
v 0.241816 0.861305 0.319277
v 0.242588 0.861305 0.327116
v 0.241816 0.861305 0.334955
v 0.239529 0.861305 0.342492
v 0.235816 0.861305 0.349439
v 0.230819 0.861305 0.355528
v 0.224730 0.861305 0.360524
v 0.217784 0.861305 0.364237
v 0.210246 0.861305 0.366524
v 0.202408 0.861305 0.367296
v 0.194569 0.861305 0.366524
v 0.187032 0.861305 0.364237
v 0.180085 0.861305 0.360524
v 0.173996 0.861305 0.355528
v 0.168999 0.861305 0.349439
v 0.165286 0.861305 0.342492
v 0.163000 0.861305 0.334955
v 0.162228 0.861305 0.327116
v 0.163000 0.861305 0.319277
v 0.165286 0.861305 0.311740
v 0.168999 0.861305 0.304793
v 0.173996 0.861305 0.298705
v 0.180085 0.861305 0.293708
v 0.187032 0.861305 0.289995
v 0.194569 0.861305 0.287708
v 0.202408 0.891154 0.282591
v 0.202408 0.886830 0.286936
v 0.202408 0.890575 0.284764
v 0.202408 0.888992 0.286354
v 0.210246 0.886830 0.287708
v 0.211094 0.891154 0.283447
v 0.210360 0.888992 0.287137
v 0.210670 0.890575 0.285578
v 0.217784 0.886830 0.289995
v 0.219447 0.891154 0.285981
v 0.218007 0.888992 0.289457
v 0.218615 0.890575 0.287988
v 0.224730 0.886830 0.293708
v 0.227144 0.891154 0.290095
v 0.225054 0.888992 0.293224
v 0.225937 0.890575 0.291901
v 0.230819 0.886830 0.298705
v 0.233891 0.891154 0.295632
v 0.231231 0.888992 0.298293
v 0.232355 0.890575 0.297169
v 0.235816 0.886830 0.304793
v 0.239429 0.891154 0.302380
v 0.236300 0.888992 0.304470
v 0.237622 0.890575 0.303586
v 0.239529 0.886830 0.311740
v 0.243543 0.891154 0.310077
v 0.240067 0.888992 0.311517
v 0.241536 0.890575 0.310909
v 0.241816 0.886830 0.319277
v 0.246077 0.891154 0.318430
v 0.242386 0.888992 0.319164
v 0.243946 0.890575 0.318854
v 0.242588 0.886830 0.327116
v 0.246932 0.891154 0.327116
v 0.243170 0.888992 0.327116
v 0.244760 0.890575 0.327116
v 0.241816 0.886830 0.334955
v 0.246077 0.891154 0.335802
v 0.242386 0.888992 0.335068
v 0.243946 0.890575 0.335379
v 0.239529 0.886830 0.342492
v 0.243543 0.891154 0.344155
v 0.240067 0.888992 0.342715
v 0.241536 0.890575 0.343324
v 0.235816 0.886830 0.349439
v 0.239429 0.891154 0.351853
v 0.236300 0.888992 0.349762
v 0.237622 0.890575 0.350646
v 0.230819 0.886830 0.355528
v 0.233891 0.891154 0.358600
v 0.231231 0.888992 0.355939
v 0.232355 0.890575 0.357064
v 0.224730 0.886830 0.360524
v 0.227144 0.891154 0.364137
v 0.225054 0.888992 0.361008
v 0.225937 0.890575 0.362331
v 0.217784 0.886830 0.364237
v 0.219447 0.891154 0.368252
v 0.218007 0.888992 0.364775
v 0.218615 0.890575 0.366245
v 0.210246 0.886830 0.366524
v 0.211094 0.891154 0.370785
v 0.210360 0.888992 0.367095
v 0.210670 0.890575 0.368655
v 0.202408 0.886830 0.367296
v 0.202408 0.891154 0.371641
v 0.202408 0.888992 0.367878
v 0.202408 0.890575 0.369468
v 0.194569 0.886830 0.366524
v 0.193721 0.891154 0.370785
v 0.194455 0.888992 0.367095
v 0.194145 0.890575 0.368655
v 0.187032 0.886830 0.364237
v 0.185369 0.891154 0.368252
v 0.186809 0.888992 0.364775
v 0.186200 0.890575 0.366245
v 0.180085 0.886830 0.360524
v 0.177671 0.891154 0.364137
v 0.179762 0.888992 0.361008
v 0.178878 0.890575 0.362331
v 0.173996 0.886830 0.355528
v 0.170924 0.891154 0.358600
v 0.173585 0.888992 0.355939
v 0.172460 0.890575 0.357064
v 0.168999 0.886830 0.349439
v 0.165387 0.891154 0.351853
v 0.168515 0.888992 0.349762
v 0.167193 0.890575 0.350646
v 0.165286 0.886830 0.342492
v 0.161272 0.891154 0.344155
v 0.164749 0.888992 0.342715
v 0.163279 0.890575 0.343324
v 0.163000 0.886830 0.334955
v 0.158739 0.891154 0.335802
v 0.162429 0.888992 0.335068
v 0.160869 0.890575 0.335379
v 0.162228 0.886830 0.327116
v 0.157883 0.891154 0.327116
v 0.161646 0.888992 0.327116
v 0.160055 0.890575 0.327116
v 0.163000 0.886830 0.319277
v 0.158739 0.891154 0.318430
v 0.162429 0.888992 0.319164
v 0.160869 0.890575 0.318854
v 0.165286 0.886830 0.311740
v 0.161272 0.891154 0.310077
v 0.164749 0.888992 0.311517
v 0.163279 0.890575 0.310909
v 0.168999 0.886830 0.304793
v 0.165387 0.891154 0.302379
v 0.168515 0.888992 0.304470
v 0.167193 0.890575 0.303586
v 0.173996 0.886830 0.298705
v 0.170924 0.891154 0.295632
v 0.173585 0.888992 0.298293
v 0.172460 0.890575 0.297168
v 0.180085 0.886830 0.293708
v 0.177671 0.891154 0.290095
v 0.179762 0.888992 0.293224
v 0.178878 0.890575 0.291901
v 0.187032 0.886830 0.289995
v 0.185369 0.891154 0.285981
v 0.186809 0.888992 0.289457
v 0.186200 0.890575 0.287988
v 0.194569 0.886830 0.287708
v 0.193721 0.891154 0.283447
v 0.194456 0.888992 0.287137
v 0.194145 0.890575 0.285578
v 0.211619 0.891154 0.280806
v 0.212467 0.886830 0.276545
v 0.212043 0.890575 0.278676
v 0.212353 0.888992 0.277116
v 0.202408 0.886830 0.275554
v 0.202408 0.891154 0.279899
v 0.202408 0.888992 0.276136
v 0.202408 0.890575 0.277727
v 0.220477 0.891154 0.283493
v 0.222140 0.886830 0.279479
v 0.221308 0.890575 0.281486
v 0.221917 0.888992 0.280017
v 0.228640 0.891154 0.287857
v 0.231054 0.886830 0.284244
v 0.229847 0.890575 0.286050
v 0.230731 0.888992 0.284728
v 0.235795 0.891154 0.293729
v 0.238867 0.886830 0.290656
v 0.237331 0.890575 0.292193
v 0.238456 0.888992 0.291068
v 0.241667 0.891154 0.300884
v 0.245280 0.886830 0.298470
v 0.243474 0.890575 0.299677
v 0.244796 0.888992 0.298793
v 0.246031 0.891154 0.309047
v 0.250045 0.886830 0.307384
v 0.248038 0.890575 0.308216
v 0.249507 0.888992 0.307607
v 0.248717 0.891154 0.317905
v 0.252979 0.886830 0.317057
v 0.250848 0.890575 0.317481
v 0.252408 0.888992 0.317170
v 0.249625 0.891154 0.327116
v 0.253970 0.886830 0.327116
v 0.251797 0.890575 0.327116
v 0.253387 0.888992 0.327116
v 0.248717 0.891154 0.336328
v 0.252979 0.886830 0.337175
v 0.250848 0.890575 0.336752
v 0.252408 0.888992 0.337062
v 0.246031 0.891154 0.345185
v 0.250045 0.886830 0.346848
v 0.248038 0.890575 0.346017
v 0.249507 0.888992 0.346625
v 0.241667 0.891154 0.353348
v 0.245280 0.886830 0.355762
v 0.243474 0.890575 0.354555
v 0.244796 0.888992 0.355439
v 0.235795 0.891154 0.360504
v 0.238867 0.886830 0.363576
v 0.237331 0.890575 0.362040
v 0.238456 0.888992 0.363164
v 0.228640 0.891154 0.366376
v 0.231054 0.886830 0.369988
v 0.229847 0.890575 0.368182
v 0.230731 0.888992 0.369504
v 0.220477 0.891154 0.370739
v 0.222140 0.886830 0.374753
v 0.221308 0.890575 0.372746
v 0.221917 0.888992 0.374215
v 0.211619 0.891154 0.373426
v 0.212467 0.886830 0.377687
v 0.212043 0.890575 0.375557
v 0.212353 0.888992 0.377116
v 0.202408 0.891154 0.374333
v 0.202408 0.886830 0.378678
v 0.202408 0.890575 0.376506
v 0.202408 0.888992 0.378096
v 0.193196 0.891154 0.373426
v 0.192349 0.886830 0.377687
v 0.192772 0.890575 0.375557
v 0.192462 0.888992 0.377116
v 0.184339 0.891154 0.370739
v 0.182676 0.886830 0.374753
v 0.183507 0.890575 0.372746
v 0.182899 0.888992 0.374215
v 0.176175 0.891154 0.366376
v 0.173762 0.886830 0.369988
v 0.174968 0.890575 0.368182
v 0.174085 0.888992 0.369504
v 0.169020 0.891154 0.360504
v 0.165948 0.886830 0.363576
v 0.167484 0.890575 0.362040
v 0.166360 0.888992 0.363164
v 0.163148 0.891154 0.353348
v 0.159536 0.886830 0.355762
v 0.161342 0.890575 0.354555
v 0.160020 0.888992 0.355439
v 0.158785 0.891154 0.345185
v 0.154771 0.886830 0.346848
v 0.156778 0.890575 0.346017
v 0.155309 0.888992 0.346625
v 0.156098 0.891154 0.336328
v 0.151837 0.886830 0.337175
v 0.153967 0.890575 0.336751
v 0.152408 0.888992 0.337062
v 0.155191 0.891154 0.327116
v 0.150846 0.886830 0.327116
v 0.153018 0.890575 0.327116
v 0.151428 0.888992 0.327116
v 0.156098 0.891154 0.317905
v 0.151837 0.886830 0.317057
v 0.153967 0.890575 0.317481
v 0.152408 0.888992 0.317170
v 0.158785 0.891154 0.309047
v 0.154771 0.886830 0.307384
v 0.156778 0.890575 0.308216
v 0.155309 0.888992 0.307607
v 0.163148 0.891154 0.300884
v 0.159536 0.886830 0.298470
v 0.161342 0.890575 0.299677
v 0.160020 0.888992 0.298793
v 0.169020 0.891154 0.293729
v 0.165948 0.886830 0.290656
v 0.167484 0.890575 0.292193
v 0.166360 0.888992 0.291068
v 0.176175 0.891154 0.287857
v 0.173762 0.886830 0.284244
v 0.174969 0.890575 0.286050
v 0.174085 0.888992 0.284728
v 0.184339 0.891154 0.283493
v 0.182676 0.886830 0.279479
v 0.183507 0.890575 0.281486
v 0.182899 0.888992 0.280017
v 0.193196 0.891154 0.280806
v 0.192349 0.886830 0.276545
v 0.192772 0.890575 0.278676
v 0.192462 0.888992 0.277116
vn 0.4714 0.0000 -0.8819
vn 0.6344 0.0000 -0.7730
vn 0.7730 0.0000 -0.6344
vn 0.8819 0.0000 -0.4714
vn 0.9569 0.0000 -0.2903
vn 0.9952 0.0000 -0.0980
vn 0.9952 0.0000 0.0980
vn 0.9569 0.0000 0.2903
vn 0.8819 0.0000 0.4714
vn 0.7730 0.0000 0.6344
vn 0.6344 0.0000 0.7730
vn 0.4714 0.0000 0.8819
vn 0.2903 0.0000 0.9569
vn 0.0980 0.0000 0.9952
vn -0.0980 0.0000 0.9952
vn -0.2903 0.0000 0.9569
vn -0.4714 0.0000 0.8819
vn -0.6344 0.0000 0.7730
vn -0.7730 0.0000 0.6344
vn -0.8819 0.0000 0.4714
vn -0.9569 0.0000 0.2903
vn -0.9952 0.0000 0.0980
vn -0.9952 0.0000 -0.0980
vn -0.9569 0.0000 -0.2903
vn -0.8819 0.0000 -0.4714
vn -0.7730 0.0000 -0.6344
vn -0.6344 0.0000 -0.7730
vn -0.4714 0.0000 -0.8819
vn -0.2903 0.0000 -0.9569
vn -0.0980 0.0000 -0.9952
vn 0.2903 0.0000 -0.9569
vn 0.0968 -0.1564 -0.9829
vn 0.0873 -0.4540 -0.8867
vn 0.0693 -0.7071 -0.7037
vn 0.0445 -0.8910 -0.4518
vn 0.0153 -0.9877 -0.1557
vn 0.2867 -0.1564 -0.9452
vn 0.2586 -0.4540 -0.8526
vn 0.2053 -0.7071 -0.6767
vn 0.1318 -0.8910 -0.4345
vn 0.0454 -0.9877 -0.1497
vn 0.4656 -0.1564 -0.8711
vn 0.4200 -0.4540 -0.7858
vn 0.3333 -0.7071 -0.6236
vn 0.2140 -0.8910 -0.4004
vn 0.0737 -0.9877 -0.1379
vn 0.6266 -0.1564 -0.7635
vn 0.5652 -0.4540 -0.6888
vn 0.4486 -0.7071 -0.5466
vn 0.2880 -0.8910 -0.3509
vn 0.0992 -0.9877 -0.1209
vn 0.7635 -0.1564 -0.6266
vn 0.6888 -0.4540 -0.5653
vn 0.5466 -0.7071 -0.4486
vn 0.3509 -0.8910 -0.2880
vn 0.1209 -0.9877 -0.0992
vn 0.8711 -0.1564 -0.4656
vn 0.7858 -0.4540 -0.4200
vn 0.6236 -0.7071 -0.3333
vn 0.4004 -0.8910 -0.2140
vn 0.1380 -0.9877 -0.0737
vn 0.9452 -0.1564 -0.2867
vn 0.8526 -0.4540 -0.2586
vn 0.6767 -0.7071 -0.2053
vn 0.4344 -0.8910 -0.1318
vn 0.1497 -0.9877 -0.0454
vn 0.9829 -0.1564 -0.0968
vn 0.8867 -0.4540 -0.0873
vn 0.7037 -0.7071 -0.0693
vn 0.4518 -0.8910 -0.0445
vn 0.1557 -0.9877 -0.0153
vn 0.9829 -0.1564 0.0968
vn 0.8867 -0.4540 0.0873
vn 0.7037 -0.7071 0.0693
vn 0.4518 -0.8910 0.0445
vn 0.1557 -0.9877 0.0153
vn 0.9452 -0.1564 0.2867
vn 0.8526 -0.4540 0.2586
vn 0.6767 -0.7071 0.2053
vn 0.4344 -0.8910 0.1318
vn 0.1497 -0.9877 0.0454
vn 0.8711 -0.1564 0.4656
vn 0.7858 -0.4540 0.4200
vn 0.6236 -0.7071 0.3333
vn 0.4004 -0.8910 0.2140
vn 0.1380 -0.9877 0.0737
vn 0.7635 -0.1564 0.6266
vn 0.6888 -0.4540 0.5653
vn 0.5466 -0.7071 0.4486
vn 0.3509 -0.8910 0.2880
vn 0.1209 -0.9877 0.0992
vn 0.6266 -0.1564 0.7635
vn 0.5652 -0.4540 0.6888
vn 0.4486 -0.7071 0.5466
vn 0.2880 -0.8910 0.3509
vn 0.0992 -0.9877 0.1209
vn 0.4656 -0.1564 0.8711
vn 0.4200 -0.4540 0.7858
vn 0.3333 -0.7071 0.6236
vn 0.2140 -0.8910 0.4004
vn 0.0737 -0.9877 0.1379
vn 0.2867 -0.1564 0.9452
vn 0.2586 -0.4540 0.8526
vn 0.2053 -0.7071 0.6767
vn 0.1318 -0.8910 0.4345
vn 0.0454 -0.9877 0.1497
vn 0.0968 -0.1564 0.9829
vn 0.0873 -0.4540 0.8867
vn 0.0693 -0.7071 0.7037
vn 0.0445 -0.8910 0.4518
vn 0.0153 -0.9877 0.1557
vn -0.0968 -0.1564 0.9829
vn -0.0873 -0.4540 0.8867
vn -0.0693 -0.7071 0.7037
vn -0.0445 -0.8910 0.4518
vn -0.0153 -0.9877 0.1557
vn -0.2867 -0.1564 0.9452
vn -0.2586 -0.4540 0.8526
vn -0.2053 -0.7071 0.6767
vn -0.1318 -0.8910 0.4344
vn -0.0454 -0.9877 0.1497
vn -0.4656 -0.1564 0.8711
vn -0.4200 -0.4540 0.7858
vn -0.3333 -0.7071 0.6236
vn -0.2140 -0.8910 0.4004
vn -0.0737 -0.9877 0.1379
vn -0.6266 -0.1564 0.7635
vn -0.5652 -0.4540 0.6888
vn -0.4486 -0.7071 0.5466
vn -0.2880 -0.8910 0.3509
vn -0.0992 -0.9877 0.1209
vn -0.7635 -0.1564 0.6266
vn -0.6888 -0.4540 0.5652
vn -0.5466 -0.7071 0.4486
vn -0.3509 -0.8910 0.2880
vn -0.1209 -0.9877 0.0992
vn -0.8711 -0.1564 0.4656
vn -0.7858 -0.4540 0.4200
vn -0.6236 -0.7071 0.3333
vn -0.4004 -0.8910 0.2140
vn -0.1380 -0.9877 0.0737
vn -0.9452 -0.1564 0.2867
vn -0.8526 -0.4540 0.2586
vn -0.6767 -0.7071 0.2053
vn -0.4345 -0.8910 0.1318
vn -0.1497 -0.9877 0.0454
vn -0.9829 -0.1564 0.0968
vn -0.8867 -0.4540 0.0873
vn -0.7037 -0.7071 0.0693
vn -0.4518 -0.8910 0.0445
vn -0.1557 -0.9877 0.0153
vn -0.9829 -0.1564 -0.0968
vn -0.8867 -0.4540 -0.0873
vn -0.7037 -0.7071 -0.0693
vn -0.4518 -0.8910 -0.0445
vn -0.1557 -0.9877 -0.0153
vn -0.9452 -0.1564 -0.2867
vn -0.8526 -0.4540 -0.2586
vn -0.6767 -0.7071 -0.2053
vn -0.4345 -0.8910 -0.1318
vn -0.1497 -0.9877 -0.0454
vn -0.8711 -0.1564 -0.4656
vn -0.7858 -0.4540 -0.4200
vn -0.6236 -0.7071 -0.3333
vn -0.4004 -0.8910 -0.2140
vn -0.1380 -0.9877 -0.0737
vn -0.7635 -0.1564 -0.6266
vn -0.6888 -0.4540 -0.5652
vn -0.5466 -0.7071 -0.4486
vn -0.3509 -0.8910 -0.2880
vn -0.1209 -0.9877 -0.0992
vn -0.6266 -0.1564 -0.7635
vn -0.5652 -0.4540 -0.6888
vn -0.4486 -0.7071 -0.5466
vn -0.2880 -0.8910 -0.3509
vn -0.0992 -0.9877 -0.1209
vn -0.4656 -0.1564 -0.8711
vn -0.4200 -0.4540 -0.7858
vn -0.3333 -0.7071 -0.6236
vn -0.2140 -0.8910 -0.4004
vn -0.0737 -0.9877 -0.1379
vn -0.2867 -0.1564 -0.9452
vn -0.2586 -0.4540 -0.8526
vn -0.2053 -0.7071 -0.6767
vn -0.1318 -0.8910 -0.4345
vn -0.0454 -0.9877 -0.1497
vn -0.0968 -0.1564 -0.9829
vn -0.0873 -0.4540 -0.8867
vn -0.0693 -0.7071 -0.7037
vn -0.0445 -0.8910 -0.4518
vn -0.0153 -0.9877 -0.1557
vn 0.0000 -1.0000 -0.0000
vn 0.0000 1.0000 0.0000
vn 0.0980 0.0000 -0.9952
vn 0.0947 0.2588 -0.9613
vn 0.0693 0.7071 -0.7037
vn 0.0254 0.9659 -0.2575
vn 0.2804 0.2588 -0.9243
vn 0.2053 0.7071 -0.6766
vn 0.0751 0.9659 -0.2477
vn 0.4553 0.2588 -0.8519
vn 0.3333 0.7071 -0.6236
vn 0.1220 0.9659 -0.2283
vn 0.6128 0.2588 -0.7467
vn 0.4486 0.7071 -0.5466
vn 0.1642 0.9659 -0.2000
vn 0.7467 0.2588 -0.6128
vn 0.5466 0.7071 -0.4486
vn 0.2001 0.9659 -0.1642
vn 0.8519 0.2588 -0.4553
vn 0.6236 0.7071 -0.3333
vn 0.2283 0.9659 -0.1220
vn 0.9243 0.2588 -0.2804
vn 0.6767 0.7071 -0.2053
vn 0.2477 0.9659 -0.0751
vn 0.9613 0.2588 -0.0947
vn 0.7037 0.7071 -0.0693
vn 0.2576 0.9659 -0.0254
vn 0.9613 0.2588 0.0947
vn 0.7037 0.7071 0.0693
vn 0.2576 0.9659 0.0254
vn 0.9243 0.2588 0.2804
vn 0.6767 0.7071 0.2053
vn 0.2477 0.9659 0.0751
vn 0.8519 0.2588 0.4553
vn 0.6236 0.7071 0.3333
vn 0.2283 0.9659 0.1220
vn 0.7467 0.2588 0.6128
vn 0.5466 0.7071 0.4486
vn 0.2001 0.9659 0.1642
vn 0.6128 0.2588 0.7467
vn 0.4486 0.7071 0.5466
vn 0.1642 0.9659 0.2000
vn 0.4553 0.2588 0.8519
vn 0.3333 0.7071 0.6236
vn 0.1220 0.9659 0.2283
vn 0.2804 0.2588 0.9243
vn 0.2053 0.7071 0.6766
vn 0.0751 0.9659 0.2477
vn 0.0947 0.2588 0.9613
vn 0.0693 0.7071 0.7037
vn 0.0254 0.9659 0.2575
vn -0.0947 0.2588 0.9613
vn -0.0693 0.7071 0.7037
vn -0.0254 0.9659 0.2575
vn -0.2804 0.2588 0.9243
vn -0.2053 0.7071 0.6767
vn -0.0751 0.9659 0.2477
vn -0.4553 0.2588 0.8519
vn -0.3333 0.7071 0.6236
vn -0.1220 0.9659 0.2283
vn -0.6128 0.2588 0.7467
vn -0.4486 0.7071 0.5466
vn -0.1642 0.9659 0.2001
vn -0.7467 0.2588 0.6128
vn -0.5466 0.7071 0.4486
vn -0.2001 0.9659 0.1642
vn -0.8519 0.2588 0.4553
vn -0.6236 0.7071 0.3333
vn -0.2283 0.9659 0.1220
vn -0.9243 0.2588 0.2804
vn -0.6767 0.7071 0.2053
vn -0.2477 0.9659 0.0751
vn -0.9613 0.2588 0.0947
vn -0.7037 0.7071 0.0693
vn -0.2576 0.9659 0.0254
vn -0.9613 0.2588 -0.0947
vn -0.7037 0.7071 -0.0693
vn -0.2576 0.9659 -0.0254
vn -0.9243 0.2588 -0.2804
vn -0.6767 0.7071 -0.2053
vn -0.2477 0.9659 -0.0751
vn -0.8519 0.2588 -0.4553
vn -0.6236 0.7071 -0.3333
vn -0.2283 0.9659 -0.1220
vn -0.7467 0.2588 -0.6128
vn -0.5466 0.7071 -0.4486
vn -0.2001 0.9659 -0.1642
vn -0.6128 0.2588 -0.7467
vn -0.4486 0.7071 -0.5466
vn -0.1642 0.9659 -0.2000
vn -0.4553 0.2588 -0.8519
vn -0.3333 0.7071 -0.6236
vn -0.1220 0.9659 -0.2283
vn -0.2804 0.2588 -0.9243
vn -0.2053 0.7071 -0.6766
vn -0.0751 0.9659 -0.2477
vn -0.0947 0.2588 -0.9613
vn -0.0693 0.7071 -0.7037
vn -0.0254 0.9659 -0.2576
vn -0.0254 0.9659 0.2576
vn -0.1220 0.9659 0.2282
vn -0.1642 0.9659 -0.2001
vn -0.1220 0.9659 -0.2282
vn -0.2053 0.7071 -0.6767
vn 0.0254 0.9659 -0.2576
vn 0.2053 0.7071 -0.6767
vn 0.1642 0.9659 -0.2001
vn 0.6767 0.7071 -0.2052
vn 0.1642 0.9659 0.2001
vn 0.1220 0.9659 0.2282
vn 0.2053 0.7071 0.6767
vn 0.0254 0.9659 0.2576
usemtl cup
s off
f 2324//1674 2672//1674 2676//1674 2330//1674
f 2330//1675 2676//1675 2680//1675 2336//1675
f 2336//1676 2680//1676 2684//1676 2342//1676
f 2342//1677 2684//1677 2688//1677 2348//1677
f 2348//1678 2688//1678 2692//1678 2354//1678
f 2354//1679 2692//1679 2696//1679 2360//1679
f 2360//1680 2696//1680 2700//1680 2366//1680
f 2366//1681 2700//1681 2704//1681 2372//1681
f 2372//1682 2704//1682 2708//1682 2378//1682
f 2378//1683 2708//1683 2712//1683 2384//1683
f 2384//1684 2712//1684 2716//1684 2390//1684
f 2390//1685 2716//1685 2720//1685 2396//1685
f 2396//1686 2720//1686 2724//1686 2402//1686
f 2402//1687 2724//1687 2728//1687 2408//1687
f 2408//1688 2728//1688 2732//1688 2414//1688
f 2414//1689 2732//1689 2736//1689 2420//1689
f 2420//1690 2736//1690 2740//1690 2426//1690
f 2426//1691 2740//1691 2744//1691 2432//1691
f 2432//1692 2744//1692 2748//1692 2438//1692
f 2438//1693 2748//1693 2752//1693 2444//1693
f 2444//1694 2752//1694 2756//1694 2450//1694
f 2450//1695 2756//1695 2760//1695 2456//1695
f 2456//1696 2760//1696 2764//1696 2462//1696
f 2462//1697 2764//1697 2768//1697 2468//1697
f 2468//1698 2768//1698 2772//1698 2474//1698
f 2474//1699 2772//1699 2776//1699 2480//1699
f 2480//1700 2776//1700 2780//1700 2486//1700
f 2486//1701 2780//1701 2784//1701 2492//1701
f 2492//1702 2784//1702 2788//1702 2498//1702
f 2567//1695 2563//1695 2510//1695 2511//1695
f 2498//1703 2788//1703 2667//1703 2312//1703
f 2318//1704 2664//1704 2672//1704 2324//1704
f 2312//1705 2318//1705 2322//1705 2316//1705
f 2316//1706 2322//1706 2321//1706 2315//1706
f 2315//1707 2321//1707 2320//1707 2314//1707
f 2314//1708 2320//1708 2319//1708 2313//1708
f 2313//1709 2319//1709 2317//1709 2311//1709
f 2318//1710 2324//1710 2328//1710 2322//1710
f 2322//1711 2328//1711 2327//1711 2321//1711
f 2321//1712 2327//1712 2326//1712 2320//1712
f 2320//1713 2326//1713 2325//1713 2319//1713
f 2319//1714 2325//1714 2323//1714 2317//1714
f 2324//1715 2330//1715 2334//1715 2328//1715
f 2328//1716 2334//1716 2333//1716 2327//1716
f 2327//1717 2333//1717 2332//1717 2326//1717
f 2326//1718 2332//1718 2331//1718 2325//1718
f 2325//1719 2331//1719 2329//1719 2323//1719
f 2330//1720 2336//1720 2340//1720 2334//1720
f 2334//1721 2340//1721 2339//1721 2333//1721
f 2333//1722 2339//1722 2338//1722 2332//1722
f 2332//1723 2338//1723 2337//1723 2331//1723
f 2331//1724 2337//1724 2335//1724 2329//1724
f 2336//1725 2342//1725 2346//1725 2340//1725
f 2340//1726 2346//1726 2345//1726 2339//1726
f 2339//1727 2345//1727 2344//1727 2338//1727
f 2338//1728 2344//1728 2343//1728 2337//1728
f 2337//1729 2343//1729 2341//1729 2335//1729
f 2342//1730 2348//1730 2352//1730 2346//1730
f 2346//1731 2352//1731 2351//1731 2345//1731
f 2345//1732 2351//1732 2350//1732 2344//1732
f 2344//1733 2350//1733 2349//1733 2343//1733
f 2343//1734 2349//1734 2347//1734 2341//1734
f 2348//1735 2354//1735 2358//1735 2352//1735
f 2352//1736 2358//1736 2357//1736 2351//1736
f 2351//1737 2357//1737 2356//1737 2350//1737
f 2350//1738 2356//1738 2355//1738 2349//1738
f 2349//1739 2355//1739 2353//1739 2347//1739
f 2354//1740 2360//1740 2364//1740 2358//1740
f 2358//1741 2364//1741 2363//1741 2357//1741
f 2357//1742 2363//1742 2362//1742 2356//1742
f 2356//1743 2362//1743 2361//1743 2355//1743
f 2355//1744 2361//1744 2359//1744 2353//1744
f 2360//1745 2366//1745 2370//1745 2364//1745
f 2364//1746 2370//1746 2369//1746 2363//1746
f 2363//1747 2369//1747 2368//1747 2362//1747
f 2362//1748 2368//1748 2367//1748 2361//1748
f 2361//1749 2367//1749 2365//1749 2359//1749
f 2366//1750 2372//1750 2376//1750 2370//1750
f 2370//1751 2376//1751 2375//1751 2369//1751
f 2369//1752 2375//1752 2374//1752 2368//1752
f 2368//1753 2374//1753 2373//1753 2367//1753
f 2367//1754 2373//1754 2371//1754 2365//1754
f 2372//1755 2378//1755 2382//1755 2376//1755
f 2376//1756 2382//1756 2381//1756 2375//1756
f 2375//1757 2381//1757 2380//1757 2374//1757
f 2374//1758 2380//1758 2379//1758 2373//1758
f 2373//1759 2379//1759 2377//1759 2371//1759
f 2378//1760 2384//1760 2388//1760 2382//1760
f 2382//1761 2388//1761 2387//1761 2381//1761
f 2381//1762 2387//1762 2386//1762 2380//1762
f 2380//1763 2386//1763 2385//1763 2379//1763
f 2379//1764 2385//1764 2383//1764 2377//1764
f 2384//1765 2390//1765 2394//1765 2388//1765
f 2388//1766 2394//1766 2393//1766 2387//1766
f 2387//1767 2393//1767 2392//1767 2386//1767
f 2386//1768 2392//1768 2391//1768 2385//1768
f 2385//1769 2391//1769 2389//1769 2383//1769
f 2390//1770 2396//1770 2400//1770 2394//1770
f 2394//1771 2400//1771 2399//1771 2393//1771
f 2393//1772 2399//1772 2398//1772 2392//1772
f 2392//1773 2398//1773 2397//1773 2391//1773
f 2391//1774 2397//1774 2395//1774 2389//1774
f 2396//1775 2402//1775 2406//1775 2400//1775
f 2400//1776 2406//1776 2405//1776 2399//1776
f 2399//1777 2405//1777 2404//1777 2398//1777
f 2398//1778 2404//1778 2403//1778 2397//1778
f 2397//1779 2403//1779 2401//1779 2395//1779
f 2402//1780 2408//1780 2412//1780 2406//1780
f 2406//1781 2412//1781 2411//1781 2405//1781
f 2405//1782 2411//1782 2410//1782 2404//1782
f 2404//1783 2410//1783 2409//1783 2403//1783
f 2403//1784 2409//1784 2407//1784 2401//1784
f 2408//1785 2414//1785 2418//1785 2412//1785
f 2412//1786 2418//1786 2417//1786 2411//1786
f 2411//1787 2417//1787 2416//1787 2410//1787
f 2410//1788 2416//1788 2415//1788 2409//1788
f 2409//1789 2415//1789 2413//1789 2407//1789
f 2414//1790 2420//1790 2424//1790 2418//1790
f 2418//1791 2424//1791 2423//1791 2417//1791
f 2417//1792 2423//1792 2422//1792 2416//1792
f 2416//1793 2422//1793 2421//1793 2415//1793
f 2415//1794 2421//1794 2419//1794 2413//1794
f 2420//1795 2426//1795 2430//1795 2424//1795
f 2424//1796 2430//1796 2429//1796 2423//1796
f 2423//1797 2429//1797 2428//1797 2422//1797
f 2422//1798 2428//1798 2427//1798 2421//1798
f 2421//1799 2427//1799 2425//1799 2419//1799
f 2426//1800 2432//1800 2436//1800 2430//1800
f 2430//1801 2436//1801 2435//1801 2429//1801
f 2429//1802 2435//1802 2434//1802 2428//1802
f 2428//1803 2434//1803 2433//1803 2427//1803
f 2427//1804 2433//1804 2431//1804 2425//1804
f 2432//1805 2438//1805 2442//1805 2436//1805
f 2436//1806 2442//1806 2441//1806 2435//1806
f 2435//1807 2441//1807 2440//1807 2434//1807
f 2434//1808 2440//1808 2439//1808 2433//1808
f 2433//1809 2439//1809 2437//1809 2431//1809
f 2438//1810 2444//1810 2448//1810 2442//1810
f 2442//1811 2448//1811 2447//1811 2441//1811
f 2441//1812 2447//1812 2446//1812 2440//1812
f 2440//1813 2446//1813 2445//1813 2439//1813
f 2439//1814 2445//1814 2443//1814 2437//1814
f 2444//1815 2450//1815 2454//1815 2448//1815
f 2448//1816 2454//1816 2453//1816 2447//1816
f 2447//1817 2453//1817 2452//1817 2446//1817
f 2446//1818 2452//1818 2451//1818 2445//1818
f 2445//1819 2451//1819 2449//1819 2443//1819
f 2450//1820 2456//1820 2460//1820 2454//1820
f 2454//1821 2460//1821 2459//1821 2453//1821
f 2453//1822 2459//1822 2458//1822 2452//1822
f 2452//1823 2458//1823 2457//1823 2451//1823
f 2451//1824 2457//1824 2455//1824 2449//1824
f 2456//1825 2462//1825 2466//1825 2460//1825
f 2460//1826 2466//1826 2465//1826 2459//1826
f 2459//1827 2465//1827 2464//1827 2458//1827
f 2458//1828 2464//1828 2463//1828 2457//1828
f 2457//1829 2463//1829 2461//1829 2455//1829
f 2462//1830 2468//1830 2472//1830 2466//1830
f 2466//1831 2472//1831 2471//1831 2465//1831
f 2465//1832 2471//1832 2470//1832 2464//1832
f 2464//1833 2470//1833 2469//1833 2463//1833
f 2463//1834 2469//1834 2467//1834 2461//1834
f 2468//1835 2474//1835 2478//1835 2472//1835
f 2472//1836 2478//1836 2477//1836 2471//1836
f 2471//1837 2477//1837 2476//1837 2470//1837
f 2470//1838 2476//1838 2475//1838 2469//1838
f 2469//1839 2475//1839 2473//1839 2467//1839
f 2474//1840 2480//1840 2484//1840 2478//1840
f 2478//1841 2484//1841 2483//1841 2477//1841
f 2477//1842 2483//1842 2482//1842 2476//1842
f 2476//1843 2482//1843 2481//1843 2475//1843
f 2475//1844 2481//1844 2479//1844 2473//1844
f 2480//1845 2486//1845 2490//1845 2484//1845
f 2484//1846 2490//1846 2489//1846 2483//1846
f 2483//1847 2489//1847 2488//1847 2482//1847
f 2482//1848 2488//1848 2487//1848 2481//1848
f 2481//1849 2487//1849 2485//1849 2479//1849
f 2486//1850 2492//1850 2496//1850 2490//1850
f 2490//1851 2496//1851 2495//1851 2489//1851
f 2489//1852 2495//1852 2494//1852 2488//1852
f 2488//1853 2494//1853 2493//1853 2487//1853
f 2487//1854 2493//1854 2491//1854 2485//1854
f 2492//1855 2498//1855 2502//1855 2496//1855
f 2496//1856 2502//1856 2501//1856 2495//1856
f 2495//1857 2501//1857 2500//1857 2494//1857
f 2494//1858 2500//1858 2499//1858 2493//1858
f 2493//1859 2499//1859 2497//1859 2491//1859
f 2498//1860 2312//1860 2316//1860 2502//1860
f 2502//1861 2316//1861 2315//1861 2501//1861
f 2501//1862 2315//1862 2314//1862 2500//1862
f 2500//1863 2314//1863 2313//1863 2499//1863
f 2499//1864 2313//1864 2311//1864 2497//1864
f 2311//1865 2317//1865 2323//1865 2329//1865 2335//1865 2341//1865 2347//1865 2353//1865 2359//1865 2365//1865 2371//1865 2377//1865 2383//1865 2389//1865 2395//1865 2401//1865 2407//1865 2413//1865 2419//1865 2425//1865 2431//1865 2437//1865 2443//1865 2449//1865 2455//1865 2461//1865 2467//1865 2473//1865 2479//1865 2485//1865 2491//1865 2497//1865
f 2536//1687 2659//1687 2534//1687 2504//1687
f 2547//1690 2543//1690 2505//1690 2506//1690
f 2551//1691 2547//1691 2506//1691 2507//1691
f 2555//1692 2551//1692 2507//1692 2508//1692
f 2559//1693 2555//1693 2508//1693 2509//1693
f 2560//1866 2564//1866 2691//1866 2687//1866
f 2563//1694 2559//1694 2509//1694 2510//1694
f 2571//1696 2567//1696 2511//1696 2512//1696
f 2575//1697 2571//1697 2512//1697 2513//1697
f 2579//1698 2575//1698 2513//1698 2514//1698
f 2583//1699 2579//1699 2514//1699 2515//1699
f 2587//1700 2583//1700 2515//1700 2516//1700
f 2591//1701 2587//1701 2516//1701 2517//1701
f 2595//1702 2591//1702 2517//1702 2518//1702
f 2599//1703 2595//1703 2518//1703 2519//1703
f 2603//1867 2599//1867 2519//1867 2520//1867
f 2607//1704 2603//1704 2520//1704 2521//1704
f 2611//1674 2607//1674 2521//1674 2522//1674
f 2615//1675 2611//1675 2522//1675 2523//1675
f 2619//1676 2615//1676 2523//1676 2524//1676
f 2623//1677 2619//1677 2524//1677 2525//1677
f 2627//1678 2623//1678 2525//1678 2526//1678
f 2631//1679 2627//1679 2526//1679 2527//1679
f 2635//1680 2631//1680 2527//1680 2528//1680
f 2639//1681 2635//1681 2528//1681 2529//1681
f 2643//1682 2639//1682 2529//1682 2530//1682
f 2647//1683 2643//1683 2530//1683 2531//1683
f 2651//1684 2647//1684 2531//1684 2532//1684
f 2655//1685 2651//1685 2532//1685 2533//1685
f 2659//1686 2655//1686 2533//1686 2534//1686
f 2312//1867 2667//1867 2664//1867 2318//1867
f 2543//1689 2539//1689 2503//1689 2505//1689
f 2503//1866 2504//1866 2534//1866 2533//1866 2532//1866 2531//1866 2530//1866 2529//1866 2528//1866 2527//1866 2526//1866 2525//1866 2524//1866 2523//1866 2522//1866 2521//1866 2520//1866 2519//1866 2518//1866 2517//1866 2516//1866 2515//1866 2514//1866 2513//1866 2512//1866 2511//1866 2510//1866 2509//1866 2508//1866 2507//1866 2506//1866 2505//1866
f 2616//1866 2620//1866 2747//1866 2743//1866
f 2564//1866 2568//1866 2695//1866 2691//1866
f 2620//1866 2624//1866 2751//1866 2747//1866
f 2568//1866 2572//1866 2699//1866 2695//1866
f 2624//1866 2628//1866 2755//1866 2751//1866
f 2572//1866 2576//1866 2703//1866 2699//1866
f 2628//1866 2632//1866 2759//1866 2755//1866
f 2576//1866 2580//1866 2707//1866 2703//1866
f 2632//1866 2636//1866 2763//1866 2759//1866
f 2580//1866 2584//1866 2711//1866 2707//1866
f 2636//1866 2640//1866 2767//1866 2763//1866
f 2584//1866 2588//1866 2715//1866 2711//1866
f 2640//1866 2644//1866 2771//1866 2767//1866
f 2588//1866 2592//1866 2719//1866 2715//1866
f 2535//1866 2540//1866 2663//1866 2668//1866
f 2644//1866 2648//1866 2775//1866 2771//1866
f 2592//1866 2596//1866 2723//1866 2719//1866
f 2540//1866 2544//1866 2671//1866 2663//1866
f 2648//1866 2652//1866 2779//1866 2775//1866
f 2596//1866 2600//1866 2727//1866 2723//1866
f 2544//1866 2548//1866 2675//1866 2671//1866
f 2652//1866 2656//1866 2783//1866 2779//1866
f 2600//1866 2604//1866 2731//1866 2727//1866
f 2548//1866 2552//1866 2679//1866 2675//1866
f 2656//1866 2660//1866 2787//1866 2783//1866
f 2604//1866 2608//1866 2735//1866 2731//1866
f 2552//1866 2556//1866 2683//1866 2679//1866
f 2660//1866 2535//1866 2668//1866 2787//1866
f 2608//1866 2612//1866 2739//1866 2735//1866
f 2556//1866 2560//1866 2687//1866 2683//1866
f 2612//1866 2616//1866 2743//1866 2739//1866
f 2664//1868 2667//1868 2669//1868 2666//1868
f 2666//1869 2669//1869 2670//1869 2665//1869
f 2665//1870 2670//1870 2668//1870 2663//1870
f 2672//1871 2664//1871 2666//1871 2674//1871
f 2674//1872 2666//1872 2665//1872 2673//1872
f 2673//1873 2665//1873 2663//1873 2671//1873
f 2676//1874 2672//1874 2674//1874 2678//1874
f 2678//1875 2674//1875 2673//1875 2677//1875
f 2677//1876 2673//1876 2671//1876 2675//1876
f 2680//1877 2676//1877 2678//1877 2682//1877
f 2682//1878 2678//1878 2677//1878 2681//1878
f 2681//1879 2677//1879 2675//1879 2679//1879
f 2684//1880 2680//1880 2682//1880 2686//1880
f 2686//1881 2682//1881 2681//1881 2685//1881
f 2685//1882 2681//1882 2679//1882 2683//1882
f 2688//1883 2684//1883 2686//1883 2690//1883
f 2690//1884 2686//1884 2685//1884 2689//1884
f 2689//1885 2685//1885 2683//1885 2687//1885
f 2692//1886 2688//1886 2690//1886 2694//1886
f 2694//1887 2690//1887 2689//1887 2693//1887
f 2693//1888 2689//1888 2687//1888 2691//1888
f 2696//1889 2692//1889 2694//1889 2698//1889
f 2698//1890 2694//1890 2693//1890 2697//1890
f 2697//1891 2693//1891 2691//1891 2695//1891
f 2700//1892 2696//1892 2698//1892 2702//1892
f 2702//1893 2698//1893 2697//1893 2701//1893
f 2701//1894 2697//1894 2695//1894 2699//1894
f 2704//1895 2700//1895 2702//1895 2706//1895
f 2706//1896 2702//1896 2701//1896 2705//1896
f 2705//1897 2701//1897 2699//1897 2703//1897
f 2708//1898 2704//1898 2706//1898 2710//1898
f 2710//1899 2706//1899 2705//1899 2709//1899
f 2709//1900 2705//1900 2703//1900 2707//1900
f 2712//1901 2708//1901 2710//1901 2714//1901
f 2714//1902 2710//1902 2709//1902 2713//1902
f 2713//1903 2709//1903 2707//1903 2711//1903
f 2716//1904 2712//1904 2714//1904 2718//1904
f 2718//1905 2714//1905 2713//1905 2717//1905
f 2717//1906 2713//1906 2711//1906 2715//1906
f 2720//1907 2716//1907 2718//1907 2722//1907
f 2722//1908 2718//1908 2717//1908 2721//1908
f 2721//1909 2717//1909 2715//1909 2719//1909
f 2724//1910 2720//1910 2722//1910 2726//1910
f 2726//1911 2722//1911 2721//1911 2725//1911
f 2725//1912 2721//1912 2719//1912 2723//1912
f 2728//1913 2724//1913 2726//1913 2730//1913
f 2730//1914 2726//1914 2725//1914 2729//1914
f 2729//1915 2725//1915 2723//1915 2727//1915
f 2732//1916 2728//1916 2730//1916 2734//1916
f 2734//1917 2730//1917 2729//1917 2733//1917
f 2733//1918 2729//1918 2727//1918 2731//1918
f 2736//1919 2732//1919 2734//1919 2738//1919
f 2738//1920 2734//1920 2733//1920 2737//1920
f 2737//1921 2733//1921 2731//1921 2735//1921
f 2740//1922 2736//1922 2738//1922 2742//1922
f 2742//1923 2738//1923 2737//1923 2741//1923
f 2741//1924 2737//1924 2735//1924 2739//1924
f 2744//1925 2740//1925 2742//1925 2746//1925
f 2746//1926 2742//1926 2741//1926 2745//1926
f 2745//1927 2741//1927 2739//1927 2743//1927
f 2748//1928 2744//1928 2746//1928 2750//1928
f 2750//1929 2746//1929 2745//1929 2749//1929
f 2749//1930 2745//1930 2743//1930 2747//1930
f 2752//1931 2748//1931 2750//1931 2754//1931
f 2754//1932 2750//1932 2749//1932 2753//1932
f 2753//1933 2749//1933 2747//1933 2751//1933
f 2756//1934 2752//1934 2754//1934 2758//1934
f 2758//1935 2754//1935 2753//1935 2757//1935
f 2757//1936 2753//1936 2751//1936 2755//1936
f 2760//1937 2756//1937 2758//1937 2762//1937
f 2762//1938 2758//1938 2757//1938 2761//1938
f 2761//1939 2757//1939 2755//1939 2759//1939
f 2764//1940 2760//1940 2762//1940 2766//1940
f 2766//1941 2762//1941 2761//1941 2765//1941
f 2765//1942 2761//1942 2759//1942 2763//1942
f 2768//1943 2764//1943 2766//1943 2770//1943
f 2770//1944 2766//1944 2765//1944 2769//1944
f 2769//1945 2765//1945 2763//1945 2767//1945
f 2772//1946 2768//1946 2770//1946 2774//1946
f 2774//1947 2770//1947 2769//1947 2773//1947
f 2773//1948 2769//1948 2767//1948 2771//1948
f 2776//1949 2772//1949 2774//1949 2778//1949
f 2778//1950 2774//1950 2773//1950 2777//1950
f 2777//1951 2773//1951 2771//1951 2775//1951
f 2780//1952 2776//1952 2778//1952 2782//1952
f 2782//1953 2778//1953 2777//1953 2781//1953
f 2781//1954 2777//1954 2775//1954 2779//1954
f 2784//1955 2780//1955 2782//1955 2786//1955
f 2786//1956 2782//1956 2781//1956 2785//1956
f 2785//1957 2781//1957 2779//1957 2783//1957
f 2788//1958 2784//1958 2786//1958 2790//1958
f 2790//1959 2786//1959 2785//1959 2789//1959
f 2789//1960 2785//1960 2783//1960 2787//1960
f 2667//1961 2788//1961 2790//1961 2669//1961
f 2669//1962 2790//1962 2789//1962 2670//1962
f 2670//1963 2789//1963 2787//1963 2668//1963
f 2540//1964 2535//1964 2537//1964 2542//1964
f 2542//1917 2537//1917 2538//1917 2541//1917
f 2541//1916 2538//1916 2536//1916 2539//1916
f 2544//1921 2540//1921 2542//1921 2546//1921
f 2546//1920 2542//1920 2541//1920 2545//1920
f 2545//1919 2541//1919 2539//1919 2543//1919
f 2548//1965 2544//1965 2546//1965 2550//1965
f 2550//1923 2546//1923 2545//1923 2549//1923
f 2549//1922 2545//1922 2543//1922 2547//1922
f 2552//1927 2548//1927 2550//1927 2554//1927
f 2554//1926 2550//1926 2549//1926 2553//1926
f 2553//1925 2549//1925 2547//1925 2551//1925
f 2556//1930 2552//1930 2554//1930 2558//1930
f 2558//1929 2554//1929 2553//1929 2557//1929
f 2557//1928 2553//1928 2551//1928 2555//1928
f 2560//1933 2556//1933 2558//1933 2562//1933
f 2562//1932 2558//1932 2557//1932 2561//1932
f 2561//1931 2557//1931 2555//1931 2559//1931
f 2564//1936 2560//1936 2562//1936 2566//1936
f 2566//1935 2562//1935 2561//1935 2565//1935
f 2565//1934 2561//1934 2559//1934 2563//1934
f 2568//1939 2564//1939 2566//1939 2570//1939
f 2570//1938 2566//1938 2565//1938 2569//1938
f 2569//1937 2565//1937 2563//1937 2567//1937
f 2572//1942 2568//1942 2570//1942 2574//1942
f 2574//1941 2570//1941 2569//1941 2573//1941
f 2573//1940 2569//1940 2567//1940 2571//1940
f 2576//1945 2572//1945 2574//1945 2578//1945
f 2578//1944 2574//1944 2573//1944 2577//1944
f 2577//1943 2573//1943 2571//1943 2575//1943
f 2580//1948 2576//1948 2578//1948 2582//1948
f 2582//1947 2578//1947 2577//1947 2581//1947
f 2581//1946 2577//1946 2575//1946 2579//1946
f 2584//1951 2580//1951 2582//1951 2586//1951
f 2586//1950 2582//1950 2581//1950 2585//1950
f 2585//1949 2581//1949 2579//1949 2583//1949
f 2588//1966 2584//1966 2586//1966 2590//1966
f 2590//1953 2586//1953 2585//1953 2589//1953
f 2589//1952 2585//1952 2583//1952 2587//1952
f 2592//1967 2588//1967 2590//1967 2594//1967
f 2594//1956 2590//1956 2589//1956 2593//1956
f 2593//1955 2589//1955 2587//1955 2591//1955
f 2596//1960 2592//1960 2594//1960 2598//1960
f 2598//1968 2594//1968 2593//1968 2597//1968
f 2597//1958 2593//1958 2591//1958 2595//1958
f 2600//1963 2596//1963 2598//1963 2602//1963
f 2602//1962 2598//1962 2597//1962 2601//1962
f 2601//1961 2597//1961 2595//1961 2599//1961
f 2604//1969 2600//1969 2602//1969 2606//1969
f 2606//1869 2602//1869 2601//1869 2605//1869
f 2605//1868 2601//1868 2599//1868 2603//1868
f 2608//1873 2604//1873 2606//1873 2610//1873
f 2610//1970 2606//1970 2605//1970 2609//1970
f 2609//1871 2605//1871 2603//1871 2607//1871
f 2612//1876 2608//1876 2610//1876 2614//1876
f 2614//1875 2610//1875 2609//1875 2613//1875
f 2613//1874 2609//1874 2607//1874 2611//1874
f 2616//1971 2612//1971 2614//1971 2618//1971
f 2618//1878 2614//1878 2613//1878 2617//1878
f 2617//1877 2613//1877 2611//1877 2615//1877
f 2620//1882 2616//1882 2618//1882 2622//1882
f 2622//1881 2618//1881 2617//1881 2621//1881
f 2621//1880 2617//1880 2615//1880 2619//1880
f 2624//1885 2620//1885 2622//1885 2626//1885
f 2626//1884 2622//1884 2621//1884 2625//1884
f 2625//1883 2621//1883 2619//1883 2623//1883
f 2628//1888 2624//1888 2626//1888 2630//1888
f 2630//1972 2626//1972 2625//1972 2629//1972
f 2629//1886 2625//1886 2623//1886 2627//1886
f 2632//1891 2628//1891 2630//1891 2634//1891
f 2634//1890 2630//1890 2629//1890 2633//1890
f 2633//1889 2629//1889 2627//1889 2631//1889
f 2636//1894 2632//1894 2634//1894 2638//1894
f 2638//1893 2634//1893 2633//1893 2637//1893
f 2637//1892 2633//1892 2631//1892 2635//1892
f 2640//1897 2636//1897 2638//1897 2642//1897
f 2642//1896 2638//1896 2637//1896 2641//1896
f 2641//1895 2637//1895 2635//1895 2639//1895
f 2644//1900 2640//1900 2642//1900 2646//1900
f 2646//1899 2642//1899 2641//1899 2645//1899
f 2645//1898 2641//1898 2639//1898 2643//1898
f 2648//1903 2644//1903 2646//1903 2650//1903
f 2650//1902 2646//1902 2645//1902 2649//1902
f 2649//1901 2645//1901 2643//1901 2647//1901
f 2652//1973 2648//1973 2650//1973 2654//1973
f 2654//1905 2650//1905 2649//1905 2653//1905
f 2653//1904 2649//1904 2647//1904 2651//1904
f 2656//1974 2652//1974 2654//1974 2658//1974
f 2658//1908 2654//1908 2653//1908 2657//1908
f 2657//1907 2653//1907 2651//1907 2655//1907
f 2660//1912 2656//1912 2658//1912 2662//1912
f 2662//1975 2658//1975 2657//1975 2661//1975
f 2661//1910 2657//1910 2655//1910 2659//1910
f 2535//1976 2660//1976 2662//1976 2537//1976
f 2537//1914 2662//1914 2661//1914 2538//1914
f 2538//1913 2661//1913 2659//1913 2536//1913
f 2539//1688 2536//1688 2504//1688 2503//1688
o Plane.014_Plane.015
v -0.270578 0.731184 0.645704
v 0.290074 0.731184 0.645704
v -0.270578 0.731184 0.083702
v 0.290074 0.731184 0.083702
v -0.270578 0.755912 0.083702
v -0.270578 0.755912 0.645704
v 0.290074 0.755912 0.645704
v 0.290074 0.755912 0.083702
v -0.270578 0.731184 0.099424
v 0.290074 0.731184 0.099424
v -0.270578 0.755912 0.099424
v 0.290074 0.755912 0.099424
v -0.270578 0.731184 0.634284
v -0.270578 0.755912 0.634284
v 0.290074 0.731184 0.634284
v 0.290074 0.755912 0.634284
v 0.263286 0.731184 0.645704
v 0.263286 0.731184 0.083702
v 0.263286 0.755912 0.645704
v 0.263286 0.755912 0.083702
v 0.263286 0.755912 0.099424
v 0.263286 0.731184 0.099424
v 0.263286 0.731184 0.634284
v 0.263286 0.755912 0.634284
v -0.245220 0.731184 0.083702
v -0.245220 0.755912 0.083702
v -0.245220 0.755912 0.099424
v -0.245220 0.755912 0.634284
v -0.245220 0.731184 0.645704
v -0.245220 0.755912 0.645704
v -0.245220 0.731184 0.099424
v -0.245220 0.731184 0.634284
v 0.263286 0.743482 0.634284
v 0.263286 0.743482 0.099424
v -0.245220 0.743482 0.099424
v -0.245220 0.743482 0.634284
vn 0.0000 -1.0000 0.0000
vn 0.0000 1.0000 0.0000
vn -1.0000 0.0000 0.0000
vn 0.0000 0.0000 -1.0000
vn 0.0000 0.0000 1.0000
vn 1.0000 0.0000 0.0000
usemtl brown
s off
f 2812//1977 2808//1977 2794//1977 2800//1977
f 2811//1978 2802//1978 2798//1978 2810//1978
f 2803//1979 2791//1979 2796//1979 2804//1979
f 2815//1980 2793//1980 2795//1980 2816//1980
f 2807//1981 2792//1981 2797//1981 2809//1981
f 2800//1982 2794//1982 2798//1982 2802//1982
f 2805//1982 2800//1982 2802//1982 2806//1982
f 2793//1979 2799//1979 2801//1979 2795//1979
f 2814//1978 2806//1978 2802//1978 2811//1978
f 2813//1977 2812//1977 2800//1977 2805//1977
f 2807//1977 2813//1977 2805//1977 2792//1977
f 2809//1978 2797//1978 2806//1978 2814//1978
f 2792//1982 2805//1982 2806//1982 2797//1982
f 2799//1979 2803//1979 2804//1979 2801//1979
f 2820//1978 2809//1978 2814//1978 2818//1978
f 2819//1977 2822//1977 2813//1977 2807//1977
f 2822//1977 2821//1977 2812//1977 2813//1977
f 2817//1982 2818//1982 2826//1982 2825//1982
f 2819//1981 2807//1981 2809//1981 2820//1981
f 2794//1980 2808//1980 2810//1980 2798//1980
f 2817//1978 2811//1978 2810//1978 2816//1978
f 2821//1977 2815//1977 2808//1977 2812//1977
f 2799//1977 2793//1977 2815//1977 2821//1977
f 2801//1978 2817//1978 2816//1978 2795//1978
f 2791//1981 2819//1981 2820//1981 2796//1981
f 2804//1978 2818//1978 2817//1978 2801//1978
f 2803//1977 2799//1977 2821//1977 2822//1977
f 2791//1977 2803//1977 2822//1977 2819//1977
f 2796//1978 2820//1978 2818//1978 2804//1978
f 2808//1980 2815//1980 2816//1980 2810//1980
f 2826//1978 2823//1978 2824//1978 2825//1978
f 2818//1980 2814//1980 2823//1980 2826//1980
f 2814//1979 2811//1979 2824//1979 2823//1979
f 2811//1981 2817//1981 2825//1981 2824//1981
o BezierCurve
v -0.112622 0.782496 0.471200
v -0.109497 0.779806 0.471159
v -0.105446 0.779039 0.471161
v -0.101554 0.780400 0.471206
v -0.098865 0.783524 0.471283
v -0.098098 0.787574 0.471370
v -0.099460 0.791465 0.471444
v -0.102584 0.794154 0.471486
v -0.106635 0.794921 0.471484
v -0.110527 0.793560 0.471438
v -0.113216 0.790436 0.471362
v -0.113983 0.786386 0.471275
v -0.112916 0.785040 0.502656
v -0.109797 0.782405 0.503231
v -0.105748 0.781657 0.503441
v -0.101854 0.782995 0.503231
v -0.099159 0.786061 0.502656
v -0.098383 0.790033 0.501871
v -0.099736 0.793848 0.501086
v -0.102855 0.796482 0.500511
v -0.106904 0.797231 0.500301
v -0.110798 0.795893 0.500511
v -0.113494 0.792827 0.501086
v -0.114269 0.788854 0.501871
v -0.113433 0.793200 0.527669
v -0.110328 0.790791 0.528916
v -0.106284 0.790118 0.529352
v -0.102384 0.791361 0.528858
v -0.099674 0.794187 0.527568
v -0.098879 0.797839 0.525828
v -0.100212 0.801338 0.524103
v -0.103317 0.803747 0.522855
v -0.107361 0.804420 0.522420
v -0.111261 0.803177 0.522914
v -0.113972 0.800351 0.524203
v -0.114767 0.796699 0.525944
v -0.114086 0.805584 0.546400
v -0.111004 0.803613 0.548301
v -0.106967 0.803083 0.548951
v -0.103058 0.804139 0.548177
v -0.100323 0.806496 0.546187
v -0.099495 0.809523 0.543513
v -0.100797 0.812410 0.540873
v -0.103879 0.814382 0.538973
v -0.107916 0.814911 0.538322
v -0.111825 0.813855 0.539096
v -0.114560 0.811498 0.541086
v -0.115388 0.808471 0.543760
v -0.114786 0.820746 0.559031
v -0.111732 0.819412 0.561459
v -0.107705 0.819089 0.562280
v -0.103783 0.819863 0.561274
v -0.101016 0.821527 0.558710
v -0.100147 0.823635 0.555274
v -0.101408 0.825622 0.551889
v -0.104461 0.826955 0.549461
v -0.108488 0.827278 0.548640
v -0.112411 0.826504 0.549646
v -0.115177 0.824840 0.552210
v -0.116046 0.822732 0.555645
v -0.115442 0.837206 0.565803
v -0.112420 0.836662 0.568554
v -0.108402 0.836588 0.569476
v -0.104466 0.837003 0.568323
v -0.101665 0.837796 0.565403
v -0.100751 0.838755 0.561499
v -0.101968 0.839622 0.557656
v -0.104990 0.840166 0.554905
v -0.109008 0.840240 0.553983
v -0.112944 0.839826 0.555136
v -0.115745 0.839033 0.558056
v -0.116659 0.838074 0.561960
v -0.115968 0.853501 0.567034
v -0.112973 0.853842 0.569847
v -0.108964 0.854038 0.570789
v -0.105015 0.854034 0.569606
v -0.102183 0.853832 0.566617
v -0.101228 0.853487 0.562621
v -0.102405 0.853090 0.558690
v -0.105400 0.852748 0.555877
v -0.109409 0.852553 0.554935
v -0.113358 0.852557 0.556118
v -0.116190 0.852758 0.559107
v -0.117145 0.853104 0.563103
v -0.116282 0.868217 0.563113
v -0.113306 0.869478 0.565672
v -0.109302 0.869943 0.566539
v -0.105343 0.869488 0.565482
v -0.102491 0.868233 0.562782
v -0.101508 0.866516 0.559165
v -0.102659 0.864797 0.555599
v -0.105635 0.863536 0.553040
v -0.109638 0.863071 0.552173
v -0.113597 0.863527 0.553231
v -0.116450 0.864781 0.555930
v -0.117433 0.866498 0.559547
v -0.116309 0.880066 0.554457
v -0.113333 0.882153 0.556403
v -0.109330 0.882852 0.557097
v -0.105371 0.881975 0.556351
v -0.102517 0.879759 0.554366
v -0.101534 0.876795 0.551674
v -0.102684 0.873880 0.548995
v -0.105659 0.871793 0.547049
v -0.109663 0.871094 0.546355
v -0.113621 0.871971 0.547101
v -0.116475 0.874187 0.549086
v -0.117459 0.877151 0.551778
v -0.115976 0.887918 0.541368
v -0.112978 0.890542 0.542426
v -0.108968 0.891389 0.542875
v -0.105021 0.890230 0.542596
v -0.102195 0.887377 0.541663
v -0.101247 0.883594 0.540326
v -0.102430 0.879895 0.538943
v -0.105429 0.877270 0.537886
v -0.109439 0.876424 0.537437
v -0.113385 0.877582 0.537716
v -0.116212 0.880435 0.538649
v -0.117160 0.884218 0.539986
v -0.115201 0.890623 0.523906
v -0.112162 0.893405 0.524041
v -0.108141 0.894294 0.524243
v -0.104216 0.893051 0.524459
v -0.101439 0.890009 0.524630
v -0.100553 0.885983 0.524711
v -0.101796 0.882052 0.524680
v -0.104836 0.879270 0.524545
v -0.108856 0.878381 0.524343
v -0.112781 0.879624 0.524127
v -0.115559 0.882666 0.523956
v -0.116445 0.886692 0.523875
v -0.113886 0.886813 0.502048
v -0.110803 0.889480 0.501436
v -0.106770 0.890338 0.501442
v -0.102870 0.889158 0.502067
v -0.100146 0.886256 0.503142
v -0.099329 0.882409 0.504379
v -0.100638 0.878648 0.505447
v -0.103721 0.875981 0.506060
v -0.107754 0.875123 0.506053
v -0.111654 0.876303 0.505428
v -0.114378 0.879205 0.504354
v -0.115195 0.883052 0.503116
v -0.111935 0.874990 0.475919
v -0.108812 0.877421 0.474766
v -0.104769 0.878219 0.474634
v -0.100891 0.877169 0.475558
v -0.098215 0.874554 0.477290
v -0.097461 0.871074 0.479367
v -0.098828 0.867661 0.481232
v -0.101952 0.865229 0.482386
v -0.105995 0.864432 0.482518
v -0.109873 0.865481 0.481594
v -0.112548 0.868096 0.479861
v -0.113303 0.871577 0.477784
vn -0.8171 -0.5752 0.0389
vn -0.8181 -0.5660 0.1014
vn -0.9957 -0.0929 0.0038
vn -0.9958 -0.0913 -0.0019
vn -0.4253 -0.9024 0.0691
vn -0.4277 -0.8874 0.1718
vn 0.0734 -0.9940 0.0812
vn 0.0720 -0.9777 0.1975
vn 0.5534 -0.8298 0.0724
vn 0.5532 -0.8151 0.1719
vn 0.8930 -0.4477 0.0446
vn 0.8925 -0.4395 0.1015
vn 0.9983 0.0579 0.0047
vn 0.9984 0.0551 0.0038
vn 0.8332 0.5517 -0.0366
vn 0.8366 0.5394 -0.0955
vn 0.4396 0.8956 -0.0678
vn 0.4442 0.8798 -0.1692
vn -0.0742 0.9940 -0.0804
vn -0.0731 0.9778 -0.1964
vn -0.5678 0.8201 -0.0711
vn -0.5700 0.8040 -0.1692
vn -0.9059 0.4214 -0.0423
vn -0.9073 0.4095 -0.0954
vn -0.8195 -0.5244 0.2308
vn -0.9957 -0.0914 0.0169
vn -0.4311 -0.8170 0.3829
vn 0.0669 -0.8977 0.4354
vn 0.5478 -0.7473 0.3759
vn 0.8890 -0.4024 0.2186
vn 0.9987 0.0517 0.0024
vn 0.8405 0.4967 -0.2164
vn 0.4498 0.8094 -0.3775
vn -0.0683 0.8981 -0.4343
vn -0.5672 0.7358 -0.3699
vn -0.9062 0.3708 -0.2034
vn -0.8231 -0.4404 0.3583
vn -0.9960 -0.0839 0.0315
vn -0.4376 -0.6793 0.5891
vn 0.0587 -0.7424 0.6674
vn 0.5401 -0.6151 0.5744
vn 0.8843 -0.3280 0.3323
vn 0.9988 0.0482 0.0006
vn 0.8455 0.4158 -0.3349
vn 0.4576 0.6727 -0.5813
vn -0.0605 0.7429 -0.6666
vn -0.5614 0.6045 -0.5651
vn -0.9033 0.2994 -0.3073
vn -0.8284 -0.3146 0.4633
vn -0.9966 -0.0695 0.0446
vn -0.4465 -0.4757 0.7578
vn 0.0481 -0.5140 0.8564
vn 0.5306 -0.4207 0.7358
vn 0.8788 -0.2182 0.4243
vn 0.9990 0.0438 -0.0018
vn 0.8513 0.2973 -0.4324
vn 0.4670 0.4715 -0.7480
vn -0.0503 0.5145 -0.8560
vn -0.5532 0.4129 -0.7234
vn -0.8990 0.1973 -0.3908
vn -0.8343 -0.1553 0.5289
vn -0.9973 -0.0487 0.0540
vn -0.4563 -0.2206 0.8620
vn 0.0367 -0.2291 0.9727
vn 0.5206 -0.1791 0.8348
vn 0.8730 -0.0826 0.4806
vn 0.9993 0.0369 -0.0038
vn 0.8573 0.1482 -0.4929
vn 0.4769 0.2200 -0.8509
vn -0.0394 0.2304 -0.9723
vn -0.5444 0.1757 -0.8202
vn -0.8945 0.0727 -0.4410
vn -0.8393 0.0279 0.5429
vn -0.9981 -0.0215 0.0576
vn -0.4649 0.0697 0.8826
vn 0.0262 0.0935 0.9953
vn 0.5110 0.0933 0.8545
vn 0.8675 0.0691 0.4927
vn 0.9996 0.0268 -0.0028
vn 0.8633 -0.0225 -0.5041
vn 0.4863 -0.0656 -0.8713
vn -0.0297 -0.0906 -0.9954
vn -0.5370 -0.0905 -0.8387
vn -0.8909 -0.0651 -0.4494
vn -0.8422 0.2238 0.4905
vn -0.9986 0.0119 0.0514
vn -0.4704 0.3760 0.7983
vn 0.0190 0.4317 0.9018
vn 0.5040 0.3778 0.7767
vn 0.8631 0.2266 0.4514
vn 0.9999 0.0146 0.0035
vn 0.8683 -0.2036 -0.4523
vn 0.4936 -0.3671 -0.7884
vn -0.0234 -0.4281 -0.9034
vn -0.5332 -0.3681 -0.7616
vn -0.8895 -0.2055 -0.4081
vn -0.8416 0.4045 0.3578
vn -0.9985 0.0464 0.0286
vn -0.4702 0.6550 0.5915
vn 0.0184 0.7382 0.6743
vn 0.5029 0.6348 0.5866
vn 0.8620 0.3683 0.3482
vn 0.9998 0.0023 0.0157
vn 0.8698 -0.3699 -0.3265
vn 0.4952 -0.6443 -0.5828
vn -0.0238 -0.7374 -0.6750
vn -0.5351 -0.6197 -0.5740
vn -0.8907 -0.3294 -0.3132
vn -0.8370 0.5233 0.1597
vn -0.9976 0.0688 -0.0105
vn -0.4628 0.8386 0.2873
vn 0.0270 0.9395 0.3414
vn 0.5105 0.8025 0.3088
vn 0.8663 0.4590 0.1969
vn 0.9994 -0.0090 0.0323
vn 0.8644 -0.4821 -0.1425
vn 0.4866 -0.8278 -0.2792
vn -0.0327 -0.9406 -0.3378
vn -0.5418 -0.7849 -0.3006
vn -0.8938 -0.4110 -0.1796
vn -0.8298 0.5559 -0.0484
vn -0.9961 0.0710 -0.0526
vn -0.4503 0.8923 -0.0313
vn 0.0425 0.9991 -0.0063
vn 0.5250 0.8509 0.0200
vn 0.8751 0.4821 0.0413
vn 0.9984 -0.0177 0.0525
vn 0.8532 -0.5191 0.0510
vn 0.4698 -0.8820 0.0364
vn -0.0477 -0.9988 0.0112
vn -0.5511 -0.8342 -0.0179
vn -0.8975 -0.4389 -0.0417
vn -0.8223 0.5260 -0.2170
vn -0.9945 0.0600 -0.0852
vn -0.4369 0.8511 -0.2910
vn 0.0598 0.9553 -0.2896
vn 0.5415 0.8131 -0.2137
vn 0.8849 0.4585 -0.0817
vn 0.9971 -0.0206 0.0734
vn 0.8408 -0.4986 0.2109
vn 0.4519 -0.8429 0.2921
vn -0.0639 -0.9542 0.2922
vn -0.5615 -0.8002 0.2105
vn -0.9017 -0.4264 0.0714
vn -0.8177 0.4990 -0.2868
vn -0.9939 0.0515 -0.0975
vn -0.4289 0.8106 -0.3986
vn 0.0678 0.9110 -0.4068
vn 0.5480 0.7767 -0.3104
vn 0.8892 0.4380 -0.1318
vn 0.9962 -0.0216 0.0843
vn 0.8326 -0.4783 0.2792
vn 0.4408 -0.8044 0.3982
vn -0.0712 -0.9102 0.4080
vn -0.5638 -0.7671 0.3061
vn -0.9024 -0.4137 0.1202
usemtl teh_pot
s 1
f 2827//1983 2839//1984 2850//1985 2838//1986
f 2828//1987 2840//1988 2839//1984 2827//1983
f 2829//1989 2841//1990 2840//1988 2828//1987
f 2830//1991 2842//1992 2841//1990 2829//1989
f 2831//1993 2843//1994 2842//1992 2830//1991
f 2832//1995 2844//1996 2843//1994 2831//1993
f 2833//1997 2845//1998 2844//1996 2832//1995
f 2834//1999 2846//2000 2845//1998 2833//1997
f 2835//2001 2847//2002 2846//2000 2834//1999
f 2836//2003 2848//2004 2847//2002 2835//2001
f 2837//2005 2849//2006 2848//2004 2836//2003
f 2838//1986 2850//1985 2849//2006 2837//2005
f 2839//1984 2851//2007 2862//2008 2850//1985
f 2840//1988 2852//2009 2851//2007 2839//1984
f 2841//1990 2853//2010 2852//2009 2840//1988
f 2842//1992 2854//2011 2853//2010 2841//1990
f 2843//1994 2855//2012 2854//2011 2842//1992
f 2844//1996 2856//2013 2855//2012 2843//1994
f 2845//1998 2857//2014 2856//2013 2844//1996
f 2846//2000 2858//2015 2857//2014 2845//1998
f 2847//2002 2859//2016 2858//2015 2846//2000
f 2848//2004 2860//2017 2859//2016 2847//2002
f 2849//2006 2861//2018 2860//2017 2848//2004
f 2850//1985 2862//2008 2861//2018 2849//2006
f 2851//2007 2863//2019 2874//2020 2862//2008
f 2852//2009 2864//2021 2863//2019 2851//2007
f 2853//2010 2865//2022 2864//2021 2852//2009
f 2854//2011 2866//2023 2865//2022 2853//2010
f 2855//2012 2867//2024 2866//2023 2854//2011
f 2856//2013 2868//2025 2867//2024 2855//2012
f 2857//2014 2869//2026 2868//2025 2856//2013
f 2858//2015 2870//2027 2869//2026 2857//2014
f 2859//2016 2871//2028 2870//2027 2858//2015
f 2860//2017 2872//2029 2871//2028 2859//2016
f 2861//2018 2873//2030 2872//2029 2860//2017
f 2862//2008 2874//2020 2873//2030 2861//2018
f 2863//2019 2875//2031 2886//2032 2874//2020
f 2864//2021 2876//2033 2875//2031 2863//2019
f 2865//2022 2877//2034 2876//2033 2864//2021
f 2866//2023 2878//2035 2877//2034 2865//2022
f 2867//2024 2879//2036 2878//2035 2866//2023
f 2868//2025 2880//2037 2879//2036 2867//2024
f 2869//2026 2881//2038 2880//2037 2868//2025
f 2870//2027 2882//2039 2881//2038 2869//2026
f 2871//2028 2883//2040 2882//2039 2870//2027
f 2872//2029 2884//2041 2883//2040 2871//2028
f 2873//2030 2885//2042 2884//2041 2872//2029
f 2874//2020 2886//2032 2885//2042 2873//2030
f 2875//2031 2887//2043 2898//2044 2886//2032
f 2876//2033 2888//2045 2887//2043 2875//2031
f 2877//2034 2889//2046 2888//2045 2876//2033
f 2878//2035 2890//2047 2889//2046 2877//2034
f 2879//2036 2891//2048 2890//2047 2878//2035
f 2880//2037 2892//2049 2891//2048 2879//2036
f 2881//2038 2893//2050 2892//2049 2880//2037
f 2882//2039 2894//2051 2893//2050 2881//2038
f 2883//2040 2895//2052 2894//2051 2882//2039
f 2884//2041 2896//2053 2895//2052 2883//2040
f 2885//2042 2897//2054 2896//2053 2884//2041
f 2886//2032 2898//2044 2897//2054 2885//2042
f 2887//2043 2899//2055 2910//2056 2898//2044
f 2888//2045 2900//2057 2899//2055 2887//2043
f 2889//2046 2901//2058 2900//2057 2888//2045
f 2890//2047 2902//2059 2901//2058 2889//2046
f 2891//2048 2903//2060 2902//2059 2890//2047
f 2892//2049 2904//2061 2903//2060 2891//2048
f 2893//2050 2905//2062 2904//2061 2892//2049
f 2894//2051 2906//2063 2905//2062 2893//2050
f 2895//2052 2907//2064 2906//2063 2894//2051
f 2896//2053 2908//2065 2907//2064 2895//2052
f 2897//2054 2909//2066 2908//2065 2896//2053
f 2898//2044 2910//2056 2909//2066 2897//2054
f 2899//2055 2911//2067 2922//2068 2910//2056
f 2900//2057 2912//2069 2911//2067 2899//2055
f 2901//2058 2913//2070 2912//2069 2900//2057
f 2902//2059 2914//2071 2913//2070 2901//2058
f 2903//2060 2915//2072 2914//2071 2902//2059
f 2904//2061 2916//2073 2915//2072 2903//2060
f 2905//2062 2917//2074 2916//2073 2904//2061
f 2906//2063 2918//2075 2917//2074 2905//2062
f 2907//2064 2919//2076 2918//2075 2906//2063
f 2908//2065 2920//2077 2919//2076 2907//2064
f 2909//2066 2921//2078 2920//2077 2908//2065
f 2910//2056 2922//2068 2921//2078 2909//2066
f 2911//2067 2923//2079 2934//2080 2922//2068
f 2912//2069 2924//2081 2923//2079 2911//2067
f 2913//2070 2925//2082 2924//2081 2912//2069
f 2914//2071 2926//2083 2925//2082 2913//2070
f 2915//2072 2927//2084 2926//2083 2914//2071
f 2916//2073 2928//2085 2927//2084 2915//2072
f 2917//2074 2929//2086 2928//2085 2916//2073
f 2918//2075 2930//2087 2929//2086 2917//2074
f 2919//2076 2931//2088 2930//2087 2918//2075
f 2920//2077 2932//2089 2931//2088 2919//2076
f 2921//2078 2933//2090 2932//2089 2920//2077
f 2922//2068 2934//2080 2933//2090 2921//2078
f 2923//2079 2935//2091 2946//2092 2934//2080
f 2924//2081 2936//2093 2935//2091 2923//2079
f 2925//2082 2937//2094 2936//2093 2924//2081
f 2926//2083 2938//2095 2937//2094 2925//2082
f 2927//2084 2939//2096 2938//2095 2926//2083
f 2928//2085 2940//2097 2939//2096 2927//2084
f 2929//2086 2941//2098 2940//2097 2928//2085
f 2930//2087 2942//2099 2941//2098 2929//2086
f 2931//2088 2943//2100 2942//2099 2930//2087
f 2932//2089 2944//2101 2943//2100 2931//2088
f 2933//2090 2945//2102 2944//2101 2932//2089
f 2934//2080 2946//2092 2945//2102 2933//2090
f 2935//2091 2947//2103 2958//2104 2946//2092
f 2936//2093 2948//2105 2947//2103 2935//2091
f 2937//2094 2949//2106 2948//2105 2936//2093
f 2938//2095 2950//2107 2949//2106 2937//2094
f 2939//2096 2951//2108 2950//2107 2938//2095
f 2940//2097 2952//2109 2951//2108 2939//2096
f 2941//2098 2953//2110 2952//2109 2940//2097
f 2942//2099 2954//2111 2953//2110 2941//2098
f 2943//2100 2955//2112 2954//2111 2942//2099
f 2944//2101 2956//2113 2955//2112 2943//2100
f 2945//2102 2957//2114 2956//2113 2944//2101
f 2946//2092 2958//2104 2957//2114 2945//2102
f 2947//2103 2959//2115 2970//2116 2958//2104
f 2948//2105 2960//2117 2959//2115 2947//2103
f 2949//2106 2961//2118 2960//2117 2948//2105
f 2950//2107 2962//2119 2961//2118 2949//2106
f 2951//2108 2963//2120 2962//2119 2950//2107
f 2952//2109 2964//2121 2963//2120 2951//2108
f 2953//2110 2965//2122 2964//2121 2952//2109
f 2954//2111 2966//2123 2965//2122 2953//2110
f 2955//2112 2967//2124 2966//2123 2954//2111
f 2956//2113 2968//2125 2967//2124 2955//2112
f 2957//2114 2969//2126 2968//2125 2956//2113
f 2958//2104 2970//2116 2969//2126 2957//2114
f 2959//2115 2971//2127 2982//2128 2970//2116
f 2960//2117 2972//2129 2971//2127 2959//2115
f 2961//2118 2973//2130 2972//2129 2960//2117
f 2962//2119 2974//2131 2973//2130 2961//2118
f 2963//2120 2975//2132 2974//2131 2962//2119
f 2964//2121 2976//2133 2975//2132 2963//2120
f 2965//2122 2977//2134 2976//2133 2964//2121
f 2966//2123 2978//2135 2977//2134 2965//2122
f 2967//2124 2979//2136 2978//2135 2966//2123
f 2968//2125 2980//2137 2979//2136 2967//2124
f 2969//2126 2981//2138 2980//2137 2968//2125
f 2970//2116 2982//2128 2981//2138 2969//2126
o Circle.005_Circle.006
v -0.102533 0.743525 0.273999
v -0.121729 0.743525 0.277516
v -0.139219 0.743525 0.287757
v -0.153450 0.743525 0.303810
v -0.163156 0.743525 0.324250
v -0.167476 0.743525 0.347260
v -0.166025 0.743525 0.370796
v -0.158933 0.743525 0.392767
v -0.146829 0.743525 0.411219
v -0.130790 0.743525 0.424515
v -0.112240 0.743525 0.431471
v -0.092827 0.743525 0.431471
v -0.074277 0.743525 0.424515
v -0.058237 0.743525 0.411219
v -0.046134 0.743525 0.392767
v -0.039041 0.743525 0.370796
v -0.037591 0.743525 0.347260
v -0.041910 0.743525 0.324250
v -0.051617 0.743525 0.303810
v -0.065847 0.743525 0.287757
v -0.083337 0.743525 0.277516
v -0.121729 0.758097 0.277516
v -0.102533 0.758097 0.273999
v -0.139219 0.758097 0.287757
v -0.153450 0.758097 0.303810
v -0.163156 0.758097 0.324250
v -0.167476 0.758097 0.347260
v -0.166025 0.758097 0.370796
v -0.158933 0.758097 0.392767
v -0.146829 0.758097 0.411219
v -0.130790 0.758097 0.424515
v -0.112240 0.758097 0.431471
v -0.092827 0.758097 0.431471
v -0.074277 0.758097 0.424515
v -0.058237 0.758097 0.411219
v -0.046134 0.758097 0.392767
v -0.039041 0.758097 0.370796
v -0.037591 0.758097 0.347260
v -0.041910 0.758097 0.324250
v -0.051617 0.758097 0.303810
v -0.065847 0.758097 0.287757
v -0.083337 0.758097 0.277516
v -0.130833 0.776030 0.241633
v -0.102533 0.776030 0.236447
v -0.156618 0.776030 0.256730
v -0.177598 0.776030 0.280397
v -0.191907 0.776030 0.310531
v -0.198276 0.776030 0.344454
v -0.196137 0.776030 0.379152
v -0.185681 0.776030 0.411542
v -0.167837 0.776030 0.438746
v -0.144191 0.776030 0.458347
v -0.116843 0.776030 0.468604
v -0.088224 0.776030 0.468604
v -0.060876 0.776030 0.458347
v -0.037229 0.776030 0.438746
v -0.019385 0.776030 0.411542
v -0.008930 0.776030 0.379152
v -0.006791 0.776030 0.344454
v -0.013159 0.776030 0.310531
v -0.027469 0.776030 0.280397
v -0.048448 0.776030 0.256730
v -0.074233 0.776030 0.241633
v -0.128705 0.799812 0.210095
v -0.102533 0.786669 0.211085
v -0.170058 0.801892 0.232763
v -0.196251 0.801892 0.262311
v -0.214117 0.801892 0.299933
v -0.222068 0.801892 0.342286
v -0.219398 0.801892 0.385607
v -0.206343 0.801892 0.426046
v -0.184065 0.801892 0.460010
v -0.154543 0.801892 0.484482
v -0.120399 0.801892 0.497287
v -0.084668 0.801892 0.497287
v -0.050524 0.801892 0.484482
v -0.021001 0.801892 0.460010
v 0.001277 0.801892 0.426046
v 0.014331 0.801892 0.385607
v 0.017001 0.801892 0.342286
v 0.009050 0.801892 0.299933
v -0.008815 0.801892 0.262311
v -0.035008 0.801892 0.232763
v -0.076361 0.799812 0.210095
v -0.139546 0.831542 0.207705
v -0.121866 0.836779 0.158115
v -0.176428 0.834747 0.221404
v -0.205092 0.834747 0.253740
v -0.224643 0.834747 0.294911
v -0.233344 0.834747 0.341259
v -0.230422 0.834747 0.388666
v -0.216136 0.834747 0.432920
v -0.191757 0.834747 0.470088
v -0.159449 0.834747 0.496869
v -0.122084 0.834747 0.510882
v -0.082982 0.834747 0.510882
v -0.045618 0.834747 0.496869
v -0.013310 0.834747 0.470088
v 0.011070 0.834747 0.432920
v 0.025355 0.834747 0.388666
v 0.028277 0.834747 0.341259
v 0.019576 0.834747 0.294911
v 0.000025 0.834747 0.253740
v -0.028638 0.834747 0.221404
v -0.065520 0.831543 0.207705
v -0.128706 0.863273 0.205315
v -0.102533 0.876416 0.204325
v -0.171722 0.859057 0.229797
v -0.198560 0.859057 0.260073
v -0.216866 0.859057 0.298622
v -0.225013 0.859057 0.342018
v -0.222277 0.859057 0.386406
v -0.208901 0.859057 0.427841
v -0.186074 0.859057 0.462642
v -0.155824 0.859057 0.487717
v -0.120839 0.859057 0.500837
v -0.084227 0.859057 0.500837
v -0.049242 0.859057 0.487717
v -0.018993 0.859057 0.462642
v 0.003834 0.859057 0.427841
v 0.017210 0.859057 0.386406
v 0.019946 0.859057 0.342018
v 0.011799 0.859057 0.298622
v -0.006507 0.859057 0.260073
v -0.033345 0.859057 0.229797
v -0.076361 0.863273 0.205315
v -0.132517 0.886197 0.234996
v -0.102533 0.886197 0.229501
v -0.159836 0.886197 0.250991
v -0.182064 0.886197 0.276067
v -0.197225 0.886197 0.307993
v -0.203973 0.886197 0.343935
v -0.201707 0.886197 0.380698
v -0.190629 0.886197 0.415015
v -0.171723 0.886197 0.443838
v -0.146670 0.886197 0.464605
v -0.117694 0.886197 0.475472
v -0.087372 0.886197 0.475472
v -0.058397 0.886197 0.464605
v -0.033344 0.886197 0.443838
v -0.014438 0.886197 0.415015
v -0.003360 0.886197 0.380698
v -0.001094 0.886197 0.343935
v -0.007841 0.886197 0.307993
v -0.023002 0.886197 0.276067
v -0.045230 0.886197 0.250991
v -0.072550 0.886197 0.234996
v -0.132882 0.890793 0.233559
v -0.102533 0.890793 0.227997
v -0.160533 0.890793 0.249749
v -0.183031 0.890793 0.275129
v -0.198377 0.890793 0.307444
v -0.205206 0.890793 0.343823
v -0.202913 0.890793 0.381032
v -0.191700 0.890793 0.415767
v -0.172565 0.890793 0.444941
v -0.147206 0.890793 0.465961
v -0.117879 0.890793 0.476959
v -0.087188 0.890793 0.476959
v -0.057860 0.890793 0.465961
v -0.032502 0.890793 0.444941
v -0.013366 0.890793 0.415767
v -0.002154 0.890793 0.381032
v 0.000140 0.890793 0.343823
v -0.006690 0.890793 0.307444
v -0.022035 0.890793 0.275129
v -0.044533 0.890793 0.249749
v -0.072185 0.890793 0.233559
v -0.132882 0.900640 0.233559
v -0.102533 0.900640 0.227997
v -0.160533 0.900640 0.249749
v -0.183031 0.900640 0.275129
v -0.198377 0.900640 0.307444
v -0.205206 0.900640 0.343823
v -0.202913 0.900640 0.381032
v -0.191700 0.900640 0.415767
v -0.172565 0.900640 0.444941
v -0.147206 0.900640 0.465961
v -0.117879 0.900640 0.476959
v -0.087188 0.900640 0.476959
v -0.057860 0.900640 0.465961
v -0.032502 0.900640 0.444941
v -0.013366 0.900640 0.415767
v -0.002154 0.900640 0.381032
v 0.000140 0.900640 0.343823
v -0.006690 0.900640 0.307444
v -0.022035 0.900640 0.275129
v -0.044533 0.900640 0.249749
v -0.072185 0.900640 0.233559
v -0.106201 0.915013 0.338721
v -0.102533 0.915013 0.338049
v -0.109543 0.915013 0.340678
v -0.112262 0.915013 0.343745
v -0.114116 0.915013 0.347650
v -0.114942 0.915013 0.352047
v -0.114664 0.915013 0.356544
v -0.113309 0.915013 0.360741
v -0.110997 0.915013 0.364267
v -0.107932 0.915013 0.366807
v -0.104388 0.915013 0.368136
v -0.100679 0.915013 0.368136
v -0.097134 0.915013 0.366807
v -0.094070 0.915013 0.364267
v -0.091757 0.915013 0.360741
v -0.090402 0.915013 0.356544
v -0.090125 0.915013 0.352047
v -0.090950 0.915013 0.347650
v -0.092805 0.915013 0.343745
v -0.095524 0.915013 0.340678
v -0.098866 0.915013 0.338721
v -0.129750 0.915013 0.245902
v -0.102533 0.915013 0.240914
v -0.154548 0.915013 0.260421
v -0.174725 0.915013 0.283182
v -0.188487 0.915013 0.312163
v -0.194612 0.915013 0.344788
v -0.192555 0.915013 0.378158
v -0.182499 0.915013 0.409309
v -0.165338 0.915013 0.435472
v -0.142597 0.915013 0.454323
v -0.116295 0.915013 0.464187
v -0.088771 0.915013 0.464187
v -0.062470 0.915013 0.454323
v -0.039728 0.915013 0.435472
v -0.022567 0.915013 0.409309
v -0.012512 0.915013 0.378158
v -0.010455 0.915013 0.344788
v -0.016579 0.915013 0.312163
v -0.030341 0.915013 0.283182
v -0.050518 0.915013 0.260421
v -0.075316 0.915013 0.245902
v -0.106486 0.919046 0.337599
v -0.102533 0.919046 0.336875
v -0.110087 0.919046 0.339708
v -0.113017 0.919046 0.343013
v -0.115015 0.919046 0.347221
v -0.115905 0.919046 0.351959
v -0.115606 0.919046 0.356805
v -0.114146 0.919046 0.361328
v -0.111654 0.919046 0.365128
v -0.108351 0.919046 0.367865
v -0.104532 0.919046 0.369298
v -0.100535 0.919046 0.369298
v -0.096715 0.919046 0.367865
v -0.093413 0.919046 0.365128
v -0.090921 0.919046 0.361328
v -0.089461 0.919046 0.356805
v -0.089162 0.919046 0.351959
v -0.090051 0.919046 0.347221
v -0.092050 0.919046 0.343013
v -0.094980 0.919046 0.339708
v -0.098581 0.919046 0.337599
v -0.105976 0.929129 0.339608
v -0.102533 0.929129 0.338977
v -0.109113 0.929129 0.341445
v -0.111665 0.929129 0.344324
v -0.113405 0.929129 0.347989
v -0.114180 0.929129 0.352116
v -0.113920 0.929129 0.356337
v -0.112648 0.929129 0.360277
v -0.110477 0.929129 0.363587
v -0.107601 0.929129 0.365971
v -0.104274 0.929129 0.367219
v -0.100793 0.929129 0.367219
v -0.097466 0.929129 0.365971
v -0.094589 0.929129 0.363587
v -0.092419 0.929129 0.360277
v -0.091147 0.929129 0.356337
v -0.090886 0.929129 0.352116
v -0.091661 0.929129 0.347989
v -0.093402 0.929129 0.344324
v -0.095954 0.929129 0.341445
v -0.099091 0.929129 0.339608
v -0.104408 0.936691 0.345786
v -0.102533 0.936691 0.345442
v -0.106117 0.936691 0.346786
v -0.107507 0.936691 0.348355
v -0.108455 0.936691 0.350351
v -0.108877 0.936691 0.352599
v -0.108736 0.936691 0.354898
v -0.108043 0.936691 0.357045
v -0.106860 0.936691 0.358847
v -0.105294 0.936691 0.360146
v -0.103481 0.936691 0.360826
v -0.101585 0.936691 0.360826
v -0.099773 0.936691 0.360146
v -0.098206 0.936691 0.358847
v -0.097024 0.936691 0.357045
v -0.096331 0.936691 0.354898
v -0.096189 0.936691 0.352599
v -0.096611 0.936691 0.350351
v -0.097559 0.936691 0.348355
v -0.098949 0.936691 0.346786
v -0.100658 0.936691 0.345786
v -0.128705 0.809016 0.187889
v -0.102533 0.795873 0.188879
v -0.076361 0.809016 0.187889
v -0.139546 0.840746 0.185499
v -0.115656 0.859395 0.130990
v -0.065520 0.840746 0.185499
v -0.128706 0.872476 0.183109
v -0.102533 0.885620 0.182119
v -0.076361 0.872477 0.183109
v -0.102533 0.827071 0.158846
v -0.083200 0.836780 0.158115
v -0.129874 0.860218 0.156350
v -0.112098 0.867498 0.116384
v -0.075192 0.860218 0.156350
v -0.121866 0.883657 0.154584
v -0.102533 0.893365 0.153853
v -0.083200 0.883657 0.154584
v -0.102533 0.852805 0.131486
v -0.089410 0.859395 0.130990
v -0.121092 0.875305 0.129791
v -0.083974 0.875305 0.129791
v -0.115656 0.891215 0.128593
v -0.102533 0.897805 0.128097
v -0.089410 0.891215 0.128593
v -0.102533 0.862694 0.116746
v -0.092968 0.867498 0.116384
v -0.116060 0.879094 0.115511
v -0.089006 0.879094 0.115511
v -0.112098 0.890690 0.114638
v -0.102533 0.895494 0.114276
v -0.092968 0.890691 0.114638
v -0.108400 0.876026 0.106034
v -0.102533 0.873080 0.106256
v -0.096666 0.876026 0.106034
v -0.110847 0.883141 0.105436
v -0.094219 0.883141 0.105436
v -0.108426 0.890273 0.104837
v -0.102533 0.893232 0.104614
v -0.096641 0.890273 0.104837
v -0.110366 0.873716 0.107178
v -0.102533 0.869783 0.107474
v -0.094701 0.873716 0.107178
v -0.091456 0.883212 0.106462
v -0.113610 0.883212 0.106462
v -0.110366 0.892708 0.105747
v -0.102533 0.896641 0.105451
v -0.094701 0.892708 0.105747
v -0.110847 0.869252 0.142871
v -0.102533 0.870282 0.139705
v -0.094219 0.869252 0.142871
v -0.102533 0.859191 0.143692
v -0.102533 0.879343 0.142050
v -0.108400 0.862137 0.143470
v -0.096666 0.862137 0.143470
v -0.108426 0.876384 0.142272
v -0.096641 0.876384 0.142272
vn 0.0000 -1.0000 -0.0000
vn -0.4740 -0.8671 0.1530
vn 0.6382 0.0000 0.7699
vn -0.9981 0.0000 0.0615
vn 0.1803 0.0000 -0.9836
vn 0.8362 0.0000 0.5485
vn -0.9516 0.0000 0.3072
vn 0.9516 0.0000 0.3072
vn -0.8362 0.0000 0.5485
vn -0.1803 0.0000 -0.9836
vn 0.9981 0.0000 0.0615
vn -0.6382 0.0000 0.7699
vn -0.5053 0.0000 -0.8630
vn 0.9828 0.0000 -0.1845
vn -0.3511 0.0000 0.9363
vn -0.7483 0.0000 -0.6633
vn 0.9033 0.0000 -0.4290
vn 0.0000 0.0000 1.0000
vn -0.9033 0.0000 -0.4290
vn 0.7483 0.0000 -0.6633
vn 0.3511 0.0000 0.9363
vn -0.9828 0.0000 -0.1845
vn 0.5053 0.0000 -0.8630
vn -0.3509 -0.7324 -0.5835
vn 0.4740 -0.8671 0.1530
vn -0.4024 -0.8766 0.2640
vn -0.0787 -0.8996 -0.4296
vn 0.5050 -0.8625 0.0311
vn -0.2937 -0.8878 0.3543
vn -0.2275 -0.8929 -0.3885
vn 0.4947 -0.8641 -0.0929
vn -0.1552 -0.8970 0.4139
vn -0.3523 -0.8822 -0.3123
vn 0.4431 -0.8714 -0.2104
vn 0.0000 -0.9005 0.4349
vn -0.4431 -0.8714 -0.2104
vn 0.3523 -0.8822 -0.3123
vn 0.1552 -0.8970 0.4139
vn -0.4947 -0.8641 -0.0929
vn 0.2275 -0.8929 -0.3885
vn 0.2937 -0.8878 0.3543
vn -0.5050 -0.8625 0.0311
vn 0.0787 -0.8996 -0.4296
vn 0.4024 -0.8766 0.2640
vn 0.7008 -0.3506 -0.6212
vn 0.7234 -0.6769 -0.1358
vn -0.2378 -0.7359 0.6340
vn -0.5282 -0.7084 -0.4682
vn 0.6544 -0.6893 -0.3108
vn 0.0000 -0.7427 0.6696
vn -0.6544 -0.6893 -0.3108
vn 0.5282 -0.7084 -0.4682
vn 0.2378 -0.7359 0.6340
vn -0.7234 -0.6769 -0.1358
vn 0.3509 -0.7324 -0.5835
vn 0.4438 -0.7186 0.5354
vn -0.7371 -0.6743 0.0454
vn 0.2387 -0.8269 -0.5092
vn 0.5985 -0.6983 0.3926
vn -0.6960 -0.6820 0.2247
vn 0.6960 -0.6820 0.2247
vn -0.5985 -0.6983 0.3926
vn -0.2387 -0.8269 -0.5092
vn 0.7371 -0.6743 0.0454
vn -0.4438 -0.7186 0.5354
vn 0.7859 0.3416 0.5155
vn 0.3254 -0.3757 0.8677
vn -0.9296 -0.3245 -0.1745
vn 0.4191 -0.2945 -0.8588
vn 0.5955 -0.3597 0.7183
vn -0.9448 -0.3224 0.0582
vn 0.4099 -0.8426 -0.3492
vn 0.7857 -0.3420 0.5154
vn -0.8988 -0.3286 0.2901
vn 0.8988 -0.3286 0.2901
vn -0.7857 -0.3420 0.5154
vn -0.9342 -0.3295 -0.1366
vn 0.9448 -0.3224 0.0582
vn -0.5955 -0.3597 0.7183
vn -0.4191 -0.2945 -0.8588
vn 0.9296 -0.3245 -0.1745
vn -0.3254 -0.3757 0.8677
vn -0.7008 -0.3506 -0.6212
vn 0.8513 -0.3345 -0.4042
vn 0.0000 -0.3823 0.9240
vn -0.8513 -0.3345 -0.4042
vn -0.4813 0.6567 0.5806
vn -0.8989 0.3282 0.2902
vn 0.8989 0.3282 0.2902
vn -0.7859 0.3416 0.5155
vn -0.4099 -0.8426 -0.3492
vn 0.9449 0.3220 0.0582
vn -0.5956 0.3593 0.7185
vn -0.4236 0.2119 -0.8807
vn 0.9298 0.3241 -0.1745
vn -0.3255 0.3753 0.8679
vn -0.7009 0.3502 -0.6213
vn 0.8514 0.3341 -0.4043
vn 0.0000 0.3819 0.9242
vn -0.8514 0.3341 -0.4043
vn 0.7009 0.3502 -0.6213
vn 0.3255 0.3753 0.8679
vn -0.9298 0.3241 -0.1745
vn 0.4236 0.2119 -0.8807
vn 0.5956 0.3593 0.7185
vn -0.9449 0.3220 0.0582
vn 0.9342 0.3295 0.1366
vn -0.8704 -0.2675 -0.4133
vn -0.3935 0.6857 -0.6123
vn 0.7769 0.6125 -0.1458
vn -0.2590 0.6754 0.6905
vn -0.5714 0.6458 -0.5065
vn 0.7048 0.6256 -0.3347
vn 0.0000 0.6828 0.7306
vn -0.7048 0.6256 -0.3347
vn 0.5714 0.6458 -0.5065
vn 0.2590 0.6754 0.6905
vn -0.7769 0.6125 -0.1458
vn 0.3935 0.6857 -0.6123
vn 0.4813 0.6567 0.5806
vn -0.7911 0.6098 0.0488
vn 0.2515 0.8235 -0.5085
vn 0.6459 0.6351 0.4237
vn -0.7482 0.6179 0.2415
vn 0.7482 0.6179 0.2415
vn -0.6459 0.6351 0.4237
vn -0.2515 0.8235 -0.5085
vn 0.7911 0.6098 0.0488
vn 0.7182 -0.2811 -0.6366
vn 0.3347 -0.3023 0.8925
vn -0.9492 -0.2592 -0.1782
vn 0.4826 -0.2961 -0.8243
vn 0.6110 -0.2887 0.7371
vn -0.9645 -0.2575 0.0594
vn 0.1716 -0.3064 -0.9363
vn 0.8042 -0.2738 0.5275
vn -0.9182 -0.2626 0.2964
vn 0.9183 -0.2626 0.2964
vn -0.8042 -0.2738 0.5275
vn -0.1716 -0.3064 -0.9363
vn 0.9645 -0.2575 0.0594
vn -0.6110 -0.2887 0.7371
vn -0.4826 -0.2961 -0.8243
vn 0.9492 -0.2592 -0.1782
vn -0.3347 -0.3023 0.8925
vn -0.7182 -0.2811 -0.6366
vn 0.8704 -0.2675 -0.4133
vn 0.0000 -0.3079 0.9514
vn -0.4915 0.6378 0.5930
vn 0.1733 -0.2753 -0.9456
vn -0.3848 0.6482 -0.6572
vn 0.7912 0.5932 -0.1485
vn -0.2648 0.6567 0.7061
vn -0.5832 0.6267 -0.5169
vn 0.7184 0.6063 -0.3411
vn 0.0000 0.6643 0.7475
vn -0.7184 0.6063 -0.3411
vn 0.5832 0.6267 -0.5169
vn 0.2648 0.6567 0.7061
vn -0.7912 0.5932 -0.1485
vn 0.3848 0.6482 -0.6572
vn 0.4915 0.6378 0.5930
vn -0.8056 0.5904 0.0497
vn 0.1351 0.6623 -0.7370
vn 0.6588 0.6159 0.4321
vn -0.7623 0.5986 0.2461
vn 0.7623 0.5986 0.2461
vn -0.6588 0.6159 0.4321
vn -0.1351 0.6623 -0.7370
vn 0.8056 0.5904 0.0497
vn -0.0000 1.0000 0.0000
vn 0.9840 0.1674 0.0607
vn 0.8106 -0.2455 0.5317
vn -0.9249 -0.2353 0.2986
vn 0.9249 -0.2353 0.2986
vn -0.8106 -0.2455 0.5317
vn -0.1733 -0.2753 -0.9456
vn 0.9712 -0.2306 0.0599
vn -0.6164 -0.2591 0.7436
vn -0.4871 -0.2658 -0.8319
vn 0.9560 -0.2322 -0.1795
vn -0.3379 -0.2715 0.9012
vn -0.7241 -0.2521 -0.6419
vn 0.8770 -0.2398 -0.4164
vn 0.0000 -0.2767 0.9610
vn -0.8770 -0.2398 -0.4164
vn 0.7241 -0.2521 -0.6419
vn 0.3379 -0.2715 0.9012
vn -0.9560 -0.2322 -0.1795
vn 0.4871 -0.2658 -0.8319
vn 0.6164 -0.2591 0.7436
vn -0.9712 -0.2306 0.0599
vn 0.0000 0.6456 0.7637
vn -0.6267 0.1887 0.7561
vn -0.4957 0.1938 -0.8466
vn 0.9688 0.1685 -0.1819
vn -0.3442 0.1980 0.9178
vn -0.7356 0.1834 -0.6521
vn 0.8895 0.1742 -0.4224
vn 0.0000 0.2020 0.9794
vn -0.8895 0.1742 -0.4224
vn 0.7356 0.1834 -0.6521
vn 0.3442 0.1980 0.9178
vn -0.9688 0.1685 -0.1819
vn 0.4957 0.1938 -0.8466
vn 0.6267 0.1887 0.7561
vn -0.9840 0.1674 0.0607
vn 0.1766 0.2009 -0.9636
vn 0.8227 0.1785 0.5397
vn -0.9377 0.1708 0.3027
vn 0.9377 0.1708 0.3027
vn -0.8227 0.1785 0.5397
vn -0.1766 0.2009 -0.9636
vn -0.7312 0.5871 -0.3473
vn 0.5943 0.6076 -0.5269
vn 0.2704 0.6379 0.7210
vn -0.8048 0.5740 -0.1511
vn 0.3927 0.6293 -0.6707
vn 0.5013 0.6188 0.6048
vn -0.8192 0.5713 0.0505
vn 0.1380 0.6436 -0.7528
vn 0.6710 0.5968 0.4401
vn -0.7756 0.5794 0.2504
vn 0.7756 0.5794 0.2504
vn -0.6710 0.5968 0.4401
vn -0.1380 0.6436 -0.7528
vn 0.8192 0.5713 0.0505
vn -0.5013 0.6188 0.6048
vn -0.3927 0.6293 -0.6707
vn 0.8048 0.5740 -0.1511
vn -0.2704 0.6379 0.7210
vn -0.5943 0.6076 -0.5268
vn 0.7312 0.5871 -0.3472
vn 0.9436 0.3146 -0.1029
vn 0.8174 -0.3156 -0.4820
vn -0.8174 -0.3156 -0.4820
vn 0.4286 0.8714 0.2388
vn -0.4099 0.8426 0.3492
vn 0.4099 0.8426 0.3492
vn 0.9342 -0.3295 -0.1366
vn -0.9342 0.3295 0.1366
vn 0.8313 -0.3183 -0.4557
vn -0.8313 -0.3183 -0.4557
vn 0.4389 0.8855 0.1526
vn 0.3218 -0.6897 -0.6487
vn -0.3057 -0.6603 -0.6860
vn -0.9436 0.3146 -0.1029
vn -0.4286 0.8714 0.2388
vn 0.3057 -0.6603 -0.6860
vn 0.4483 0.8816 -0.1474
vn 0.3681 -0.7721 -0.5180
vn -0.4483 0.8816 -0.1474
vn -0.9226 0.2967 -0.2464
vn 0.9408 0.3113 -0.1342
vn -0.3218 -0.6897 -0.6487
vn -0.9408 0.3113 -0.1342
vn -0.4389 0.8855 0.1526
vn -0.3519 -0.7436 -0.5685
vn 0.9428 0.3137 -0.1126
vn 0.8654 -0.3244 -0.3820
vn -0.8654 -0.3244 -0.3820
vn -0.8621 -0.3239 -0.3897
vn 0.8621 -0.3239 -0.3897
vn 0.9226 0.2967 -0.2464
vn -0.3681 -0.7721 -0.5180
vn 0.4161 0.8525 0.3163
vn -0.9352 0.3320 0.1232
vn 0.4162 -0.8525 -0.3163
vn 0.9367 -0.3283 -0.1218
vn -0.9428 0.3136 -0.1126
vn -0.4423 0.8894 0.1156
vn 0.3519 -0.7436 -0.5685
vn 0.4423 0.8894 0.1156
vn -0.1372 -0.3432 -0.9292
vn 0.1372 -0.3432 -0.9292
vn 0.3349 -0.1878 -0.9234
vn -0.3349 -0.1878 -0.9234
vn -0.1546 0.2357 -0.9595
vn 0.1546 0.2357 -0.9595
vn -0.3583 0.0484 -0.9323
vn 0.3583 0.0484 -0.9323
vn 0.2304 -0.2667 -0.9358
vn -0.2304 -0.2667 -0.9358
vn -0.2674 0.1427 -0.9529
vn 0.2675 0.1428 -0.9529
vn -0.9367 -0.3283 -0.1218
vn -0.4161 -0.8525 -0.3163
vn 0.9352 0.3320 0.1232
vn -0.4162 0.8525 0.3163
usemtl teh_pot
s off
f 2984//2139 2983//2139 3003//2139 3002//2139 3001//2139 3000//2139 2999//2139 2998//2139 2997//2139 2996//2139 2995//2139 2994//2139 2993//2139 2992//2139 2991//2139 2990//2139 2989//2139 2988//2139 2987//2139 2986//2139 2985//2139
f 3010//2140 3011//2140 3032//2140 3031//2140
f 2995//2141 2996//2141 3017//2141 3016//2141
f 2988//2142 2989//2142 3010//2142 3009//2142
f 3003//2143 2983//2143 3005//2143 3024//2143
f 2996//2144 2997//2144 3018//2144 3017//2144
f 2989//2145 2990//2145 3011//2145 3010//2145
f 2997//2146 2998//2146 3019//2146 3018//2146
f 2990//2147 2991//2147 3012//2147 3011//2147
f 2983//2148 2984//2148 3004//2148 3005//2148
f 2998//2149 2999//2149 3020//2149 3019//2149
f 2991//2150 2992//2150 3013//2150 3012//2150
f 2984//2151 2985//2151 3006//2151 3004//2151
f 2999//2152 3000//2152 3021//2152 3020//2152
f 2992//2153 2993//2153 3014//2153 3013//2153
f 2985//2154 2986//2154 3007//2154 3006//2154
f 3000//2155 3001//2155 3022//2155 3021//2155
f 2993//2156 2994//2156 3015//2156 3014//2156
f 2986//2157 2987//2157 3008//2157 3007//2157
f 3001//2158 3002//2158 3023//2158 3022//2158
f 2994//2159 2995//2159 3016//2159 3015//2159
f 2987//2160 2988//2160 3009//2160 3008//2160
f 3002//2161 3003//2161 3024//2161 3023//2161
f 3025//2162 3027//2162 3048//2162 3046//2162
f 3018//2163 3019//2163 3040//2163 3039//2163
f 3011//2164 3012//2164 3033//2164 3032//2164
f 3005//2165 3004//2165 3025//2165 3026//2165
f 3019//2166 3020//2166 3041//2166 3040//2166
f 3012//2167 3013//2167 3034//2167 3033//2167
f 3004//2168 3006//2168 3027//2168 3025//2168
f 3020//2169 3021//2169 3042//2169 3041//2169
f 3013//2170 3014//2170 3035//2170 3034//2170
f 3006//2171 3007//2171 3028//2171 3027//2171
f 3021//2172 3022//2172 3043//2172 3042//2172
f 3014//2173 3015//2173 3036//2173 3035//2173
f 3007//2174 3008//2174 3029//2174 3028//2174
f 3022//2175 3023//2175 3044//2175 3043//2175
f 3015//2176 3016//2176 3037//2176 3036//2176
f 3008//2177 3009//2177 3030//2177 3029//2177
f 3023//2178 3024//2178 3045//2178 3044//2178
f 3016//2179 3017//2179 3038//2179 3037//2179
f 3009//2180 3010//2180 3031//2180 3030//2180
f 3024//2181 3005//2181 3026//2181 3045//2181
f 3017//2182 3018//2182 3039//2182 3038//2182
f 3064//2183 3065//2183 3086//2183 3085//2183
f 3041//2184 3042//2184 3063//2184 3062//2184
f 3034//2185 3035//2185 3056//2185 3055//2185
f 3027//2186 3028//2186 3049//2186 3048//2186
f 3042//2187 3043//2187 3064//2187 3063//2187
f 3035//2188 3036//2188 3057//2188 3056//2188
f 3028//2189 3029//2189 3050//2189 3049//2189
f 3043//2190 3044//2190 3065//2190 3064//2190
f 3036//2191 3037//2191 3058//2191 3057//2191
f 3029//2192 3030//2192 3051//2192 3050//2192
f 3044//2193 3045//2193 3066//2193 3065//2193
f 3037//2194 3038//2194 3059//2194 3058//2194
f 3030//2195 3031//2195 3052//2195 3051//2195
f 3045//2196 3026//2196 3047//2196 3066//2196
f 3038//2197 3039//2197 3060//2197 3059//2197
f 3031//2198 3032//2198 3053//2198 3052//2198
f 3039//2199 3040//2199 3061//2199 3060//2199
f 3032//2200 3033//2200 3054//2200 3053//2200
f 3026//2201 3025//2201 3046//2201 3047//2201
f 3040//2202 3041//2202 3062//2202 3061//2202
f 3033//2203 3034//2203 3055//2203 3054//2203
f 3080//2204 3081//2204 3102//2204 3101//2204
f 3057//2205 3058//2205 3079//2205 3078//2205
f 3050//2206 3051//2206 3072//2206 3071//2206
f 3065//2207 3066//2207 3087//2207 3086//2207
f 3058//2208 3059//2208 3080//2208 3079//2208
f 3051//2209 3052//2209 3073//2209 3072//2209
f 3066//2210 3047//2210 3278//2210 3279//2210
f 3059//2211 3060//2211 3081//2211 3080//2211
f 3052//2212 3053//2212 3074//2212 3073//2212
f 3060//2213 3061//2213 3082//2213 3081//2213
f 3053//2214 3054//2214 3075//2214 3074//2214
f 3046//2215 3067//2215 3280//2215 3277//2215
f 3061//2216 3062//2216 3083//2216 3082//2216
f 3054//2217 3055//2217 3076//2217 3075//2217
f 3046//2218 3048//2218 3069//2218 3067//2218
f 3062//2219 3063//2219 3084//2219 3083//2219
f 3055//2220 3056//2220 3077//2220 3076//2220
f 3048//2221 3049//2221 3070//2221 3069//2221
f 3063//2222 3064//2222 3085//2222 3084//2222
f 3056//2223 3057//2223 3078//2223 3077//2223
f 3049//2224 3050//2224 3071//2224 3070//2224
f 3096//2225 3097//2225 3118//2225 3117//2225
f 3073//2226 3074//2226 3095//2226 3094//2226
f 3081//2227 3082//2227 3103//2227 3102//2227
f 3074//2228 3075//2228 3096//2228 3095//2228
f 3047//2229 3046//2229 3277//2229 3278//2229
f 3082//2230 3083//2230 3104//2230 3103//2230
f 3075//2231 3076//2231 3097//2231 3096//2231
f 3067//2232 3069//2232 3090//2232 3088//2232
f 3083//2233 3084//2233 3105//2233 3104//2233
f 3076//2234 3077//2234 3098//2234 3097//2234
f 3069//2235 3070//2235 3091//2235 3090//2235
f 3084//2236 3085//2236 3106//2236 3105//2236
f 3077//2237 3078//2237 3099//2237 3098//2237
f 3070//2238 3071//2238 3092//2238 3091//2238
f 3085//2239 3086//2239 3107//2239 3106//2239
f 3078//2240 3079//2240 3100//2240 3099//2240
f 3071//2241 3072//2241 3093//2241 3092//2241
f 3086//2242 3087//2242 3108//2242 3107//2242
f 3079//2243 3080//2243 3101//2243 3100//2243
f 3072//2244 3073//2244 3094//2244 3093//2244
f 3108//2245 3087//2245 3282//2245 3285//2245
f 3112//2246 3113//2246 3134//2246 3133//2246
f 3088//2247 3090//2247 3111//2247 3109//2247
f 3104//2248 3105//2248 3126//2248 3125//2248
f 3097//2249 3098//2249 3119//2249 3118//2249
f 3090//2250 3091//2250 3112//2250 3111//2250
f 3105//2251 3106//2251 3127//2251 3126//2251
f 3098//2252 3099//2252 3120//2252 3119//2252
f 3091//2253 3092//2253 3113//2253 3112//2253
f 3106//2254 3107//2254 3128//2254 3127//2254
f 3099//2255 3100//2255 3121//2255 3120//2255
f 3092//2256 3093//2256 3114//2256 3113//2256
f 3107//2257 3108//2257 3129//2257 3128//2257
f 3100//2258 3101//2258 3122//2258 3121//2258
f 3093//2259 3094//2259 3115//2259 3114//2259
f 3108//2260 3089//2260 3110//2260 3129//2260
f 3101//2261 3102//2261 3123//2261 3122//2261
f 3094//2262 3095//2262 3116//2262 3115//2262
f 3102//2263 3103//2263 3124//2263 3123//2263
f 3095//2264 3096//2264 3117//2264 3116//2264
f 3089//2265 3088//2265 3109//2265 3110//2265
f 3103//2266 3104//2266 3125//2266 3124//2266
f 3143//2144 3144//2144 3165//2144 3164//2144
f 3127//2267 3128//2267 3149//2267 3148//2267
f 3120//2268 3121//2268 3142//2268 3141//2268
f 3113//2269 3114//2269 3135//2269 3134//2269
f 3128//2270 3129//2270 3150//2270 3149//2270
f 3121//2271 3122//2271 3143//2271 3142//2271
f 3114//2272 3115//2272 3136//2272 3135//2272
f 3129//2273 3110//2273 3131//2273 3150//2273
f 3122//2274 3123//2274 3144//2274 3143//2274
f 3115//2275 3116//2275 3137//2275 3136//2275
f 3123//2276 3124//2276 3145//2276 3144//2276
f 3116//2277 3117//2277 3138//2277 3137//2277
f 3110//2278 3109//2278 3130//2278 3131//2278
f 3124//2279 3125//2279 3146//2279 3145//2279
f 3117//2280 3118//2280 3139//2280 3138//2280
f 3109//2281 3111//2281 3132//2281 3130//2281
f 3125//2282 3126//2282 3147//2282 3146//2282
f 3118//2283 3119//2283 3140//2283 3139//2283
f 3111//2284 3112//2284 3133//2284 3132//2284
f 3126//2285 3127//2285 3148//2285 3147//2285
f 3119//2286 3120//2286 3141//2286 3140//2286
f 3159//2287 3160//2287 3202//2287 3201//2287
f 3136//2145 3137//2145 3158//2145 3157//2145
f 3144//2146 3145//2146 3166//2146 3165//2146
f 3137//2147 3138//2147 3159//2147 3158//2147
f 3131//2148 3130//2148 3151//2148 3152//2148
f 3145//2149 3146//2149 3167//2149 3166//2149
f 3138//2150 3139//2150 3160//2150 3159//2150
f 3130//2151 3132//2151 3153//2151 3151//2151
f 3146//2152 3147//2152 3168//2152 3167//2152
f 3139//2153 3140//2153 3161//2153 3160//2153
f 3132//2154 3133//2154 3154//2154 3153//2154
f 3147//2155 3148//2155 3169//2155 3168//2155
f 3140//2156 3141//2156 3162//2156 3161//2156
f 3133//2157 3134//2157 3155//2157 3154//2157
f 3148//2158 3149//2158 3170//2158 3169//2158
f 3141//2159 3142//2159 3163//2159 3162//2159
f 3134//2160 3135//2160 3156//2160 3155//2160
f 3149//2161 3150//2161 3171//2161 3170//2161
f 3142//2141 3143//2141 3164//2141 3163//2141
f 3135//2142 3136//2142 3157//2142 3156//2142
f 3150//2143 3131//2143 3152//2143 3171//2143
f 3192//2288 3173//2288 3215//2288 3234//2288
f 3151//2289 3153//2289 3195//2289 3193//2289
f 3167//2290 3168//2290 3210//2290 3209//2290
f 3160//2291 3161//2291 3203//2291 3202//2291
f 3153//2292 3154//2292 3196//2292 3195//2292
f 3168//2293 3169//2293 3211//2293 3210//2293
f 3161//2294 3162//2294 3204//2294 3203//2294
f 3154//2295 3155//2295 3197//2295 3196//2295
f 3169//2296 3170//2296 3212//2296 3211//2296
f 3162//2297 3163//2297 3205//2297 3204//2297
f 3155//2298 3156//2298 3198//2298 3197//2298
f 3170//2299 3171//2299 3213//2299 3212//2299
f 3163//2300 3164//2300 3206//2300 3205//2300
f 3156//2301 3157//2301 3199//2301 3198//2301
f 3171//2302 3152//2302 3194//2302 3213//2302
f 3164//2303 3165//2303 3207//2303 3206//2303
f 3157//2304 3158//2304 3200//2304 3199//2304
f 3165//2305 3166//2305 3208//2305 3207//2305
f 3158//2306 3159//2306 3201//2306 3200//2306
f 3152//2307 3151//2307 3193//2307 3194//2307
f 3166//2308 3167//2308 3209//2308 3208//2308
f 3172//2309 3173//2309 3194//2309 3193//2309
f 3174//2309 3172//2309 3193//2309 3195//2309
f 3175//2309 3174//2309 3195//2309 3196//2309
f 3176//2309 3175//2309 3196//2309 3197//2309
f 3177//2309 3176//2309 3197//2309 3198//2309
f 3178//2309 3177//2309 3198//2309 3199//2309
f 3179//2309 3178//2309 3199//2309 3200//2309
f 3180//2309 3179//2309 3200//2309 3201//2309
f 3181//2309 3180//2309 3201//2309 3202//2309
f 3182//2309 3181//2309 3202//2309 3203//2309
f 3183//2309 3182//2309 3203//2309 3204//2309
f 3184//2309 3183//2309 3204//2309 3205//2309
f 3185//2309 3184//2309 3205//2309 3206//2309
f 3186//2309 3185//2309 3206//2309 3207//2309
f 3187//2309 3186//2309 3207//2309 3208//2309
f 3188//2309 3187//2309 3208//2309 3209//2309
f 3189//2309 3188//2309 3209//2309 3210//2309
f 3190//2309 3189//2309 3210//2309 3211//2309
f 3191//2309 3190//2309 3211//2309 3212//2309
f 3192//2309 3191//2309 3212//2309 3213//2309
f 3173//2309 3192//2309 3213//2309 3194//2309
f 3229//2310 3230//2310 3251//2310 3250//2310
f 3185//2311 3186//2311 3228//2311 3227//2311
f 3178//2312 3179//2312 3221//2312 3220//2312
f 3186//2313 3187//2313 3229//2313 3228//2313
f 3179//2314 3180//2314 3222//2314 3221//2314
f 3173//2315 3172//2315 3214//2315 3215//2315
f 3187//2316 3188//2316 3230//2316 3229//2316
f 3180//2317 3181//2317 3223//2317 3222//2317
f 3172//2318 3174//2318 3216//2318 3214//2318
f 3188//2319 3189//2319 3231//2319 3230//2319
f 3181//2320 3182//2320 3224//2320 3223//2320
f 3174//2321 3175//2321 3217//2321 3216//2321
f 3189//2322 3190//2322 3232//2322 3231//2322
f 3182//2323 3183//2323 3225//2323 3224//2323
f 3175//2324 3176//2324 3218//2324 3217//2324
f 3190//2325 3191//2325 3233//2325 3232//2325
f 3183//2326 3184//2326 3226//2326 3225//2326
f 3176//2327 3177//2327 3219//2327 3218//2327
f 3191//2328 3192//2328 3234//2328 3233//2328
f 3184//2329 3185//2329 3227//2329 3226//2329
f 3177//2330 3178//2330 3220//2330 3219//2330
f 3245//2331 3246//2331 3267//2331 3266//2331
f 3222//2332 3223//2332 3244//2332 3243//2332
f 3214//2333 3216//2333 3237//2333 3235//2333
f 3230//2334 3231//2334 3252//2334 3251//2334
f 3223//2335 3224//2335 3245//2335 3244//2335
f 3216//2336 3217//2336 3238//2336 3237//2336
f 3231//2337 3232//2337 3253//2337 3252//2337
f 3224//2338 3225//2338 3246//2338 3245//2338
f 3217//2339 3218//2339 3239//2339 3238//2339
f 3232//2340 3233//2340 3254//2340 3253//2340
f 3225//2341 3226//2341 3247//2341 3246//2341
f 3218//2342 3219//2342 3240//2342 3239//2342
f 3233//2343 3234//2343 3255//2343 3254//2343
f 3226//2344 3227//2344 3248//2344 3247//2344
f 3219//2345 3220//2345 3241//2345 3240//2345
f 3234//2346 3215//2346 3236//2346 3255//2346
f 3227//2347 3228//2347 3249//2347 3248//2347
f 3220//2348 3221//2348 3242//2348 3241//2348
f 3228//2349 3229//2349 3250//2349 3249//2349
f 3221//2350 3222//2350 3243//2350 3242//2350
f 3215//2351 3214//2351 3235//2351 3236//2351
f 3256//2309 3258//2309 3259//2309 3260//2309 3261//2309 3262//2309 3263//2309 3264//2309 3265//2309 3266//2309 3267//2309 3268//2309 3269//2309 3270//2309 3271//2309 3272//2309 3273//2309 3274//2309 3275//2309 3276//2309 3257//2309
f 3238//2352 3239//2352 3260//2352 3259//2352
f 3253//2353 3254//2353 3275//2353 3274//2353
f 3246//2354 3247//2354 3268//2354 3267//2354
f 3239//2355 3240//2355 3261//2355 3260//2355
f 3254//2356 3255//2356 3276//2356 3275//2356
f 3247//2357 3248//2357 3269//2357 3268//2357
f 3240//2358 3241//2358 3262//2358 3261//2358
f 3255//2359 3236//2359 3257//2359 3276//2359
f 3248//2360 3249//2360 3270//2360 3269//2360
f 3241//2361 3242//2361 3263//2361 3262//2361
f 3249//2362 3250//2362 3271//2362 3270//2362
f 3242//2363 3243//2363 3264//2363 3263//2363
f 3236//2364 3235//2364 3256//2364 3257//2364
f 3250//2365 3251//2365 3272//2365 3271//2365
f 3243//2366 3244//2366 3265//2366 3264//2366
f 3235//2367 3237//2367 3258//2367 3256//2367
f 3251//2368 3252//2368 3273//2368 3272//2368
f 3244//2369 3245//2369 3266//2369 3265//2369
f 3237//2370 3238//2370 3259//2370 3258//2370
f 3252//2371 3253//2371 3274//2371 3273//2371
f 3285//2372 3282//2372 3290//2372 3293//2372
f 3282//2373 3279//2373 3287//2373 3290//2373
f 3277//2374 3280//2374 3288//2374 3068//2374
f 3284//2375 3285//2375 3293//2375 3292//2375
f 3088//2376 3089//2376 3284//2376 3283//2376
f 3089//2377 3108//2377 3285//2377 3284//2377
f 3087//2378 3066//2378 3279//2378 3282//2378
f 3067//2379 3088//2379 3283//2379 3280//2379
f 3290//2380 3287//2380 3295//2380 3297//2380
f 3068//2381 3288//2381 3296//2381 3281//2381
f 3292//2382 3293//2382 3300//2382 3299//2382
f 3287//2383 3286//2383 3294//2383 3295//2383
f 3278//2384 3277//2384 3068//2384 3286//2384
f 3280//2385 3283//2385 3291//2385 3288//2385
f 3283//2386 3284//2386 3292//2386 3291//2386
f 3279//2387 3278//2387 3286//2387 3287//2387
f 3299//2388 3300//2388 3307//2388 3306//2388
f 3295//2389 3294//2389 3301//2389 3302//2389
f 3298//2390 3299//2390 3306//2390 3305//2390
f 3296//2391 3298//2391 3305//2391 3303//2391
f 3293//2392 3290//2392 3297//2392 3300//2392
f 3286//2393 3068//2393 3281//2393 3294//2393
f 3288//2394 3291//2394 3298//2394 3296//2394
f 3291//2395 3292//2395 3299//2395 3298//2395
f 3301//2396 3289//2396 3316//2396 3317//2396
f 3307//2397 3304//2397 3319//2397 3323//2397
f 3304//2398 3302//2398 3318//2398 3319//2398
f 3289//2399 3303//2399 3320//2399 3316//2399
f 3281//2400 3296//2400 3303//2400 3289//2400
f 3297//2401 3295//2401 3302//2401 3304//2401
f 3300//2402 3297//2402 3304//2402 3307//2402
f 3294//2403 3281//2403 3289//2403 3301//2403
f 3309//2404 3308//2404 3329//2404 3327//2404
f 3312//2405 3310//2405 3330//2405 3326//2405
f 3313//2406 3314//2406 3328//2406 3331//2406
f 3311//2407 3313//2407 3331//2407 3324//2407
f 3303//2408 3305//2408 3321//2408 3320//2408
f 3305//2409 3306//2409 3322//2409 3321//2409
f 3302//2410 3301//2410 3317//2410 3318//2410
f 3306//2411 3307//2411 3323//2411 3322//2411
f 3308//2412 3309//2412 3317//2412 3316//2412
f 3309//2413 3310//2413 3318//2413 3317//2413
f 3310//2414 3312//2414 3319//2414 3318//2414
f 3311//2415 3308//2415 3316//2415 3320//2415
f 3314//2416 3313//2416 3321//2416 3322//2416
f 3315//2417 3314//2417 3322//2417 3323//2417
f 3313//2418 3311//2418 3320//2418 3321//2418
f 3312//2419 3315//2419 3323//2419 3319//2419
f 3330//2420 3327//2420 3325//2420 3326//2420
f 3327//2421 3329//2421 3324//2421 3325//2421
f 3325//2422 3324//2422 3331//2422 3328//2422
f 3326//2423 3325//2423 3328//2423 3332//2423
f 3315//2424 3312//2424 3326//2424 3332//2424
f 3314//2425 3315//2425 3332//2425 3328//2425
f 3308//2426 3311//2426 3324//2426 3329//2426
f 3310//2427 3309//2427 3327//2427 3330//2427
o Plane.013_Plane.014
v -2.995582 0.294672 2.995582
v -2.995582 0.294672 -3.680180
v 2.784721 0.294672 2.995582
v 2.784721 0.294672 -3.680180
v -1.073811 0.294672 -0.342299
v 1.139842 0.294672 -3.680180
v 1.281516 0.294672 -3.680180
v -1.215485 0.294672 -3.680180
v -1.073811 0.294672 -3.680180
v -1.073811 0.294672 2.995582
v -1.215485 0.294672 2.995582
v 1.281516 0.294672 2.995582
v 1.139842 0.294672 2.995582
v 1.139842 0.294672 -0.342299
v -1.215485 0.294672 -0.397140
v -1.215485 0.294672 -0.287458
v -1.160645 0.294672 -0.342299
v 2.784721 0.294672 -0.397140
v 2.784721 0.294672 -0.287459
v -2.995582 0.294672 -0.287458
v -2.995582 0.294672 -0.397140
v 1.281516 0.294672 -0.287459
v 1.281516 0.294672 -0.397140
v 1.226675 0.294672 -0.342299
v 1.139842 0.294672 1.275594
v 1.139842 0.294672 1.377688
v -1.073811 0.294672 1.377688
v -1.073811 0.294672 1.275594
v -1.073811 0.294672 -1.960193
v -1.073811 0.294672 -2.062287
v 1.139842 0.294672 -2.062286
v 1.139842 0.294672 -1.960193
vn 0.0000 1.0000 0.0000
usemtl blue_green
s off
f 3337//2428 3346//2428 3364//2428 3361//2428
f 3333//2428 3343//2428 3348//2428 3352//2428
f 3344//2428 3335//2428 3351//2428 3354//2428
f 3355//2428 3350//2428 3336//2428 3339//2428
f 3353//2428 3347//2428 3340//2428 3334//2428
f 3342//2428 3345//2428 3358//2428 3359//2428
f 3347//2428 3348//2428 3349//2428
f 3354//2428 3355//2428 3356//2428
f 3362//2428 3363//2428 3338//2428 3341//2428
f 3360//2428 3357//2428 3346//2428 3337//2428
usemtl dark_brown
f 3356//2428 3355//2428 3339//2428 3338//2428 3363//2428 3364//2428 3346//2428
f 3342//2428 3359//2428 3360//2428 3337//2428 3349//2428 3348//2428 3343//2428
f 3337//2428 3361//2428 3362//2428 3341//2428 3340//2428 3347//2428 3349//2428
f 3350//2428 3355//2428 3354//2428 3351//2428
f 3347//2428 3353//2428 3352//2428 3348//2428
f 3344//2428 3354//2428 3356//2428 3346//2428 3357//2428 3358//2428 3345//2428
f 3363//2428 3362//2428 3361//2428 3364//2428
f 3357//2428 3360//2428 3359//2428 3358//2428
o Circle.004_Circle.005
v -0.874002 1.124081 -3.197516
v -0.873583 1.134268 -3.200808
v -0.873302 1.141074 -3.205734
v -0.873204 1.143465 -3.211545
v -0.873302 1.141074 -3.217357
v -0.873583 1.134268 -3.222283
v -0.874002 1.124081 -3.225575
v -0.874497 1.112065 -3.226731
v -0.874992 1.100049 -3.225575
v -0.875411 1.089863 -3.222283
v -0.875692 1.083056 -3.217357
v -0.875790 1.080666 -3.211545
v -0.875692 1.083056 -3.205734
v -0.875411 1.089863 -3.200808
v -0.874497 1.112065 -3.196360
v -0.874992 1.100049 -3.197516
v -1.595553 1.101853 -3.196360
v -1.355664 1.094018 -3.196360
v -1.115353 1.096427 -3.196360
v -1.114858 1.108443 -3.197516
v -1.355169 1.106034 -3.197516
v -1.595058 1.113869 -3.197516
v -1.115848 1.084412 -3.225575
v -1.356159 1.082002 -3.225575
v -1.596048 1.089838 -3.225575
v -1.114439 1.118630 -3.200808
v -1.354750 1.116220 -3.200808
v -1.594639 1.124056 -3.200808
v -1.116267 1.074225 -3.222283
v -1.356578 1.071815 -3.222283
v -1.596468 1.079651 -3.222283
v -1.114158 1.125437 -3.205734
v -1.354469 1.123027 -3.205734
v -1.594359 1.130862 -3.205734
v -1.116548 1.067418 -3.217357
v -1.356859 1.065009 -3.217357
v -1.596748 1.072844 -3.217357
v -1.114060 1.127827 -3.211545
v -1.354371 1.125417 -3.211545
v -1.594260 1.133253 -3.211545
v -1.116646 1.065028 -3.211545
v -1.356957 1.062619 -3.211545
v -1.596846 1.070454 -3.211545
v -1.114158 1.125437 -3.217357
v -1.354469 1.123027 -3.217357
v -1.594359 1.130862 -3.217357
v -1.116548 1.067418 -3.205734
v -1.356859 1.065009 -3.205734
v -1.596748 1.072844 -3.205734
v -1.114439 1.118630 -3.222283
v -1.354750 1.116220 -3.222283
v -1.594639 1.124056 -3.222283
v -1.596048 1.089838 -3.197516
v -1.356159 1.082002 -3.197516
v -1.115848 1.084412 -3.197516
v -1.116267 1.074225 -3.200808
v -1.356578 1.071815 -3.200808
v -1.596468 1.079651 -3.200808
v -1.595553 1.101853 -3.226731
v -1.355664 1.094018 -3.226731
v -1.115353 1.096427 -3.226731
v -1.114858 1.108443 -3.225575
v -1.355169 1.106034 -3.225575
v -1.595058 1.113869 -3.225575
v -0.874178 1.119809 -3.200029
v -0.873934 1.125737 -3.205021
v -0.873822 1.128443 -3.210127
v -0.873813 1.128667 -3.211545
v -0.873822 1.128443 -3.212964
v -0.873934 1.125737 -3.218070
v -0.874178 1.119809 -3.223062
v -0.874497 1.112065 -3.225003
v -0.874816 1.104322 -3.223062
v -0.875060 1.098394 -3.218070
v -0.875172 1.095687 -3.212964
v -0.875181 1.095463 -3.211545
v -0.875172 1.095687 -3.210127
v -0.875060 1.098394 -3.205021
v -0.874497 1.112065 -3.198088
v -0.874816 1.104322 -3.200029
v -1.835038 1.131052 -3.197178
v -1.834609 1.141485 -3.200549
v -1.834322 1.148456 -3.205594
v -1.834221 1.150904 -3.211545
v -1.834322 1.148456 -3.217497
v -1.834609 1.141485 -3.222542
v -1.835038 1.131053 -3.225913
v -1.835545 1.118747 -3.227097
v -1.836052 1.106441 -3.225913
v -1.836482 1.096008 -3.222542
v -1.836769 1.089038 -3.217497
v -1.836869 1.086590 -3.211545
v -1.836769 1.089038 -3.205594
v -1.836482 1.096008 -3.200549
v -1.836052 1.106441 -3.197178
v -1.835545 1.118747 -3.195994
v -0.744599 1.116244 -3.198815
v -0.744869 1.109691 -3.204333
v -0.744992 1.106699 -3.209977
v -0.745003 1.106452 -3.211545
v -0.744992 1.106699 -3.213114
v -0.744869 1.109691 -3.218758
v -0.744599 1.116244 -3.224276
v -0.744247 1.124804 -3.226422
v -0.743894 1.133364 -3.224276
v -0.743624 1.139916 -3.218758
v -0.743501 1.142908 -3.213114
v -0.743491 1.143156 -3.211545
v -0.743501 1.142908 -3.209977
v -0.743624 1.139916 -3.204333
v -0.743894 1.133364 -3.198815
v -0.744247 1.124804 -3.196669
v -0.782380 1.129593 -3.198815
v -0.782110 1.136146 -3.204333
v -0.781987 1.139138 -3.209977
v -0.781977 1.139385 -3.211545
v -0.781987 1.139138 -3.213114
v -0.782110 1.136146 -3.218758
v -0.782380 1.129593 -3.224276
v -0.782733 1.121033 -3.226422
v -0.783085 1.112473 -3.224276
v -0.783355 1.105921 -3.218758
v -0.783478 1.102929 -3.213114
v -0.783489 1.102681 -3.211545
v -0.783478 1.102929 -3.209977
v -0.783355 1.105921 -3.204333
v -0.782733 1.121033 -3.196669
v -0.783085 1.112474 -3.198815
v -0.783539 1.113310 -3.200029
v -0.783783 1.107382 -3.205021
v -0.783895 1.104675 -3.210127
v -0.783904 1.104451 -3.211545
v -0.783895 1.104675 -3.212964
v -0.783783 1.107382 -3.218070
v -0.783539 1.113310 -3.223062
v -0.783220 1.121053 -3.225003
v -0.782901 1.128797 -3.223062
v -0.782657 1.134725 -3.218070
v -0.782546 1.137432 -3.212964
v -0.782536 1.137655 -3.211545
v -0.782546 1.137432 -3.210127
v -0.782657 1.134725 -3.205021
v -0.782901 1.128797 -3.200029
v -0.783220 1.121053 -3.198088
v -1.794777 1.128219 -3.197178
v -1.795791 1.103607 -3.225913
v -1.794348 1.138651 -3.200549
v -1.796221 1.093174 -3.222542
v -1.794061 1.145622 -3.205594
v -1.796508 1.086204 -3.217497
v -1.793960 1.148070 -3.211545
v -1.796609 1.083756 -3.211545
v -1.794061 1.145622 -3.217497
v -1.796508 1.086204 -3.205594
v -1.794348 1.138651 -3.222542
v -1.796221 1.093174 -3.200549
v -1.794777 1.128219 -3.225913
v -1.795284 1.115913 -3.195994
v -1.795791 1.103607 -3.197178
v -1.795284 1.115913 -3.227097
v -1.795285 1.115906 -3.193675
v -1.835545 1.118754 -3.193675
v -1.795846 1.102833 -3.194938
v -1.836105 1.105681 -3.194935
v -1.795285 1.115906 -3.229416
v -1.835545 1.118754 -3.229416
v -1.834984 1.131827 -3.194938
v -1.834494 1.143114 -3.198604
v -1.834143 1.150987 -3.204360
v -1.834010 1.153893 -3.211545
v -1.834143 1.150987 -3.218731
v -1.834494 1.143114 -3.224487
v -1.834984 1.131827 -3.228153
v -1.836105 1.105681 -3.228156
v -1.836595 1.094393 -3.224494
v -1.836946 1.086514 -3.218741
v -1.837080 1.083600 -3.211545
v -1.836946 1.086514 -3.204350
v -1.836595 1.094393 -3.198597
v -1.794724 1.128979 -3.194935
v -1.795846 1.102833 -3.228153
v -1.794234 1.140267 -3.198597
v -1.796335 1.091545 -3.224487
v -1.793883 1.148145 -3.204350
v -1.796686 1.083672 -3.218731
v -1.793749 1.151059 -3.211545
v -1.796819 1.080766 -3.211545
v -1.793883 1.148145 -3.218741
v -1.796686 1.083672 -3.204360
v -1.794234 1.140267 -3.224494
v -1.796335 1.091545 -3.198604
v -1.794724 1.128979 -3.228156
v -0.857795 1.098639 -3.204328
v -0.854162 1.099012 -3.204309
v -0.856951 1.128849 -3.218782
v -0.853318 1.129222 -3.218763
v -0.857887 1.095732 -3.209800
v -0.854252 1.096092 -3.209793
v -0.856861 1.131769 -3.213298
v -0.853226 1.132129 -3.213291
v -0.857891 1.095455 -3.211545
v -0.854256 1.095813 -3.211545
v -0.856857 1.132048 -3.211545
v -0.853222 1.132406 -3.211545
v -0.857887 1.095732 -3.213291
v -0.854252 1.096092 -3.213298
v -0.856861 1.131769 -3.209793
v -0.853226 1.132129 -3.209800
v -0.857795 1.098639 -3.218763
v -0.854162 1.099012 -3.218782
v -0.856951 1.128849 -3.204309
v -0.853318 1.129222 -3.204328
v -0.857599 1.105060 -3.224154
v -0.853970 1.105473 -3.224182
v -0.853970 1.105473 -3.198909
v -0.857599 1.105060 -3.198937
v -0.857143 1.122388 -3.198909
v -0.853513 1.122800 -3.198937
v -0.853743 1.114156 -3.196771
v -0.857369 1.113705 -3.196771
v -0.857369 1.113705 -3.226320
v -0.853743 1.114156 -3.226320
v -0.853513 1.122800 -3.224154
v -0.857143 1.122388 -3.224182
v -0.863655 1.098062 -3.204328
v -0.860035 1.098434 -3.204309
v -0.862812 1.128272 -3.218782
v -0.859192 1.128644 -3.218763
v -0.863747 1.095155 -3.209800
v -0.860126 1.095514 -3.209793
v -0.862721 1.131192 -3.213298
v -0.859100 1.131551 -3.213291
v -0.863751 1.094878 -3.211545
v -0.860130 1.095234 -3.211545
v -0.862717 1.131471 -3.211545
v -0.859096 1.131828 -3.211545
v -0.863747 1.095155 -3.213291
v -0.860126 1.095514 -3.213298
v -0.862721 1.131192 -3.209793
v -0.859100 1.131551 -3.209800
v -0.863655 1.098062 -3.218763
v -0.860035 1.098434 -3.218782
v -0.862812 1.128272 -3.204309
v -0.859192 1.128644 -3.204328
v -0.863460 1.104483 -3.224154
v -0.859844 1.104894 -3.224182
v -0.859844 1.104894 -3.198909
v -0.863460 1.104483 -3.198937
v -0.863003 1.121811 -3.198909
v -0.859387 1.122222 -3.198937
v -0.859617 1.113578 -3.196771
v -0.863230 1.113128 -3.196771
v -0.863230 1.113128 -3.226320
v -0.859617 1.113578 -3.226320
v -0.859387 1.122222 -3.224154
v -0.863003 1.121811 -3.224182
v -0.859050 1.127202 -3.218070
v -0.862671 1.126846 -3.218070
v -0.860287 1.097153 -3.210127
v -0.863909 1.096796 -3.210127
v -0.858938 1.129909 -3.212964
v -0.862560 1.129553 -3.212964
v -0.860297 1.096929 -3.211545
v -0.863918 1.096572 -3.211545
v -0.858929 1.130133 -3.211545
v -0.862550 1.129776 -3.211545
v -0.860287 1.097153 -3.212964
v -0.863909 1.096796 -3.212964
v -0.858938 1.129909 -3.210127
v -0.862560 1.129553 -3.210127
v -0.860176 1.099860 -3.218070
v -0.863797 1.099503 -3.218070
v -0.859050 1.127202 -3.205021
v -0.862671 1.126846 -3.205021
v -0.859932 1.105787 -3.223062
v -0.863553 1.105431 -3.223062
v -0.859294 1.121275 -3.200029
v -0.862915 1.120918 -3.200029
v -0.863234 1.113174 -3.198088
v -0.859613 1.113531 -3.198088
v -0.859613 1.113531 -3.225003
v -0.863234 1.113174 -3.225003
v -0.862915 1.120918 -3.223062
v -0.859294 1.121275 -3.223062
v -0.863553 1.105431 -3.200029
v -0.859932 1.105788 -3.200029
v -0.860176 1.099860 -3.205021
v -0.863797 1.099503 -3.205021
v -0.857374 1.113752 -3.198088
v -0.853739 1.114109 -3.198088
v -0.857055 1.121495 -3.223062
v -0.853420 1.121853 -3.223062
v -0.854302 1.100438 -3.205021
v -0.857937 1.100080 -3.205021
v -0.853176 1.127781 -3.218070
v -0.856811 1.127423 -3.218070
v -0.854414 1.097731 -3.210127
v -0.858048 1.097373 -3.210127
v -0.853064 1.130488 -3.212964
v -0.856699 1.130130 -3.212964
v -0.854423 1.097507 -3.211545
v -0.858057 1.097149 -3.211545
v -0.853055 1.130711 -3.211545
v -0.856690 1.130354 -3.211545
v -0.854414 1.097731 -3.212964
v -0.858048 1.097373 -3.212964
v -0.853064 1.130488 -3.210127
v -0.856699 1.130130 -3.210127
v -0.854302 1.100438 -3.218070
v -0.857937 1.100080 -3.218070
v -0.853176 1.127781 -3.205021
v -0.856811 1.127423 -3.205021
v -0.854058 1.106366 -3.223062
v -0.857693 1.106008 -3.223062
v -0.853420 1.121853 -3.200029
v -0.857055 1.121495 -3.200029
v -0.853739 1.114109 -3.225003
v -0.857374 1.113752 -3.225003
v -0.857693 1.106008 -3.200029
v -0.854058 1.106366 -3.200029
v -0.852502 1.114231 -3.198088
v -0.848867 1.114589 -3.198088
v -0.852183 1.121975 -3.223062
v -0.848548 1.122333 -3.223062
v -0.849430 1.100918 -3.205021
v -0.853065 1.100560 -3.205021
v -0.848304 1.128260 -3.218070
v -0.851939 1.127903 -3.218070
v -0.849542 1.098211 -3.210127
v -0.853177 1.097853 -3.210127
v -0.848193 1.130967 -3.212964
v -0.851827 1.130609 -3.212964
v -0.849551 1.097987 -3.211545
v -0.853186 1.097629 -3.211545
v -0.848183 1.131191 -3.211545
v -0.851818 1.130833 -3.211545
v -0.849542 1.098211 -3.212964
v -0.853177 1.097853 -3.212964
v -0.848193 1.130967 -3.210127
v -0.851827 1.130609 -3.210127
v -0.849430 1.100918 -3.218070
v -0.853065 1.100560 -3.218070
v -0.848304 1.128260 -3.205021
v -0.851939 1.127903 -3.205021
v -0.849186 1.106845 -3.223062
v -0.852821 1.106488 -3.223062
v -0.848548 1.122333 -3.200029
v -0.852183 1.121975 -3.200029
v -0.848867 1.114589 -3.225003
v -0.852502 1.114231 -3.225003
v -0.852821 1.106488 -3.200029
v -0.849186 1.106846 -3.200029
v -0.846751 1.114797 -3.198088
v -0.843109 1.115156 -3.198088
v -0.846432 1.122541 -3.223062
v -0.842790 1.122900 -3.223062
v -0.843672 1.101485 -3.205021
v -0.847314 1.101126 -3.205021
v -0.842546 1.128827 -3.218070
v -0.846188 1.128469 -3.218070
v -0.843783 1.098778 -3.210127
v -0.847426 1.098419 -3.210127
v -0.842434 1.131534 -3.212964
v -0.846077 1.131176 -3.212964
v -0.843792 1.098554 -3.211545
v -0.847435 1.098195 -3.211545
v -0.842425 1.131758 -3.211545
v -0.846068 1.131400 -3.211545
v -0.843783 1.098778 -3.212964
v -0.847426 1.098419 -3.212964
v -0.842434 1.131534 -3.210127
v -0.846077 1.131176 -3.210127
v -0.843672 1.101485 -3.218070
v -0.847314 1.101126 -3.218070
v -0.842546 1.128827 -3.205021
v -0.846188 1.128469 -3.205021
v -0.843428 1.107413 -3.223062
v -0.847070 1.107054 -3.223062
v -0.842790 1.122900 -3.200029
v -0.846432 1.122541 -3.200029
v -0.843109 1.115156 -3.225003
v -0.846751 1.114797 -3.225003
v -0.847070 1.107054 -3.200029
v -0.843428 1.107413 -3.200029
v -0.852271 1.122868 -3.224182
v -0.848642 1.123280 -3.224154
v -0.848872 1.114636 -3.226320
v -0.852497 1.114184 -3.226320
v -0.852497 1.114184 -3.196771
v -0.848872 1.114636 -3.196771
v -0.848642 1.123280 -3.198937
v -0.852271 1.122868 -3.198909
v -0.852728 1.105540 -3.198937
v -0.849098 1.105952 -3.198909
v -0.849098 1.105952 -3.224182
v -0.852728 1.105540 -3.224154
v -0.848446 1.129702 -3.204328
v -0.852079 1.129329 -3.204309
v -0.849290 1.099492 -3.218782
v -0.852923 1.099119 -3.218763
v -0.848354 1.132609 -3.209800
v -0.851989 1.132249 -3.209793
v -0.849380 1.096572 -3.213298
v -0.853015 1.096211 -3.213291
v -0.848350 1.132886 -3.211545
v -0.851985 1.132528 -3.211545
v -0.849384 1.096292 -3.211545
v -0.853019 1.095935 -3.211545
v -0.848354 1.132609 -3.213291
v -0.851989 1.132249 -3.213298
v -0.849380 1.096572 -3.209793
v -0.853015 1.096211 -3.209800
v -0.848446 1.129702 -3.218763
v -0.852079 1.129329 -3.218782
v -0.849290 1.099492 -3.204309
v -0.852923 1.099119 -3.204328
v -0.846520 1.123434 -3.224182
v -0.842883 1.123847 -3.224154
v -0.843113 1.115203 -3.226320
v -0.846747 1.114751 -3.226320
v -0.846747 1.114751 -3.196771
v -0.843113 1.115203 -3.196771
v -0.842883 1.123847 -3.198937
v -0.846520 1.123434 -3.198909
v -0.846977 1.106107 -3.198937
v -0.843340 1.106519 -3.198909
v -0.843340 1.106519 -3.224182
v -0.846977 1.106106 -3.224154
v -0.842688 1.130269 -3.204328
v -0.846329 1.129895 -3.204309
v -0.843531 1.100059 -3.218782
v -0.847172 1.099685 -3.218763
v -0.842596 1.133176 -3.209800
v -0.846238 1.132815 -3.209793
v -0.843622 1.097139 -3.213298
v -0.847264 1.096778 -3.213291
v -0.842592 1.133453 -3.211545
v -0.846235 1.133094 -3.211545
v -0.843626 1.096859 -3.211545
v -0.847268 1.096501 -3.211545
v -0.842596 1.133176 -3.213291
v -0.846238 1.132815 -3.213298
v -0.843622 1.097139 -3.209793
v -0.847264 1.096778 -3.209800
v -0.842688 1.130269 -3.218763
v -0.846329 1.129895 -3.218782
v -0.843531 1.100059 -3.204309
v -0.847172 1.099685 -3.204328
vn 0.9992 -0.0411 0.0000
vn 0.9992 -0.0412 -0.0001
vn 0.9992 -0.0412 -0.0000
vn 0.9992 -0.0412 0.0001
vn -0.0010 0.0958 -0.9954
vn 0.0031 0.0956 -0.9954
vn 0.0085 0.0954 -0.9954
vn 0.0031 -0.3076 0.9515
vn -0.0100 -0.3071 0.9516
vn -0.0195 -0.3067 0.9516
vn -0.0031 0.3076 -0.9515
vn 0.0100 0.3071 -0.9516
vn 0.0236 0.3065 -0.9516
vn 0.0059 -0.5865 0.8099
vn -0.0191 -0.5857 0.8103
vn -0.0385 -0.5849 0.8102
vn -0.0059 0.5865 -0.8099
vn 0.0191 0.5857 -0.8103
vn 0.0438 0.5846 -0.8102
vn 0.0093 -0.9248 0.3802
vn -0.0302 -0.9242 0.3806
vn -0.0614 -0.9227 0.3806
vn -0.0093 0.9249 -0.3802
vn 0.0302 0.9242 -0.3806
vn 0.0684 0.9223 -0.3805
vn 0.0093 -0.9248 -0.3802
vn -0.0302 -0.9242 -0.3806
vn -0.0614 -0.9227 -0.3806
vn -0.0093 0.9249 0.3802
vn 0.0302 0.9242 0.3806
vn 0.0684 0.9223 0.3805
vn 0.0059 -0.5865 -0.8099
vn -0.0191 -0.5857 -0.8103
vn -0.0385 -0.5848 -0.8102
vn -0.0059 0.5865 0.8099
vn 0.0191 0.5857 0.8103
vn 0.0438 0.5846 0.8102
vn 0.0031 -0.3076 -0.9515
vn -0.0100 -0.3071 -0.9516
vn -0.0195 -0.3067 -0.9516
vn -0.0031 0.3076 0.9515
vn 0.0100 0.3071 0.9516
vn 0.0236 0.3065 0.9516
vn 0.0010 -0.0958 -0.9954
vn -0.0031 -0.0956 -0.9954
vn -0.0049 -0.0955 -0.9954
vn 0.0010 -0.0958 0.9954
vn -0.0031 -0.0956 0.9954
vn -0.0049 -0.0956 0.9954
vn -0.0010 0.0958 0.9954
vn 0.0031 0.0956 0.9954
vn 0.0085 0.0954 0.9954
vn -0.0062 0.0960 0.9954
vn 0.0062 -0.0960 0.9954
vn 0.0062 -0.0960 -0.9954
vn -0.0200 0.3082 0.9511
vn 0.0200 -0.3082 -0.9511
vn -0.0381 0.5869 0.8087
vn 0.0381 -0.5869 -0.8087
vn -0.0600 0.9235 0.3788
vn 0.0600 -0.9235 -0.3788
vn -0.0600 0.9235 -0.3788
vn 0.0600 -0.9235 0.3788
vn -0.0381 0.5869 -0.8087
vn 0.0381 -0.5869 0.8087
vn -0.0200 0.3082 -0.9511
vn 0.0200 -0.3082 0.9511
vn -0.0062 0.0960 -0.9954
vn -0.9988 0.0466 0.0134
vn -0.9991 0.0425 0.0046
vn -0.9991 0.0425 -0.0048
vn -0.9988 0.0467 -0.0136
vn -0.9982 0.0563 -0.0184
vn -0.9976 0.0680 -0.0100
vn -0.9976 0.0680 0.0100
vn -0.9983 0.0562 0.0183
vn -0.9976 0.0680 0.0099
vn -0.9976 0.0680 -0.0099
vn -0.9983 0.0562 -0.0183
vn -0.9991 0.0425 0.0048
vn -0.9988 0.0466 -0.0134
vn -0.9988 0.0467 0.0136
vn -0.9991 0.0425 -0.0046
vn -0.9982 0.0563 0.0184
vn -0.9992 0.0411 -0.0000
vn -0.0239 0.2440 -0.9695
vn 0.0631 -0.6444 0.7621
vn -0.0631 0.6444 -0.7621
vn 0.0863 -0.8810 0.4652
vn -0.0863 0.8810 -0.4652
vn 0.0963 -0.9833 0.1545
vn -0.0963 0.9833 -0.1546
vn 0.0963 -0.9833 -0.1545
vn -0.0963 0.9833 0.1546
vn 0.0863 -0.8810 -0.4652
vn -0.0863 0.8810 0.4652
vn 0.0631 -0.6444 -0.7621
vn -0.0631 0.6444 0.7621
vn 0.0239 -0.2440 -0.9695
vn 0.0239 -0.2440 0.9695
vn -0.9506 0.3074 0.0423
vn -0.9727 -0.2282 -0.0424
vn -0.9506 0.3074 -0.0423
vn -0.9727 -0.2282 0.0424
vn -0.9449 0.2973 -0.1370
vn -0.9662 -0.2186 0.1370
vn -0.9389 0.2435 -0.2433
vn -0.9557 -0.1655 0.2432
vn -0.9384 0.1199 -0.3241
vn -0.9384 0.1199 0.3241
vn -0.9451 -0.0423 0.3240
vn -0.9451 -0.0423 -0.3241
vn -0.9389 0.2435 0.2433
vn -0.9558 -0.1655 -0.2432
vn -0.9449 0.2972 0.1370
vn -0.0239 0.2440 0.9695
vn -0.9662 -0.2185 -0.1370
vn 0.9991 -0.0425 0.0046
vn 0.9991 -0.0425 0.0048
vn 0.9988 -0.0467 0.0136
vn 0.9991 -0.0425 -0.0046
vn 0.9988 -0.0466 0.0134
vn 0.9982 -0.0562 0.0184
vn 0.9983 -0.0561 0.0183
vn 0.9976 -0.0681 0.0100
vn 0.9976 -0.0680 0.0099
vn 0.0067 0.0958 0.9954
vn -0.0067 -0.0958 0.9954
vn -0.0067 -0.0958 -0.9954
vn 0.0217 0.3079 0.9512
vn -0.0217 -0.3079 -0.9512
vn 0.0414 0.5882 0.8076
vn -0.0414 -0.5882 -0.8076
vn 0.0651 0.9246 0.3754
vn -0.0651 -0.9246 -0.3754
vn 0.0651 0.9246 -0.3754
vn -0.0651 -0.9246 0.3754
vn 0.0414 0.5882 -0.8076
vn -0.0414 -0.5882 0.8076
vn 0.0217 0.3079 -0.9512
vn -0.0217 -0.3079 0.9512
vn 0.0067 0.0958 -0.9954
vn 0.9991 -0.0425 -0.0048
vn 0.9988 -0.0466 -0.0134
vn 0.9988 -0.0467 -0.0136
vn 0.9983 -0.0561 -0.0183
vn 0.9982 -0.0563 -0.0184
vn 0.9976 -0.0680 -0.0099
vn 0.9976 -0.0681 -0.0100
vn -0.0251 0.2416 -0.9700
vn -0.9952 -0.0961 -0.0193
vn 0.9951 0.0780 -0.0605
vn -0.9952 -0.0961 0.0193
vn -0.9952 -0.0961 0.0194
vn 0.9952 0.0961 0.0194
vn 0.9952 0.0961 0.0193
vn 0.9952 0.0961 -0.0193
vn -0.9951 -0.0780 -0.0605
vn -0.9952 -0.0961 -0.0194
vn 0.9952 0.0775 0.0602
vn 0.9952 0.0960 0.0193
vn -0.9952 -0.0775 -0.0602
vn 0.9952 0.0961 -0.0194
vn 0.9951 0.0780 0.0605
vn 0.9952 0.0774 0.0602
vn -0.9958 -0.0352 -0.0841
vn -0.9952 -0.0774 -0.0601
vn 0.9961 0.0335 0.0817
vn -0.9961 -0.0336 -0.0818
vn 0.9958 0.0352 0.0840
vn -0.9986 0.0211 -0.0493
vn -0.9961 -0.0335 -0.0817
vn 0.9989 -0.0227 0.0420
vn -0.9986 0.0211 0.0493
vn 0.9989 -0.0227 -0.0420
vn 0.9989 -0.0227 0.0421
vn 0.9958 0.0352 0.0841
vn -0.9989 0.0227 -0.0421
vn 0.9961 0.0335 0.0818
vn 0.9989 -0.0227 -0.0421
vn 0.9986 -0.0211 0.0493
vn -0.0251 0.2416 0.9700
vn 0.0251 -0.2416 0.9700
vn 0.0251 -0.2416 -0.9700
vn -0.0645 0.6420 0.7640
vn 0.0646 -0.6419 -0.7640
vn -0.0871 0.8801 0.4667
vn 0.0871 -0.8801 -0.4667
vn -0.0970 0.9830 0.1560
vn 0.0970 -0.9830 -0.1560
vn -0.0970 0.9830 -0.1560
vn 0.0970 -0.9830 0.1560
vn -0.0871 0.8801 -0.4667
vn 0.0871 -0.8801 0.4667
vn -0.0646 0.6420 -0.7640
vn 0.0645 -0.6419 0.7640
vn -0.0645 0.6419 0.7640
vn 0.0970 -0.9830 -0.1561
vn 0.0970 -0.9830 0.1561
vn -0.0646 0.6419 -0.7640
vn 0.0645 -0.6420 0.7640
vn -0.0970 0.9830 0.1561
vn -0.0970 0.9830 -0.1561
vn 0.0969 -0.9830 0.1560
vn 0.0644 -0.6419 0.7640
vn 0.9952 0.0960 -0.0193
vn -0.9952 -0.0775 0.0602
vn -0.9952 -0.0960 0.0194
vn 0.9952 0.0774 -0.0602
vn -0.9951 -0.0780 0.0605
vn -0.9952 -0.0775 0.0601
vn 0.9958 0.0352 -0.0841
vn 0.9952 0.0775 -0.0602
vn -0.9961 -0.0335 0.0818
vn 0.9961 0.0335 -0.0817
vn -0.9951 -0.0779 0.0605
vn -0.9958 -0.0352 0.0841
vn -0.9961 -0.0335 0.0817
vn -0.9958 -0.0353 0.0841
vn 0.9958 0.0353 -0.0841
vn 0.9986 -0.0211 -0.0493
vn -0.9958 -0.0352 0.0840
vn -0.9989 0.0227 0.0421
vn -0.9961 -0.0336 0.0817
vn -0.9989 0.0227 0.0420
vn -0.9989 0.0227 -0.0420
vn -0.0867 0.8810 -0.4652
vn 0.0868 -0.8810 0.4652
vn 0.0635 -0.6444 0.7621
vn 0.0968 -0.9832 0.1545
vn -0.0968 0.9832 -0.1545
vn 0.0968 -0.9832 -0.1545
vn -0.0968 0.9832 0.1545
vn 0.0867 -0.8810 -0.4651
vn -0.0867 0.8810 0.4652
vn 0.0635 -0.6444 -0.7621
vn -0.0634 0.6444 0.7621
vn 0.0240 -0.2440 -0.9695
vn -0.0240 0.2440 -0.9695
vn 0.0240 -0.2440 0.9695
vn -0.0635 0.6444 -0.7621
vn 0.0239 -0.2441 0.9695
vn 0.0241 -0.2440 -0.9695
vn 0.0634 -0.6444 -0.7621
vn 0.0867 -0.8810 -0.4652
vn -0.0969 0.9832 -0.1545
vn 0.0867 -0.8810 0.4652
vn 0.0634 -0.6444 0.7621
vn 0.0240 -0.2441 0.9695
vn -0.0240 0.2440 0.9695
vn -0.0240 0.2441 0.9695
vn -0.0634 0.6444 -0.7621
vn -0.0241 0.2440 0.9695
vn 0.0868 -0.8810 -0.4651
vn -0.0969 0.9832 0.1544
vn 0.0969 -0.9832 -0.1546
vn -0.0968 0.9832 -0.1544
vn 0.0968 -0.9832 0.1546
vn 0.0868 -0.8810 0.4651
vn 0.0241 -0.2440 0.9695
vn -0.0241 0.2440 -0.9695
vn -0.0968 0.9832 0.1547
vn -0.0968 0.9832 -0.1547
usemtl katana_2
s off
f 3443//2429 3429//2429 3365//2429 3379//2429
f 3429//2429 3430//2429 3366//2429 3365//2429
f 3430//2429 3431//2429 3367//2429 3366//2429
f 3431//2429 3432//2429 3368//2429 3367//2429
f 3432//2429 3433//2429 3369//2429 3368//2429
f 3433//2429 3434//2429 3370//2429 3369//2429
f 3434//2429 3435//2429 3371//2429 3370//2429
f 3435//2429 3436//2429 3372//2429 3371//2429
f 3436//2430 3437//2430 3373//2430 3372//2430
f 3437//2431 3438//2431 3374//2431 3373//2431
f 3438//2431 3439//2431 3375//2431 3374//2431
f 3439//2431 3440//2431 3376//2431 3375//2431
f 3440//2431 3441//2431 3377//2431 3376//2431
f 3441//2431 3442//2431 3378//2431 3377//2431
f 3442//2431 3444//2431 3380//2431 3378//2431
f 3444//2432 3443//2432 3379//2432 3380//2432
f 3424//2433 3427//2433 3426//2433 3425//2433
f 3423//2434 3428//2434 3427//2434 3424//2434
f 3524//2435 3521//2435 3428//2435 3423//2435
f 3418//2436 3421//2436 3420//2436 3419//2436
f 3417//2437 3422//2437 3421//2437 3418//2437
f 3523//2438 3520//2438 3422//2438 3417//2438
f 3427//2439 3415//2439 3414//2439 3426//2439
f 3428//2440 3416//2440 3415//2440 3427//2440
f 3521//2441 3519//2441 3416//2441 3428//2441
f 3421//2442 3412//2442 3411//2442 3420//2442
f 3422//2443 3413//2443 3412//2443 3421//2443
f 3520//2444 3518//2444 3413//2444 3422//2444
f 3415//2445 3409//2445 3408//2445 3414//2445
f 3416//2446 3410//2446 3409//2446 3415//2446
f 3519//2447 3517//2447 3410//2447 3416//2447
f 3412//2448 3406//2448 3405//2448 3411//2448
f 3413//2449 3407//2449 3406//2449 3412//2449
f 3518//2450 3516//2450 3407//2450 3413//2450
f 3409//2451 3403//2451 3402//2451 3408//2451
f 3410//2452 3404//2452 3403//2452 3409//2452
f 3517//2453 3515//2453 3404//2453 3410//2453
f 3406//2454 3400//2454 3399//2454 3405//2454
f 3407//2455 3401//2455 3400//2455 3406//2455
f 3516//2456 3514//2456 3401//2456 3407//2456
f 3403//2457 3397//2457 3396//2457 3402//2457
f 3404//2458 3398//2458 3397//2458 3403//2458
f 3515//2459 3513//2459 3398//2459 3404//2459
f 3400//2460 3394//2460 3393//2460 3399//2460
f 3401//2461 3395//2461 3394//2461 3400//2461
f 3514//2462 3512//2462 3395//2462 3401//2462
f 3397//2463 3391//2463 3390//2463 3396//2463
f 3398//2464 3392//2464 3391//2464 3397//2464
f 3513//2465 3511//2465 3392//2465 3398//2465
f 3394//2466 3388//2466 3387//2466 3393//2466
f 3395//2467 3389//2467 3388//2467 3394//2467
f 3512//2468 3510//2468 3389//2468 3395//2468
f 3391//2469 3385//2469 3384//2469 3390//2469
f 3392//2470 3386//2470 3385//2470 3391//2470
f 3511//2471 3509//2471 3386//2471 3392//2471
f 3388//2472 3424//2472 3425//2472 3387//2472
f 3389//2473 3423//2473 3424//2473 3388//2473
f 3510//2474 3524//2474 3423//2474 3389//2474
f 3382//2475 3418//2475 3419//2475 3383//2475
f 3381//2476 3417//2476 3418//2476 3382//2476
f 3522//2477 3523//2477 3417//2477 3381//2477
f 3385//2478 3382//2478 3383//2478 3384//2478
f 3386//2479 3381//2479 3382//2479 3385//2479
f 3509//2480 3522//2480 3381//2480 3386//2480
f 3384//2481 3383//2481 3379//2481 3365//2481
f 3383//2482 3419//2482 3380//2482 3379//2482
f 3387//2483 3425//2483 3372//2483 3373//2483
f 3390//2484 3384//2484 3365//2484 3366//2484
f 3393//2485 3387//2485 3373//2485 3374//2485
f 3396//2486 3390//2486 3366//2486 3367//2486
f 3399//2487 3393//2487 3374//2487 3375//2487
f 3402//2488 3396//2488 3367//2488 3368//2488
f 3405//2489 3399//2489 3375//2489 3376//2489
f 3408//2490 3402//2490 3368//2490 3369//2490
f 3411//2491 3405//2491 3376//2491 3377//2491
f 3414//2492 3408//2492 3369//2492 3370//2492
f 3420//2493 3411//2493 3377//2493 3378//2493
f 3426//2494 3414//2494 3370//2494 3371//2494
f 3419//2495 3420//2495 3378//2495 3380//2495
f 3425//2496 3426//2496 3371//2496 3372//2496
f 3454//2497 3453//2497 3538//2497 3539//2497
f 3453//2498 3452//2498 3530//2498 3538//2498
f 3452//2499 3451//2499 3537//2499 3530//2499
f 3451//2500 3450//2500 3536//2500 3537//2500
f 3450//2501 3449//2501 3535//2501 3536//2501
f 3449//2502 3448//2502 3534//2502 3535//2502
f 3448//2503 3447//2503 3533//2503 3534//2503
f 3455//2504 3454//2504 3539//2504 3540//2504
f 3456//2505 3455//2505 3540//2505 3541//2505
f 3457//2506 3456//2506 3541//2506 3542//2506
f 3458//2507 3457//2507 3542//2507 3543//2507
f 3445//2508 3460//2508 3526//2508 3531//2508
f 3459//2509 3458//2509 3543//2509 3528//2509
f 3446//2510 3445//2510 3531//2510 3532//2510
f 3460//2511 3459//2511 3528//2511 3526//2511
f 3447//2512 3446//2512 3532//2512 3533//2512
usemtl yellow
f 3459//2513 3460//2513 3445//2513 3446//2513 3447//2513 3448//2513 3449//2513 3450//2513 3451//2513 3452//2513 3453//2513 3454//2513 3455//2513 3456//2513 3457//2513 3458//2513
f 3484//2514 3483//2514 3469//2514 3468//2514
f 3492//2515 3490//2515 3462//2515 3461//2515
f 3483//2516 3482//2516 3470//2516 3469//2516
f 3490//2517 3489//2517 3463//2517 3462//2517
f 3482//2518 3481//2518 3471//2518 3470//2518
f 3489//2519 3488//2519 3464//2519 3463//2519
f 3481//2520 3480//2520 3472//2520 3471//2520
f 3488//2521 3487//2521 3465//2521 3464//2521
f 3480//2522 3479//2522 3473//2522 3472//2522
f 3487//2523 3486//2523 3466//2523 3465//2523
f 3479//2524 3478//2524 3474//2524 3473//2524
f 3486//2525 3485//2525 3467//2525 3466//2525
f 3478//2526 3477//2526 3475//2526 3474//2526
f 3485//2527 3484//2527 3468//2527 3467//2527
f 3491//2528 3492//2528 3461//2528 3476//2528
f 3461//2429 3462//2429 3463//2429 3464//2429 3465//2429 3466//2429 3467//2429 3468//2429 3469//2429 3470//2429 3471//2429 3472//2429 3473//2429 3474//2429 3475//2429 3476//2429
f 3504//2529 3505//2529 3479//2529 3480//2529
f 3496//2530 3497//2530 3487//2530 3488//2530
f 3503//2531 3504//2531 3480//2531 3481//2531
f 3495//2532 3496//2532 3488//2532 3489//2532
f 3502//2533 3503//2533 3481//2533 3482//2533
f 3494//2534 3495//2534 3489//2534 3490//2534
f 3501//2535 3502//2535 3482//2535 3483//2535
f 3493//2536 3494//2536 3490//2536 3492//2536
f 3500//2537 3501//2537 3483//2537 3484//2537
f 3507//2538 3508//2538 3491//2538 3477//2538
f 3508//2539 3493//2539 3492//2539 3491//2539
f 3499//2540 3500//2540 3484//2540 3485//2540
f 3506//2541 3507//2541 3477//2541 3478//2541
f 3498//2542 3499//2542 3485//2542 3486//2542
f 3505//2543 3506//2543 3478//2543 3479//2543
f 3477//2544 3491//2544 3476//2544 3475//2544
f 3497//2545 3498//2545 3486//2545 3487//2545
f 3521//2546 3524//2546 3529//2546 3556//2546
f 3523//2547 3522//2547 3525//2547 3527//2547
f 3520//2548 3523//2548 3527//2548 3555//2548
f 3522//2549 3509//2549 3544//2549 3525//2549
f 3519//2550 3521//2550 3556//2550 3554//2550
f 3518//2551 3520//2551 3555//2551 3553//2551
f 3517//2552 3519//2552 3554//2552 3552//2552
f 3516//2553 3518//2553 3553//2553 3551//2553
f 3515//2554 3517//2554 3552//2554 3550//2554
f 3531//2555 3526//2555 3525//2555 3544//2555
f 3526//2556 3528//2556 3527//2556 3525//2556
f 3538//2557 3530//2557 3529//2557 3545//2557
f 3532//2558 3531//2558 3544//2558 3546//2558
f 3539//2559 3538//2559 3545//2559 3547//2559
f 3533//2560 3532//2560 3546//2560 3548//2560
f 3540//2561 3539//2561 3547//2561 3549//2561
f 3534//2562 3533//2562 3548//2562 3550//2562
f 3541//2563 3540//2563 3549//2563 3551//2563
f 3535//2564 3534//2564 3550//2564 3552//2564
f 3542//2565 3541//2565 3551//2565 3553//2565
f 3536//2566 3535//2566 3552//2566 3554//2566
f 3543//2567 3542//2567 3553//2567 3555//2567
f 3537//2568 3536//2568 3554//2568 3556//2568
f 3528//2569 3543//2569 3555//2569 3527//2569
f 3530//2570 3537//2570 3556//2570 3529//2570
f 3524//2571 3510//2571 3545//2571 3529//2571
f 3509//2572 3511//2572 3546//2572 3544//2572
f 3510//2573 3512//2573 3547//2573 3545//2573
f 3511//2574 3513//2574 3548//2574 3546//2574
f 3512//2575 3514//2575 3549//2575 3547//2575
f 3513//2576 3515//2576 3550//2576 3548//2576
f 3514//2577 3516//2577 3551//2577 3549//2577
usemtl black
f 3619//2578 3618//2578 3617//2578 3620//2578
f 3630//2579 3634//2579 3603//2579 3599//2579
f 3727//2580 3723//2580 3809//2580 3805//2580
f 3666//2579 3670//2579 3569//2579 3565//2579
f 3696//2581 3700//2581 3770//2581 3774//2581
f 3726//2582 3730//2582 3804//2582 3808//2582
f 3633//2583 3629//2583 3600//2583 3604//2583
f 3669//2584 3665//2584 3566//2584 3570//2584
f 3699//2585 3695//2585 3773//2585 3769//2585
f 3632//2586 3636//2586 3605//2586 3601//2586
f 3729//2585 3725//2585 3807//2585 3803//2585
f 3668//2587 3672//2587 3571//2587 3567//2587
f 3698//2587 3702//2587 3768//2587 3772//2587
f 3728//2581 3732//2581 3802//2581 3806//2581
f 3635//2588 3631//2588 3602//2588 3606//2588
f 3671//2583 3667//2583 3568//2583 3572//2583
f 3701//2589 3697//2589 3771//2589 3767//2589
f 3634//2590 3638//2590 3607//2590 3603//2590
f 3731//2591 3727//2591 3805//2591 3801//2591
f 3670//2586 3674//2586 3573//2586 3569//2586
f 3700//2579 3704//2579 3766//2579 3770//2579
f 3730//2587 3734//2587 3800//2587 3804//2587
f 3637//2592 3633//2592 3604//2592 3608//2592
f 3673//2593 3669//2593 3570//2593 3574//2593
f 3703//2583 3699//2583 3769//2583 3765//2583
f 3636//2594 3640//2594 3609//2594 3605//2594
f 3733//2584 3729//2584 3803//2584 3799//2584
f 3672//2595 3676//2595 3575//2595 3571//2595
f 3702//2586 3706//2586 3764//2586 3768//2586
f 3732//2579 3736//2579 3798//2579 3802//2579
f 3639//2596 3635//2596 3606//2596 3610//2596
f 3675//2592 3671//2592 3572//2592 3576//2592
f 3705//2588 3701//2588 3767//2588 3763//2588
f 3638//2597 3642//2597 3613//2597 3607//2597
f 3735//2583 3731//2583 3801//2583 3797//2583
f 3674//2594 3678//2594 3577//2594 3573//2594
f 3704//2590 3708//2590 3762//2590 3766//2590
f 3734//2586 3738//2586 3796//2586 3800//2586
f 3641//2598 3637//2598 3608//2598 3614//2598
f 3677//2596 3673//2596 3574//2596 3578//2596
f 3707//2592 3703//2592 3765//2592 3761//2592
f 3640//2599 3646//2599 3617//2599 3609//2599
f 3737//2593 3733//2593 3799//2593 3795//2593
f 3676//2600 3680//2600 3581//2600 3575//2600
f 3706//2594 3710//2594 3760//2594 3764//2594
f 3736//2590 3740//2590 3794//2590 3798//2590
f 3645//2601 3639//2601 3610//2601 3618//2601
f 3679//2598 3675//2598 3576//2598 3582//2598
f 3709//2596 3705//2596 3763//2596 3759//2596
f 3643//2602 3649//2602 3612//2602 3616//2602
f 3739//2592 3735//2592 3797//2592 3793//2592
f 3678//2599 3682//2599 3585//2599 3577//2599
f 3708//2600 3712//2600 3756//2600 3762//2600
f 3650//2603 3644//2603 3615//2603 3611//2603
f 3738//2594 3742//2594 3792//2594 3796//2594
f 3681//2604 3677//2604 3578//2604 3586//2604
f 3711//2605 3707//2605 3761//2605 3755//2605
f 3642//2606 3643//2606 3616//2606 3613//2606
f 3741//2607 3737//2607 3795//2607 3791//2607
f 3653//2602 3683//2602 3580//2602 3584//2602
f 3710//2599 3714//2599 3752//2599 3760//2599
f 3740//2600 3744//2600 3788//2600 3794//2600
f 3684//2608 3654//2608 3583//2608 3579//2608
f 3644//2609 3641//2609 3614//2609 3615//2609
f 3713//2601 3709//2601 3759//2601 3751//2601
f 3615//2610 3614//2610 3613//2610 3616//2610
f 3611//2611 3615//2611 3616//2611 3612//2611
f 3618//2612 3610//2612 3609//2612 3617//2612
f 3614//2613 3608//2613 3607//2613 3613//2613
f 3610//2614 3606//2614 3605//2614 3609//2614
f 3608//2615 3604//2615 3603//2615 3607//2615
f 3606//2616 3602//2616 3601//2616 3605//2616
f 3604//2617 3600//2617 3599//2617 3603//2617
f 3602//2618 3598//2618 3597//2618 3601//2618
f 3600//2619 3596//2619 3595//2619 3599//2619
f 3598//2620 3594//2620 3593//2620 3597//2620
f 3596//2621 3592//2621 3591//2621 3595//2621
f 3594//2622 3590//2622 3589//2622 3593//2622
f 3592//2623 3619//2623 3620//2623 3591//2623
f 3590//2624 3611//2624 3612//2624 3589//2624
f 3587//2578 3586//2578 3585//2578 3588//2578
f 3583//2610 3582//2610 3581//2610 3584//2610
f 3579//2611 3583//2611 3584//2611 3580//2611
f 3586//2612 3578//2612 3577//2612 3585//2612
f 3582//2625 3576//2625 3575//2625 3581//2625
f 3578//2614 3574//2614 3573//2614 3577//2614
f 3576//2615 3572//2615 3571//2615 3575//2615
f 3574//2616 3570//2616 3569//2616 3573//2616
f 3572//2617 3568//2617 3567//2617 3571//2617
f 3570//2626 3566//2626 3565//2626 3569//2626
f 3568//2619 3564//2619 3563//2619 3567//2619
f 3566//2627 3562//2627 3561//2627 3565//2627
f 3564//2621 3560//2621 3559//2621 3563//2621
f 3562//2622 3558//2622 3557//2622 3561//2622
f 3560//2628 3587//2628 3588//2628 3559//2628
f 3558//2629 3579//2629 3580//2629 3557//2629
f 3750//2578 3751//2578 3752//2578 3749//2578
f 3754//2610 3755//2610 3756//2610 3753//2610
f 3758//2611 3754//2611 3753//2611 3757//2611
f 3751//2612 3759//2612 3760//2612 3752//2612
f 3755//2625 3761//2625 3762//2625 3756//2625
f 3759//2614 3763//2614 3764//2614 3760//2614
f 3761//2615 3765//2615 3766//2615 3762//2615
f 3763//2616 3767//2616 3768//2616 3764//2616
f 3765//2630 3769//2630 3770//2630 3766//2630
f 3767//2618 3771//2618 3772//2618 3768//2618
f 3769//2631 3773//2631 3774//2631 3770//2631
f 3771//2620 3775//2620 3776//2620 3772//2620
f 3773//2621 3777//2621 3778//2621 3774//2621
f 3775//2622 3779//2622 3780//2622 3776//2622
f 3777//2628 3750//2628 3749//2628 3778//2628
f 3779//2624 3758//2624 3757//2624 3780//2624
f 3782//2578 3783//2578 3784//2578 3781//2578
f 3786//2610 3787//2610 3788//2610 3785//2610
f 3790//2611 3786//2611 3785//2611 3789//2611
f 3783//2612 3791//2612 3792//2612 3784//2612
f 3787//2625 3793//2625 3794//2625 3788//2625
f 3791//2614 3795//2614 3796//2614 3792//2614
f 3793//2615 3797//2615 3798//2615 3794//2615
f 3795//2616 3799//2616 3800//2616 3796//2616
f 3797//2630 3801//2630 3802//2630 3798//2630
f 3799//2618 3803//2618 3804//2618 3800//2618
f 3801//2631 3805//2631 3806//2631 3802//2631
f 3803//2632 3807//2632 3808//2632 3804//2632
f 3805//2621 3809//2621 3810//2621 3806//2621
f 3807//2622 3811//2622 3812//2622 3808//2622
f 3809//2628 3782//2628 3781//2628 3810//2628
f 3811//2633 3790//2633 3789//2633 3812//2633
f 3697//2634 3693//2634 3775//2634 3771//2634
f 3667//2591 3663//2591 3564//2591 3568//2591
f 3631//2584 3627//2584 3598//2584 3602//2584
f 3724//2635 3728//2635 3806//2635 3810//2635
f 3694//2636 3698//2636 3772//2636 3776//2636
f 3664//2582 3668//2582 3567//2582 3563//2582
f 3725//2637 3721//2637 3811//2637 3807//2637
f 3628//2587 3632//2587 3601//2587 3597//2587
f 3695//2580 3691//2580 3777//2580 3773//2580
f 3665//2585 3661//2585 3562//2585 3566//2585
f 3629//2591 3625//2591 3596//2591 3600//2591
f 3722//2638 3726//2638 3808//2638 3812//2638
f 3692//2639 3696//2639 3774//2639 3778//2639
f 3662//2581 3666//2581 3565//2581 3561//2581
f 3723//2640 3720//2640 3782//2640 3809//2640
f 3626//2581 3630//2581 3599//2581 3595//2581
f 3693//2641 3689//2641 3779//2641 3775//2641
f 3663//2580 3659//2580 3560//2580 3564//2580
f 3719//2642 3724//2642 3810//2642 3781//2642
f 3627//2585 3623//2585 3594//2585 3598//2585
f 3721//2643 3748//2643 3790//2643 3811//2643
f 3690//2644 3694//2644 3776//2644 3780//2644
f 3660//2639 3664//2639 3563//2639 3559//2639
f 3747//2645 3722//2645 3812//2645 3789//2645
f 3624//2581 3628//2581 3597//2581 3593//2581
f 3691//2640 3688//2640 3750//2640 3777//2640
f 3661//2641 3657//2641 3558//2641 3562//2641
f 3625//2580 3621//2580 3592//2580 3596//2580
f 3687//2646 3692//2646 3778//2646 3749//2646
f 3689//2643 3716//2643 3758//2643 3779//2643
f 3658//2638 3662//2638 3561//2638 3557//2638
f 3622//2635 3626//2635 3595//2635 3591//2635
f 3715//2647 3690//2647 3780//2647 3757//2647
f 3659//2648 3656//2648 3587//2648 3560//2648
f 3623//2637 3651//2637 3590//2637 3594//2637
f 3655//2646 3660//2646 3559//2646 3588//2646
f 3720//2649 3745//2649 3783//2649 3782//2649
f 3657//2643 3684//2643 3579//2643 3558//2643
f 3652//2644 3624//2644 3593//2644 3589//2644
f 3683//2650 3658//2650 3557//2650 3580//2650
f 3621//2640 3648//2640 3619//2640 3592//2640
f 3746//2651 3719//2651 3781//2651 3784//2651
f 3647//2652 3622//2652 3591//2652 3620//2652
f 3688//2649 3713//2649 3751//2649 3750//2649
f 3651//2643 3650//2643 3611//2643 3590//2643
f 3718//2609 3743//2609 3787//2609 3786//2609
f 3649//2645 3652//2645 3589//2645 3612//2645
f 3714//2653 3687//2653 3749//2653 3752//2653
f 3744//2606 3717//2606 3785//2606 3788//2606
f 3656//2649 3681//2649 3586//2649 3587//2649
f 3686//2609 3711//2609 3755//2609 3754//2609
f 3748//2608 3718//2608 3786//2608 3790//2608
f 3682//2653 3655//2653 3588//2653 3585//2653
f 3717//2602 3747//2602 3789//2602 3785//2602
f 3712//2654 3685//2654 3753//2654 3756//2654
f 3745//2604 3741//2604 3791//2604 3783//2604
f 3648//2649 3645//2649 3618//2649 3619//2649
f 3654//2609 3679//2609 3582//2609 3583//2609
f 3716//2608 3686//2608 3754//2608 3758//2608
f 3742//2599 3746//2599 3784//2599 3792//2599
f 3646//2653 3647//2653 3620//2653 3617//2653
f 3685//2602 3715//2602 3757//2602 3753//2602
f 3680//2654 3653//2654 3584//2654 3581//2654
f 3743//2598 3739//2598 3793//2598 3787//2598
usemtl dark_brown
f 3723//2655 3727//2655 3503//2655 3502//2655
f 3721//2656 3725//2656 3495//2656 3494//2656
f 3748//2657 3721//2657 3494//2657 3493//2657
f 3725//2658 3729//2658 3496//2658 3495//2658
f 3727//2659 3731//2659 3504//2659 3503//2659
f 3729//2660 3733//2660 3497//2660 3496//2660
f 3731//2661 3735//2661 3505//2661 3504//2661
f 3733//2662 3737//2662 3498//2662 3497//2662
f 3735//2663 3739//2663 3506//2663 3505//2663
f 3737//2664 3741//2664 3499//2664 3498//2664
f 3739//2665 3743//2665 3507//2665 3506//2665
f 3741//2666 3745//2666 3500//2666 3499//2666
f 3745//2667 3720//2667 3501//2667 3500//2667
f 3718//2668 3748//2668 3493//2668 3508//2668
f 3720//2669 3723//2669 3502//2669 3501//2669
f 3645//2514 3648//2514 3655//2514 3682//2514
f 3641//2544 3644//2544 3653//2544 3680//2544
f 3644//2670 3650//2670 3683//2670 3653//2670
f 3639//2671 3645//2671 3682//2671 3678//2671
f 3637//2665 3641//2665 3680//2665 3676//2665
f 3635//2672 3639//2672 3678//2672 3674//2672
f 3633//2663 3637//2663 3676//2663 3672//2663
f 3631//2673 3635//2673 3674//2673 3670//2673
f 3629//2661 3633//2661 3672//2661 3668//2661
f 3627//2660 3631//2660 3670//2660 3666//2660
f 3625//2674 3629//2674 3668//2674 3664//2674
f 3651//2675 3623//2675 3662//2675 3658//2675
f 3648//2669 3621//2669 3660//2669 3655//2669
f 3441//2658 3440//2658 3628//2658 3624//2658
f 3434//2655 3433//2655 3626//2655 3622//2655
f 3650//2676 3651//2676 3658//2676 3683//2676
f 3444//2676 3442//2676 3652//2676 3649//2676
f 3443//2677 3444//2677 3649//2677 3643//2677
f 3436//2667 3435//2667 3647//2667 3646//2667
f 3429//2678 3443//2678 3643//2678 3642//2678
f 3437//2666 3436//2666 3646//2666 3640//2666
f 3430//2665 3429//2665 3642//2665 3638//2665
f 3438//2664 3437//2664 3640//2664 3636//2664
f 3431//2663 3430//2663 3638//2663 3634//2663
f 3439//2662 3438//2662 3636//2662 3632//2662
f 3432//2661 3431//2661 3634//2661 3630//2661
f 3440//2660 3439//2660 3632//2660 3628//2660
f 3433//2659 3432//2659 3630//2659 3626//2659
f 3442//2656 3441//2656 3624//2656 3652//2656
f 3623//2658 3627//2658 3666//2658 3662//2658
f 3621//2655 3625//2655 3664//2655 3660//2655
f 3679//2679 3654//2679 3685//2679 3712//2679
f 3656//2680 3659//2680 3692//2680 3687//2680
f 3654//2528 3684//2528 3715//2528 3685//2528
f 3681//2667 3656//2667 3687//2667 3714//2667
f 3711//2681 3686//2681 3717//2681 3744//2681
f 3677//2666 3681//2666 3714//2666 3710//2666
f 3675//2665 3679//2665 3712//2665 3708//2665
f 3673//2672 3677//2672 3710//2672 3706//2672
f 3671//2663 3675//2663 3708//2663 3704//2663
f 3669//2682 3673//2682 3706//2682 3702//2682
f 3667//2683 3671//2683 3704//2683 3700//2683
f 3665//2684 3669//2684 3702//2684 3698//2684
f 3663//2685 3667//2685 3700//2685 3696//2685
f 3661//2686 3665//2686 3698//2686 3694//2686
f 3684//2676 3657//2676 3690//2676 3715//2676
f 3657//2687 3661//2687 3694//2687 3690//2687
f 3659//2655 3663//2655 3696//2655 3692//2655
f 3688//2680 3691//2680 3724//2680 3719//2680
f 3686//2688 3716//2688 3747//2688 3717//2688
f 3713//2689 3688//2689 3719//2689 3746//2689
f 3743//2678 3718//2678 3508//2678 3507//2678
f 3709//2671 3713//2671 3746//2671 3742//2671
f 3707//2665 3711//2665 3744//2665 3740//2665
f 3705//2672 3709//2672 3742//2672 3738//2672
f 3703//2663 3707//2663 3740//2663 3736//2663
f 3701//2662 3705//2662 3738//2662 3734//2662
f 3699//2690 3703//2690 3736//2690 3732//2690
f 3697//2684 3701//2684 3734//2684 3730//2684
f 3695//2691 3699//2691 3732//2691 3728//2691
f 3693//2686 3697//2686 3730//2686 3726//2686
f 3716//2676 3689//2676 3722//2676 3747//2676
f 3689//2656 3693//2656 3726//2656 3722//2656
f 3691//2655 3695//2655 3728//2655 3724//2655
f 3435//2680 3434//2680 3622//2680 3647//2680
o Circle.003_Circle.004
v -0.877128 1.156199 -3.207440
v -0.877148 1.153012 -3.191418
v -0.877207 1.143936 -3.177835
v -0.877294 1.130354 -3.168759
v -0.877397 1.114331 -3.165571
v -0.877500 1.098309 -3.168759
v -0.877588 1.084726 -3.177835
v -0.877646 1.075651 -3.191418
v -0.877667 1.072464 -3.207440
v -0.877646 1.075651 -3.223463
v -0.877588 1.084726 -3.237046
v -0.877500 1.098309 -3.246122
v -0.877397 1.114331 -3.249309
v -0.877294 1.130354 -3.246122
v -0.877207 1.143937 -3.237046
v -0.877148 1.153012 -3.223463
v -0.871475 1.152976 -3.191418
v -0.871455 1.156163 -3.207440
v -0.871534 1.143900 -3.177835
v -0.871621 1.130317 -3.168759
v -0.871725 1.114295 -3.165571
v -0.871828 1.098273 -3.168759
v -0.871915 1.084690 -3.177835
v -0.871974 1.075614 -3.191418
v -0.871994 1.072427 -3.207440
v -0.871974 1.075614 -3.223463
v -0.871915 1.084690 -3.237046
v -0.871828 1.098273 -3.246122
v -0.871725 1.114295 -3.249309
v -0.871621 1.130317 -3.246122
v -0.871534 1.143900 -3.237046
v -0.871475 1.152976 -3.223463
vn -1.0000 0.0064 0.0000
vn 1.0000 -0.0064 -0.0000
vn -0.0063 -0.9808 -0.1951
vn 0.0053 0.8315 0.5556
vn -0.0053 -0.8315 -0.5556
vn 0.0036 0.5556 0.8315
vn -0.0035 -0.5556 -0.8315
vn 0.0012 0.1951 0.9808
vn -0.0012 -0.1951 -0.9808
vn -0.0012 -0.1951 0.9808
vn 0.0012 0.1951 -0.9808
vn -0.0036 -0.5556 0.8315
vn 0.0036 0.5556 -0.8315
vn -0.0054 -0.8315 0.5556
vn 0.0053 0.8315 -0.5556
vn -0.0063 -0.9808 0.1951
vn 0.0063 0.9808 0.1951
vn 0.0063 0.9808 -0.1951
usemtl yellow
s off
f 3814//2692 3813//2692 3828//2692 3827//2692 3826//2692 3825//2692 3824//2692 3823//2692 3822//2692 3821//2692 3820//2692 3819//2692 3818//2692 3817//2692 3816//2692 3815//2692
f 3829//2693 3831//2693 3832//2693 3833//2693 3834//2693 3835//2693 3836//2693 3837//2693 3838//2693 3839//2693 3840//2693 3841//2693 3842//2693 3843//2693 3844//2693 3830//2693
f 3821//2694 3822//2694 3838//2694 3837//2694
f 3814//2695 3815//2695 3831//2695 3829//2695
f 3822//2696 3823//2696 3839//2696 3838//2696
f 3815//2697 3816//2697 3832//2697 3831//2697
f 3823//2698 3824//2698 3840//2698 3839//2698
f 3816//2699 3817//2699 3833//2699 3832//2699
f 3824//2700 3825//2700 3841//2700 3840//2700
f 3817//2701 3818//2701 3834//2701 3833//2701
f 3825//2702 3826//2702 3842//2702 3841//2702
f 3818//2703 3819//2703 3835//2703 3834//2703
f 3826//2704 3827//2704 3843//2704 3842//2704
f 3819//2705 3820//2705 3836//2705 3835//2705
f 3827//2706 3828//2706 3844//2706 3843//2706
f 3820//2707 3821//2707 3837//2707 3836//2707
f 3813//2708 3814//2708 3829//2708 3830//2708
f 3828//2709 3813//2709 3830//2709 3844//2709
o Circle.002_Circle.003
v -0.789750 1.360505 -3.211209
v -0.789776 1.356411 -3.190628
v -0.789851 1.344753 -3.173180
v -0.789964 1.327306 -3.161522
v -0.790096 1.306726 -3.157429
v -0.790229 1.286145 -3.161522
v -0.790341 1.268698 -3.173180
v -0.790416 1.257040 -3.190628
v -0.790443 1.252947 -3.211209
v -0.790416 1.257040 -3.231789
v -0.790341 1.268698 -3.249237
v -0.790229 1.286145 -3.260895
v -0.790096 1.306726 -3.264989
v -0.789964 1.327306 -3.260895
v -0.789851 1.344753 -3.249237
v -0.789776 1.356411 -3.231789
v -0.782490 1.356364 -3.190628
v -0.782463 1.360458 -3.211209
v -0.782565 1.344706 -3.173180
v -0.782677 1.327259 -3.161522
v -0.782810 1.306679 -3.157429
v -0.782942 1.286098 -3.161522
v -0.783055 1.268651 -3.173180
v -0.783130 1.256993 -3.190628
v -0.783156 1.252900 -3.211209
v -0.783130 1.256993 -3.231789
v -0.783055 1.268651 -3.249237
v -0.782942 1.286098 -3.260895
v -0.782810 1.306679 -3.264989
v -0.782677 1.327259 -3.260895
v -0.782565 1.344706 -3.249237
v -0.782490 1.356364 -3.231789
vn -1.0000 0.0064 0.0000
vn 1.0000 -0.0064 -0.0000
vn -0.0063 -0.9808 -0.1951
vn 0.0053 0.8315 0.5556
vn -0.0054 -0.8315 -0.5556
vn 0.0036 0.5556 0.8315
vn -0.0036 -0.5556 -0.8315
vn 0.0013 0.1951 0.9808
vn -0.0012 -0.1951 -0.9808
vn -0.0013 -0.1951 0.9808
vn 0.0012 0.1951 -0.9808
vn -0.0036 -0.5556 0.8315
vn 0.0036 0.5556 -0.8315
vn -0.0053 -0.8315 0.5556
vn 0.0053 0.8315 -0.5556
vn -0.0063 -0.9808 0.1951
vn 0.0063 0.9808 0.1951
vn 0.0063 0.9808 -0.1951
usemtl yellow
s off
f 3846//2710 3845//2710 3860//2710 3859//2710 3858//2710 3857//2710 3856//2710 3855//2710 3854//2710 3853//2710 3852//2710 3851//2710 3850//2710 3849//2710 3848//2710 3847//2710
f 3861//2711 3863//2711 3864//2711 3865//2711 3866//2711 3867//2711 3868//2711 3869//2711 3870//2711 3871//2711 3872//2711 3873//2711 3874//2711 3875//2711 3876//2711 3862//2711
f 3853//2712 3854//2712 3870//2712 3869//2712
f 3846//2713 3847//2713 3863//2713 3861//2713
f 3854//2714 3855//2714 3871//2714 3870//2714
f 3847//2715 3848//2715 3864//2715 3863//2715
f 3855//2716 3856//2716 3872//2716 3871//2716
f 3848//2717 3849//2717 3865//2717 3864//2717
f 3856//2718 3857//2718 3873//2718 3872//2718
f 3849//2719 3850//2719 3866//2719 3865//2719
f 3857//2720 3858//2720 3874//2720 3873//2720
f 3850//2721 3851//2721 3867//2721 3866//2721
f 3858//2722 3859//2722 3875//2722 3874//2722
f 3851//2723 3852//2723 3868//2723 3867//2723
f 3859//2724 3860//2724 3876//2724 3875//2724
f 3852//2725 3853//2725 3869//2725 3868//2725
f 3845//2726 3846//2726 3861//2726 3862//2726
f 3860//2727 3845//2727 3862//2727 3876//2727
o Circle.001_Circle.002
v -0.785735 1.319249 -3.194109
v -0.785196 1.332334 -3.198337
v -0.784836 1.341077 -3.204665
v -0.784710 1.344147 -3.212129
v -0.784836 1.341077 -3.219594
v -0.785196 1.332334 -3.225922
v -0.785735 1.319249 -3.230150
v -0.786371 1.303815 -3.231635
v -0.787006 1.288381 -3.230150
v -0.787545 1.275296 -3.225922
v -0.787905 1.266553 -3.219594
v -0.788032 1.263483 -3.212129
v -0.787905 1.266553 -3.204665
v -0.787545 1.275296 -3.198337
v -0.786371 1.303815 -3.192624
v -0.787006 1.288381 -3.194109
v -1.712564 1.290698 -3.192624
v -1.404427 1.280633 -3.192624
v -1.095749 1.283728 -3.192624
v -1.095113 1.299162 -3.194109
v -1.403792 1.296067 -3.194109
v -1.711928 1.306132 -3.194109
v -1.096385 1.268294 -3.230150
v -1.405063 1.265199 -3.230150
v -1.713199 1.275263 -3.230150
v -1.094574 1.312247 -3.198337
v -1.403253 1.309152 -3.198337
v -1.711389 1.319217 -3.198337
v -1.096923 1.255209 -3.225922
v -1.405602 1.252114 -3.225922
v -1.713738 1.262179 -3.225922
v -1.094214 1.320990 -3.204665
v -1.402893 1.317895 -3.204665
v -1.711029 1.327960 -3.204665
v -1.097283 1.246466 -3.219594
v -1.405962 1.243371 -3.219594
v -1.714098 1.253436 -3.219594
v -1.094088 1.324060 -3.212129
v -1.402766 1.320965 -3.212129
v -1.710902 1.331030 -3.212129
v -1.097410 1.243396 -3.212129
v -1.406088 1.240301 -3.212129
v -1.714224 1.250366 -3.212129
v -1.094214 1.320990 -3.219594
v -1.402893 1.317895 -3.219594
v -1.711029 1.327960 -3.219594
v -1.097283 1.246466 -3.204665
v -1.405962 1.243371 -3.204665
v -1.714098 1.253436 -3.204665
v -1.094574 1.312247 -3.225922
v -1.403253 1.309152 -3.225922
v -1.711389 1.319217 -3.225922
v -1.713199 1.275263 -3.194109
v -1.405063 1.265199 -3.194109
v -1.096385 1.268294 -3.194109
v -1.096923 1.255209 -3.198337
v -1.405602 1.252114 -3.198337
v -1.713738 1.262179 -3.198337
v -1.712564 1.290698 -3.231635
v -1.404427 1.280633 -3.231635
v -1.095749 1.283728 -3.231635
v -1.095113 1.299163 -3.230150
v -1.403792 1.296067 -3.230150
v -1.711928 1.306132 -3.230150
v -0.785961 1.313761 -3.197337
v -0.785648 1.321376 -3.203749
v -0.785504 1.324852 -3.210307
v -0.785492 1.325140 -3.212129
v -0.785504 1.324852 -3.213952
v -0.785648 1.321376 -3.220510
v -0.785961 1.313761 -3.226922
v -0.786371 1.303815 -3.229416
v -0.786780 1.293868 -3.226922
v -0.787094 1.286254 -3.220510
v -0.787237 1.282777 -3.213952
v -0.787249 1.282490 -3.212129
v -0.787237 1.282777 -3.210307
v -0.787094 1.286254 -3.203749
v -0.786371 1.303815 -3.194843
v -0.786780 1.293868 -3.197337
v -2.020181 1.328204 -3.193674
v -2.019629 1.341604 -3.198004
v -2.019260 1.350558 -3.204485
v -2.019131 1.353702 -3.212129
v -2.019260 1.350558 -3.219774
v -2.019629 1.341604 -3.226254
v -2.020181 1.328204 -3.230585
v -2.020832 1.312397 -3.232105
v -2.021482 1.296590 -3.230585
v -2.022034 1.283190 -3.226254
v -2.022403 1.274236 -3.219774
v -2.022533 1.271092 -3.212129
v -2.022403 1.274236 -3.204485
v -2.022034 1.283190 -3.198004
v -2.021482 1.296590 -3.193674
v -2.020832 1.312397 -3.192153
v -0.619518 1.309182 -3.195777
v -0.619865 1.300766 -3.202865
v -0.620023 1.296922 -3.210115
v -0.620036 1.296604 -3.212129
v -0.620023 1.296922 -3.214144
v -0.619865 1.300766 -3.221393
v -0.619518 1.309182 -3.228482
v -0.619065 1.320177 -3.231238
v -0.618612 1.331172 -3.228482
v -0.618266 1.339589 -3.221393
v -0.618107 1.343433 -3.214144
v -0.618094 1.343750 -3.212129
v -0.618107 1.343433 -3.210115
v -0.618266 1.339589 -3.202865
v -0.618612 1.331172 -3.195777
v -0.619065 1.320177 -3.193021
v -0.668047 1.326329 -3.195777
v -0.667701 1.334746 -3.202865
v -0.667542 1.338590 -3.210115
v -0.667529 1.338907 -3.212129
v -0.667542 1.338590 -3.214144
v -0.667701 1.334746 -3.221393
v -0.668047 1.326329 -3.228481
v -0.668500 1.315334 -3.231238
v -0.668953 1.304339 -3.228481
v -0.669299 1.295922 -3.221393
v -0.669458 1.292079 -3.214144
v -0.669471 1.291761 -3.212129
v -0.669458 1.292079 -3.210115
v -0.669299 1.295922 -3.202865
v -0.668500 1.315334 -3.193021
v -0.668953 1.304339 -3.195777
v -0.669536 1.305413 -3.197337
v -0.669849 1.297799 -3.203749
v -0.669993 1.294322 -3.210307
v -0.670004 1.294035 -3.212129
v -0.669993 1.294322 -3.213952
v -0.669849 1.297799 -3.220510
v -0.669536 1.305413 -3.226922
v -0.669126 1.315360 -3.229416
v -0.668716 1.325307 -3.226922
v -0.668403 1.332921 -3.220510
v -0.668260 1.336398 -3.213952
v -0.668248 1.336685 -3.212129
v -0.668260 1.336398 -3.210307
v -0.668403 1.332921 -3.203749
v -0.668716 1.325307 -3.197337
v -0.669126 1.315360 -3.194843
v -1.968466 1.324564 -3.193674
v -1.969768 1.292950 -3.230585
v -1.967914 1.337964 -3.198004
v -1.970320 1.279549 -3.226254
v -1.967545 1.346918 -3.204485
v -1.970688 1.270596 -3.219774
v -1.967416 1.350062 -3.212129
v -1.970818 1.267451 -3.212129
v -1.967545 1.346918 -3.219774
v -1.970688 1.270596 -3.204485
v -1.967914 1.337964 -3.226254
v -1.970320 1.279549 -3.198004
v -1.968466 1.324564 -3.230585
v -1.969117 1.308757 -3.192153
v -1.969768 1.292950 -3.193674
v -1.969117 1.308757 -3.232105
v -1.969117 1.308748 -3.189175
v -2.020831 1.312406 -3.189175
v -1.969838 1.291955 -3.190797
v -2.021551 1.295614 -3.190793
v -1.969117 1.308748 -3.235084
v -2.020831 1.312406 -3.235084
v -2.020111 1.329198 -3.190797
v -2.019482 1.343697 -3.195507
v -2.019031 1.353809 -3.202900
v -2.018860 1.357542 -3.212129
v -2.019031 1.353809 -3.221359
v -2.019482 1.343697 -3.228752
v -2.020111 1.329198 -3.233462
v -2.021551 1.295614 -3.233466
v -2.022181 1.281115 -3.228761
v -2.022631 1.270995 -3.221371
v -2.022803 1.267251 -3.212129
v -2.022631 1.270995 -3.202887
v -2.022181 1.281115 -3.195498
v -1.968397 1.325540 -3.190793
v -1.969838 1.291955 -3.233462
v -1.967768 1.340039 -3.195498
v -1.970467 1.277457 -3.228752
v -1.967317 1.350159 -3.202887
v -1.970917 1.267344 -3.221359
v -1.967145 1.353902 -3.212129
v -1.971088 1.263611 -3.212129
v -1.967317 1.350159 -3.221371
v -1.970917 1.267344 -3.202900
v -1.967768 1.340039 -3.228761
v -1.970467 1.277457 -3.195507
v -1.968397 1.325540 -3.233466
v -0.764917 1.286569 -3.202858
v -0.760250 1.287048 -3.202835
v -0.763833 1.325373 -3.221424
v -0.759166 1.325852 -3.221400
v -0.765035 1.282834 -3.209888
v -0.760366 1.283297 -3.209878
v -0.763717 1.329124 -3.214381
v -0.759048 1.329587 -3.214371
v -0.765040 1.282479 -3.212129
v -0.760371 1.282938 -3.212129
v -0.763712 1.329483 -3.212129
v -0.759043 1.329942 -3.212129
v -0.765035 1.282834 -3.214371
v -0.760366 1.283297 -3.214381
v -0.763717 1.329124 -3.209878
v -0.759048 1.329587 -3.209888
v -0.764917 1.286569 -3.221400
v -0.760250 1.287048 -3.221424
v -0.763833 1.325373 -3.202835
v -0.759166 1.325852 -3.202858
v -0.764666 1.294817 -3.228325
v -0.760004 1.295346 -3.228360
v -0.760004 1.295346 -3.195898
v -0.764666 1.294817 -3.195933
v -0.764079 1.317075 -3.195898
v -0.759417 1.317604 -3.195933
v -0.759713 1.306500 -3.193151
v -0.764370 1.305921 -3.193151
v -0.764370 1.305921 -3.231107
v -0.759713 1.306500 -3.231107
v -0.759417 1.317604 -3.228325
v -0.764079 1.317075 -3.228360
v -0.772445 1.285828 -3.202858
v -0.767795 1.286305 -3.202835
v -0.771361 1.324632 -3.221424
v -0.766711 1.325109 -3.221400
v -0.772563 1.282093 -3.209888
v -0.767911 1.282554 -3.209878
v -0.771245 1.328383 -3.214381
v -0.766593 1.328844 -3.214371
v -0.772568 1.281737 -3.212129
v -0.767916 1.282196 -3.212129
v -0.771240 1.328741 -3.212129
v -0.766588 1.329200 -3.212129
v -0.772563 1.282093 -3.214371
v -0.767911 1.282554 -3.214381
v -0.771245 1.328383 -3.209878
v -0.766593 1.328844 -3.209888
v -0.772445 1.285828 -3.221400
v -0.767795 1.286305 -3.221424
v -0.771361 1.324632 -3.202835
v -0.766711 1.325109 -3.202858
v -0.772194 1.294076 -3.228325
v -0.767549 1.294603 -3.228360
v -0.767549 1.294604 -3.195898
v -0.772193 1.294076 -3.195933
v -0.771607 1.316333 -3.195898
v -0.766962 1.316861 -3.195933
v -0.767258 1.305758 -3.193151
v -0.771898 1.305179 -3.193151
v -0.771898 1.305179 -3.231107
v -0.767258 1.305758 -3.231107
v -0.766962 1.316861 -3.228325
v -0.771607 1.316334 -3.228360
v -0.766529 1.323258 -3.220510
v -0.771181 1.322800 -3.220510
v -0.768119 1.284660 -3.210307
v -0.772770 1.284202 -3.210307
v -0.766386 1.326735 -3.213952
v -0.771037 1.326277 -3.213952
v -0.768130 1.284372 -3.212129
v -0.772782 1.283914 -3.212129
v -0.766374 1.327023 -3.212129
v -0.771025 1.326565 -3.212129
v -0.768119 1.284660 -3.213952
v -0.772770 1.284202 -3.213952
v -0.766386 1.326735 -3.210307
v -0.771037 1.326277 -3.210307
v -0.767975 1.288137 -3.220510
v -0.772627 1.287679 -3.220510
v -0.766529 1.323258 -3.203749
v -0.771181 1.322800 -3.203749
v -0.767662 1.295751 -3.226922
v -0.772313 1.295293 -3.226922
v -0.766842 1.315644 -3.197337
v -0.771494 1.315186 -3.197337
v -0.771904 1.305239 -3.194843
v -0.767252 1.305698 -3.194843
v -0.767252 1.305697 -3.229416
v -0.771904 1.305239 -3.229416
v -0.771494 1.315186 -3.226922
v -0.766842 1.315644 -3.226922
v -0.772313 1.295293 -3.197337
v -0.767662 1.295751 -3.197337
v -0.767975 1.288137 -3.203749
v -0.772627 1.287679 -3.203749
v -0.764376 1.305981 -3.194843
v -0.759707 1.306440 -3.194843
v -0.763966 1.315927 -3.226922
v -0.759297 1.316387 -3.226922
v -0.760430 1.288880 -3.203749
v -0.765099 1.288420 -3.203749
v -0.758984 1.324001 -3.220510
v -0.763653 1.323541 -3.220510
v -0.760574 1.285403 -3.210307
v -0.765243 1.284943 -3.210307
v -0.758841 1.327478 -3.213952
v -0.763510 1.327018 -3.213952
v -0.760585 1.285115 -3.212129
v -0.765254 1.284655 -3.212129
v -0.758829 1.327766 -3.212129
v -0.763498 1.327306 -3.212129
v -0.760574 1.285403 -3.213952
v -0.765243 1.284943 -3.213952
v -0.758841 1.327478 -3.210307
v -0.763510 1.327018 -3.210307
v -0.760430 1.288880 -3.220510
v -0.765099 1.288420 -3.220510
v -0.758984 1.324001 -3.203749
v -0.763653 1.323541 -3.203749
v -0.760117 1.296494 -3.226922
v -0.764786 1.296034 -3.226922
v -0.759297 1.316387 -3.197337
v -0.763966 1.315927 -3.197337
v -0.759707 1.306440 -3.229416
v -0.764376 1.305981 -3.229416
v -0.764786 1.296034 -3.197337
v -0.760117 1.296494 -3.197337
v -0.758118 1.306597 -3.194843
v -0.753449 1.307057 -3.194843
v -0.757709 1.316544 -3.226922
v -0.753040 1.317003 -3.226922
v -0.754173 1.289496 -3.203749
v -0.758842 1.289036 -3.203749
v -0.752726 1.324617 -3.220510
v -0.757395 1.324158 -3.220510
v -0.754316 1.286019 -3.210307
v -0.758985 1.285559 -3.210307
v -0.752583 1.328094 -3.213952
v -0.757252 1.327635 -3.213952
v -0.754328 1.285731 -3.212129
v -0.758997 1.285272 -3.212129
v -0.752571 1.328382 -3.212129
v -0.757240 1.327922 -3.212129
v -0.754316 1.286019 -3.213952
v -0.758985 1.285559 -3.213952
v -0.752583 1.328094 -3.210307
v -0.757252 1.327635 -3.210307
v -0.754173 1.289496 -3.220510
v -0.758842 1.289036 -3.220510
v -0.752726 1.324617 -3.203749
v -0.757395 1.324158 -3.203749
v -0.753859 1.297110 -3.226922
v -0.758528 1.296650 -3.226922
v -0.753040 1.317003 -3.197337
v -0.757709 1.316543 -3.197337
v -0.753449 1.307057 -3.229416
v -0.758118 1.306597 -3.229416
v -0.758528 1.296650 -3.197337
v -0.753859 1.297110 -3.197337
v -0.750732 1.307324 -3.194843
v -0.746053 1.307785 -3.194843
v -0.750322 1.317271 -3.226922
v -0.745643 1.317732 -3.226922
v -0.746776 1.290224 -3.203749
v -0.751455 1.289764 -3.203749
v -0.745329 1.325346 -3.220510
v -0.750009 1.324885 -3.220510
v -0.746919 1.286747 -3.210307
v -0.751598 1.286287 -3.210307
v -0.745186 1.328823 -3.213952
v -0.749865 1.328362 -3.213952
v -0.746931 1.286460 -3.212129
v -0.751610 1.285999 -3.212129
v -0.745174 1.329110 -3.212129
v -0.749853 1.328650 -3.212129
v -0.746919 1.286747 -3.213952
v -0.751598 1.286287 -3.213952
v -0.745186 1.328823 -3.210307
v -0.749865 1.328362 -3.210307
v -0.746776 1.290224 -3.220510
v -0.751455 1.289764 -3.220510
v -0.745329 1.325346 -3.203749
v -0.750009 1.324885 -3.203749
v -0.746462 1.297838 -3.226922
v -0.751141 1.297378 -3.226922
v -0.745643 1.317732 -3.197337
v -0.750322 1.317271 -3.197337
v -0.746053 1.307785 -3.229416
v -0.750732 1.307324 -3.229416
v -0.751141 1.297378 -3.197337
v -0.746462 1.297838 -3.197337
v -0.757822 1.317691 -3.228360
v -0.753160 1.318220 -3.228325
v -0.753455 1.307117 -3.231107
v -0.758112 1.306537 -3.231107
v -0.758112 1.306537 -3.193151
v -0.753455 1.307117 -3.193151
v -0.753160 1.318220 -3.195933
v -0.757822 1.317691 -3.195898
v -0.758408 1.295433 -3.195933
v -0.753746 1.295963 -3.195898
v -0.753746 1.295963 -3.228360
v -0.758408 1.295433 -3.228325
v -0.752908 1.326469 -3.202858
v -0.757576 1.325989 -3.202835
v -0.753992 1.287664 -3.221424
v -0.758659 1.287185 -3.221400
v -0.752791 1.330203 -3.209888
v -0.757459 1.329740 -3.209878
v -0.754109 1.283913 -3.214381
v -0.758777 1.283450 -3.214371
v -0.752786 1.330559 -3.212129
v -0.757454 1.330099 -3.212129
v -0.754113 1.283555 -3.212129
v -0.758782 1.283095 -3.212129
v -0.752791 1.330203 -3.214371
v -0.757459 1.329740 -3.214381
v -0.754109 1.283913 -3.209878
v -0.758777 1.283450 -3.209888
v -0.752908 1.326469 -3.221400
v -0.757576 1.325989 -3.221424
v -0.753992 1.287664 -3.202835
v -0.758659 1.287185 -3.202858
v -0.750435 1.318418 -3.228360
v -0.745763 1.318949 -3.228325
v -0.746059 1.307845 -3.231107
v -0.750726 1.307264 -3.231107
v -0.750726 1.307264 -3.193151
v -0.746059 1.307845 -3.193151
v -0.745763 1.318949 -3.195933
v -0.750435 1.318418 -3.195898
v -0.751022 1.296161 -3.195933
v -0.746349 1.296691 -3.195898
v -0.746349 1.296691 -3.228360
v -0.751022 1.296161 -3.228325
v -0.745512 1.327197 -3.202858
v -0.750189 1.326717 -3.202835
v -0.746596 1.288392 -3.221424
v -0.751273 1.287912 -3.221400
v -0.745394 1.330932 -3.209888
v -0.750073 1.330468 -3.209878
v -0.746712 1.284642 -3.214381
v -0.751391 1.284178 -3.214371
v -0.745389 1.331287 -3.212129
v -0.750068 1.330826 -3.212129
v -0.746717 1.284283 -3.212129
v -0.751396 1.283822 -3.212129
v -0.745394 1.330932 -3.214371
v -0.750073 1.330468 -3.214381
v -0.746712 1.284642 -3.209878
v -0.751391 1.284178 -3.209888
v -0.745512 1.327197 -3.221400
v -0.750189 1.326717 -3.221424
v -0.746596 1.288392 -3.202835
v -0.751273 1.287912 -3.202858
vn 0.9992 -0.0411 0.0000
vn 0.9992 -0.0412 -0.0000
vn -0.0010 0.0958 -0.9954
vn 0.0031 0.0956 -0.9954
vn 0.0085 0.0954 -0.9954
vn 0.0031 -0.3076 0.9515
vn -0.0100 -0.3071 0.9516
vn -0.0195 -0.3067 0.9516
vn -0.0031 0.3076 -0.9515
vn 0.0100 0.3071 -0.9516
vn 0.0236 0.3065 -0.9516
vn 0.0059 -0.5865 0.8100
vn -0.0191 -0.5857 0.8103
vn -0.0385 -0.5848 0.8102
vn -0.0059 0.5865 -0.8100
vn 0.0191 0.5857 -0.8103
vn 0.0438 0.5846 -0.8102
vn 0.0093 -0.9248 0.3802
vn -0.0302 -0.9242 0.3806
vn -0.0614 -0.9227 0.3806
vn -0.0093 0.9248 -0.3802
vn 0.0302 0.9242 -0.3806
vn 0.0684 0.9223 -0.3805
vn 0.0093 -0.9248 -0.3802
vn -0.0302 -0.9242 -0.3806
vn -0.0614 -0.9227 -0.3806
vn -0.0093 0.9248 0.3802
vn 0.0302 0.9242 0.3806
vn 0.0684 0.9223 0.3805
vn 0.0059 -0.5865 -0.8100
vn -0.0191 -0.5857 -0.8103
vn -0.0385 -0.5848 -0.8102
vn -0.0059 0.5865 0.8100
vn 0.0191 0.5857 0.8103
vn 0.0438 0.5846 0.8102
vn 0.0031 -0.3076 -0.9515
vn -0.0100 -0.3071 -0.9516
vn -0.0195 -0.3067 -0.9516
vn -0.0031 0.3076 0.9515
vn 0.0100 0.3071 0.9516
vn 0.0236 0.3065 0.9516
vn 0.0010 -0.0958 -0.9954
vn -0.0031 -0.0956 -0.9954
vn -0.0049 -0.0956 -0.9954
vn 0.0010 -0.0958 0.9954
vn -0.0031 -0.0956 0.9954
vn -0.0049 -0.0956 0.9954
vn -0.0010 0.0958 0.9954
vn 0.0031 0.0956 0.9954
vn 0.0085 0.0954 0.9954
vn -0.0062 0.0960 0.9954
vn 0.0062 -0.0960 0.9954
vn 0.0062 -0.0960 -0.9954
vn -0.0200 0.3082 0.9511
vn 0.0200 -0.3082 -0.9511
vn -0.0381 0.5869 0.8087
vn 0.0381 -0.5869 -0.8087
vn -0.0600 0.9235 0.3788
vn 0.0600 -0.9235 -0.3788
vn -0.0600 0.9235 -0.3788
vn 0.0600 -0.9235 0.3788
vn -0.0381 0.5869 -0.8087
vn 0.0381 -0.5869 0.8087
vn -0.0200 0.3082 -0.9511
vn 0.0200 -0.3082 0.9511
vn -0.0062 0.0960 -0.9954
vn -0.9988 0.0466 0.0135
vn -0.9991 0.0425 0.0047
vn -0.9991 0.0425 -0.0048
vn -0.9988 0.0467 -0.0136
vn -0.9983 0.0562 -0.0183
vn -0.9976 0.0680 -0.0100
vn -0.9976 0.0680 0.0100
vn -0.9983 0.0562 0.0183
vn -0.9976 0.0680 0.0099
vn -0.9976 0.0680 -0.0099
vn -0.9991 0.0425 0.0048
vn -0.9988 0.0467 -0.0135
vn -0.9988 0.0467 0.0136
vn -0.9991 0.0425 -0.0047
vn -0.0250 0.2416 -0.9700
vn -0.9952 -0.0961 -0.0193
vn 0.9951 0.0779 -0.0605
vn -0.9952 -0.0961 -0.0194
vn -0.9952 -0.0961 0.0193
vn -0.9952 -0.0961 0.0194
vn 0.9952 0.0961 0.0194
vn 0.9952 0.0961 0.0193
vn 0.9952 0.0961 -0.0194
vn -0.9951 -0.0779 -0.0605
vn 0.9952 0.0961 -0.0193
vn -0.9952 -0.0960 0.0193
vn 0.9952 0.0775 0.0602
vn -0.9952 -0.0775 -0.0601
vn -0.9951 -0.0780 -0.0605
vn 0.9951 0.0780 0.0605
vn -0.9958 -0.0352 -0.0840
vn -0.9952 -0.0960 -0.0193
vn 0.9961 0.0335 0.0817
vn -0.9961 -0.0336 -0.0817
vn -0.9958 -0.0352 -0.0841
vn -0.9952 -0.0775 -0.0602
vn 0.9958 0.0352 0.0841
vn 0.9961 0.0336 0.0818
vn -0.9986 0.0211 -0.0493
vn 0.9952 0.0775 0.0601
vn -0.9952 -0.0774 -0.0602
vn 0.9989 -0.0227 0.0420
vn 0.9958 0.0352 0.0840
vn -0.9986 0.0211 0.0493
vn 0.9951 0.0779 0.0605
vn -0.9961 -0.0335 -0.0817
vn 0.9989 -0.0227 -0.0420
vn -0.9958 -0.0353 -0.0841
vn 0.9989 -0.0227 0.0421
vn -0.9989 0.0227 -0.0420
vn 0.9961 0.0336 0.0817
vn -0.9961 -0.0336 -0.0818
vn 0.9989 -0.0227 -0.0421
vn 0.9986 -0.0211 0.0493
vn -0.0251 0.2416 0.9700
vn 0.0251 -0.2416 0.9700
vn 0.0250 -0.2416 -0.9700
vn -0.0646 0.6420 0.7640
vn 0.0646 -0.6420 -0.7640
vn -0.0872 0.8801 0.4667
vn 0.0871 -0.8801 -0.4667
vn -0.0970 0.9830 0.1560
vn 0.0970 -0.9830 -0.1560
vn -0.0970 0.9830 -0.1560
vn 0.0970 -0.9830 0.1560
vn -0.0872 0.8801 -0.4667
vn 0.0872 -0.8801 0.4667
vn -0.0646 0.6420 -0.7640
vn 0.0646 -0.6420 0.7640
vn 0.0252 -0.2416 0.9700
vn -0.0970 0.9830 0.1561
vn -0.0970 0.9830 -0.1561
vn -0.0871 0.8801 -0.4667
vn 0.0871 -0.8801 0.4667
vn 0.0970 -0.9830 -0.1561
vn 0.0970 -0.9830 0.1561
vn -0.0250 0.2416 0.9700
vn 0.0250 -0.2416 0.9700
vn -0.0871 0.8801 0.4667
vn -0.9952 -0.0774 0.0601
vn 0.9952 0.0775 -0.0602
vn 0.9951 0.0780 -0.0605
vn -0.9951 -0.0779 0.0605
vn -0.9952 -0.0775 0.0602
vn 0.9958 0.0352 -0.0841
vn -0.9961 -0.0336 0.0818
vn 0.9961 0.0336 -0.0818
vn -0.9951 -0.0780 0.0605
vn -0.9952 -0.0775 0.0601
vn -0.9958 -0.0352 0.0841
vn -0.9961 -0.0335 0.0817
vn 0.9961 0.0336 -0.0817
vn -0.9961 -0.0336 0.0817
vn 0.9986 -0.0211 -0.0493
vn -0.9989 0.0227 0.0421
vn 0.9961 0.0335 -0.0817
vn -0.9958 -0.0352 0.0840
vn -0.9989 0.0227 0.0420
vn -0.9989 0.0227 -0.0421
vn -0.9992 0.0411 0.0000
vn -0.0239 0.2440 -0.9695
vn 0.0631 -0.6444 0.7621
vn -0.0631 0.6444 -0.7621
vn 0.0863 -0.8810 0.4652
vn -0.0863 0.8810 -0.4652
vn 0.0963 -0.9833 0.1545
vn -0.0963 0.9833 -0.1545
vn 0.0963 -0.9833 -0.1545
vn -0.0963 0.9833 0.1545
vn 0.0863 -0.8810 -0.4652
vn -0.0863 0.8810 0.4652
vn 0.0631 -0.6444 -0.7621
vn -0.0631 0.6444 0.7621
vn 0.0239 -0.2440 -0.9695
vn 0.0239 -0.2440 0.9695
vn -0.9506 0.3074 0.0423
vn -0.9727 -0.2282 -0.0424
vn -0.9506 0.3074 -0.0423
vn -0.9727 -0.2282 0.0424
vn -0.9449 0.2972 -0.1370
vn -0.9662 -0.2185 0.1370
vn -0.9389 0.2435 -0.2432
vn -0.9557 -0.1655 0.2432
vn -0.9384 0.1199 -0.3241
vn -0.9384 0.1199 0.3241
vn -0.9451 -0.0423 0.3240
vn -0.9451 -0.0423 -0.3241
vn -0.9389 0.2435 0.2432
vn -0.9557 -0.1655 -0.2432
vn -0.9449 0.2972 0.1370
vn -0.0239 0.2440 0.9695
vn -0.9662 -0.2185 -0.1370
vn 0.9991 -0.0425 0.0046
vn 0.9991 -0.0425 0.0048
vn 0.9988 -0.0467 0.0136
vn 0.9991 -0.0425 -0.0046
vn 0.9988 -0.0466 0.0134
vn 0.9982 -0.0562 0.0184
vn 0.9983 -0.0561 0.0183
vn 0.9976 -0.0680 0.0100
vn 0.9976 -0.0680 0.0099
vn 0.0067 0.0958 0.9954
vn -0.0067 -0.0958 0.9954
vn -0.0067 -0.0958 -0.9954
vn 0.0217 0.3079 0.9512
vn -0.0217 -0.3079 -0.9512
vn 0.0414 0.5883 0.8076
vn -0.0414 -0.5882 -0.8076
vn 0.0651 0.9246 0.3754
vn -0.0651 -0.9246 -0.3754
vn 0.0651 0.9246 -0.3754
vn -0.0651 -0.9246 0.3754
vn 0.0414 0.5883 -0.8076
vn -0.0414 -0.5882 0.8076
vn 0.0217 0.3079 -0.9512
vn -0.0217 -0.3079 0.9512
vn 0.0067 0.0958 -0.9954
vn 0.9991 -0.0425 -0.0048
vn 0.9988 -0.0466 -0.0134
vn 0.9988 -0.0467 -0.0136
vn 0.9983 -0.0562 -0.0183
vn 0.9982 -0.0562 -0.0184
vn 0.9976 -0.0680 -0.0099
vn 0.9976 -0.0680 -0.0100
vn -0.0868 0.8810 -0.4652
vn 0.0867 -0.8810 0.4651
vn 0.0635 -0.6444 0.7621
vn 0.0968 -0.9832 0.1545
vn -0.0968 0.9832 -0.1546
vn 0.0968 -0.9832 -0.1545
vn -0.0968 0.9832 0.1546
vn 0.0868 -0.8810 -0.4651
vn -0.0867 0.8810 0.4652
vn 0.0635 -0.6444 -0.7621
vn -0.0635 0.6444 0.7621
vn 0.0240 -0.2440 -0.9695
vn -0.0240 0.2440 -0.9695
vn 0.0240 -0.2440 0.9695
vn -0.0635 0.6444 -0.7621
vn -0.0241 0.2440 -0.9695
vn -0.0240 0.2440 0.9695
vn 0.0868 -0.8810 -0.4652
vn -0.0969 0.9832 0.1546
vn 0.0867 -0.8810 0.4652
vn 0.0968 -0.9832 0.1546
vn -0.0868 0.8810 0.4652
vn -0.0968 0.9832 0.1545
vn 0.0968 -0.9832 -0.1546
vn -0.0968 0.9832 -0.1545
vn 0.0868 -0.8810 0.4651
vn -0.0867 0.8810 -0.4652
vn -0.0241 0.2440 0.9695
vn 0.0241 -0.2440 -0.9695
vn -0.0634 0.6444 0.7621
vn 0.0867 -0.8810 -0.4651
vn -0.0969 0.9832 0.1545
vn 0.0969 -0.9832 -0.1546
vn -0.0969 0.9832 -0.1545
vn 0.0634 -0.6444 0.7621
vn -0.0868 0.8810 -0.4651
vn -0.0634 0.6444 -0.7621
vn 0.0634 -0.6444 -0.7621
vn 0.0868 -0.8810 0.4652
usemtl katana_1
s off
f 3955//2728 3941//2728 3877//2728 3891//2728
f 3941//2728 3942//2728 3878//2728 3877//2728
f 3942//2728 3943//2728 3879//2728 3878//2728
f 3943//2728 3944//2728 3880//2728 3879//2728
f 3944//2728 3945//2728 3881//2728 3880//2728
f 3945//2728 3946//2728 3882//2728 3881//2728
f 3946//2728 3947//2728 3883//2728 3882//2728
f 3947//2729 3948//2729 3884//2729 3883//2729
f 3948//2729 3949//2729 3885//2729 3884//2729
f 3949//2729 3950//2729 3886//2729 3885//2729
f 3950//2729 3951//2729 3887//2729 3886//2729
f 3951//2728 3952//2728 3888//2728 3887//2728
f 3952//2728 3953//2728 3889//2728 3888//2728
f 3953//2729 3954//2729 3890//2729 3889//2729
f 3954//2729 3956//2729 3892//2729 3890//2729
f 3956//2729 3955//2729 3891//2729 3892//2729
f 3936//2730 3939//2730 3938//2730 3937//2730
f 3935//2731 3940//2731 3939//2731 3936//2731
f 4036//2732 4033//2732 3940//2732 3935//2732
f 3930//2733 3933//2733 3932//2733 3931//2733
f 3929//2734 3934//2734 3933//2734 3930//2734
f 4035//2735 4032//2735 3934//2735 3929//2735
f 3939//2736 3927//2736 3926//2736 3938//2736
f 3940//2737 3928//2737 3927//2737 3939//2737
f 4033//2738 4031//2738 3928//2738 3940//2738
f 3933//2739 3924//2739 3923//2739 3932//2739
f 3934//2740 3925//2740 3924//2740 3933//2740
f 4032//2741 4030//2741 3925//2741 3934//2741
f 3927//2742 3921//2742 3920//2742 3926//2742
f 3928//2743 3922//2743 3921//2743 3927//2743
f 4031//2744 4029//2744 3922//2744 3928//2744
f 3924//2745 3918//2745 3917//2745 3923//2745
f 3925//2746 3919//2746 3918//2746 3924//2746
f 4030//2747 4028//2747 3919//2747 3925//2747
f 3921//2748 3915//2748 3914//2748 3920//2748
f 3922//2749 3916//2749 3915//2749 3921//2749
f 4029//2750 4027//2750 3916//2750 3922//2750
f 3918//2751 3912//2751 3911//2751 3917//2751
f 3919//2752 3913//2752 3912//2752 3918//2752
f 4028//2753 4026//2753 3913//2753 3919//2753
f 3915//2754 3909//2754 3908//2754 3914//2754
f 3916//2755 3910//2755 3909//2755 3915//2755
f 4027//2756 4025//2756 3910//2756 3916//2756
f 3912//2757 3906//2757 3905//2757 3911//2757
f 3913//2758 3907//2758 3906//2758 3912//2758
f 4026//2759 4024//2759 3907//2759 3913//2759
f 3909//2760 3903//2760 3902//2760 3908//2760
f 3910//2761 3904//2761 3903//2761 3909//2761
f 4025//2762 4023//2762 3904//2762 3910//2762
f 3906//2763 3900//2763 3899//2763 3905//2763
f 3907//2764 3901//2764 3900//2764 3906//2764
f 4024//2765 4022//2765 3901//2765 3907//2765
f 3903//2766 3897//2766 3896//2766 3902//2766
f 3904//2767 3898//2767 3897//2767 3903//2767
f 4023//2768 4021//2768 3898//2768 3904//2768
f 3900//2769 3936//2769 3937//2769 3899//2769
f 3901//2770 3935//2770 3936//2770 3900//2770
f 4022//2771 4036//2771 3935//2771 3901//2771
f 3894//2772 3930//2772 3931//2772 3895//2772
f 3893//2773 3929//2773 3930//2773 3894//2773
f 4034//2774 4035//2774 3929//2774 3893//2774
f 3897//2775 3894//2775 3895//2775 3896//2775
f 3898//2776 3893//2776 3894//2776 3897//2776
f 4021//2777 4034//2777 3893//2777 3898//2777
f 3896//2778 3895//2778 3891//2778 3877//2778
f 3895//2779 3931//2779 3892//2779 3891//2779
f 3899//2780 3937//2780 3884//2780 3885//2780
f 3902//2781 3896//2781 3877//2781 3878//2781
f 3905//2782 3899//2782 3885//2782 3886//2782
f 3908//2783 3902//2783 3878//2783 3879//2783
f 3911//2784 3905//2784 3886//2784 3887//2784
f 3914//2785 3908//2785 3879//2785 3880//2785
f 3917//2786 3911//2786 3887//2786 3888//2786
f 3920//2787 3914//2787 3880//2787 3881//2787
f 3923//2788 3917//2788 3888//2788 3889//2788
f 3926//2789 3920//2789 3881//2789 3882//2789
f 3932//2790 3923//2790 3889//2790 3890//2790
f 3938//2791 3926//2791 3882//2791 3883//2791
f 3931//2792 3932//2792 3890//2792 3892//2792
f 3937//2793 3938//2793 3883//2793 3884//2793
f 3966//2794 3965//2794 4050//2794 4051//2794
f 3965//2795 3964//2795 4042//2795 4050//2795
f 3964//2796 3963//2796 4049//2796 4042//2796
f 3963//2797 3962//2797 4048//2797 4049//2797
f 3962//2798 3961//2798 4047//2798 4048//2798
f 3961//2799 3960//2799 4046//2799 4047//2799
f 3960//2800 3959//2800 4045//2800 4046//2800
f 3967//2801 3966//2801 4051//2801 4052//2801
f 3968//2802 3967//2802 4052//2802 4053//2802
f 3969//2803 3968//2803 4053//2803 4054//2803
f 3970//2798 3969//2798 4054//2798 4055//2798
f 3957//2804 3972//2804 4038//2804 4043//2804
f 3971//2805 3970//2805 4055//2805 4040//2805
f 3958//2806 3957//2806 4043//2806 4044//2806
f 3972//2807 3971//2807 4040//2807 4038//2807
f 3959//2801 3958//2801 4044//2801 4045//2801
usemtl black
f 4131//2808 4130//2808 4129//2808 4132//2808
f 4142//2809 4146//2809 4115//2809 4111//2809
f 4239//2810 4235//2810 4321//2810 4317//2810
f 4178//2811 4182//2811 4081//2811 4077//2811
f 4208//2812 4212//2812 4282//2812 4286//2812
f 4238//2813 4242//2813 4316//2813 4320//2813
f 4145//2814 4141//2814 4112//2814 4116//2814
f 4181//2815 4177//2815 4078//2815 4082//2815
f 4211//2816 4207//2816 4285//2816 4281//2816
f 4144//2817 4148//2817 4117//2817 4113//2817
f 4241//2818 4237//2818 4319//2818 4315//2818
f 4180//2809 4184//2809 4083//2809 4079//2809
f 4210//2811 4214//2811 4280//2811 4284//2811
f 4240//2819 4244//2819 4314//2819 4318//2819
f 4147//2820 4143//2820 4114//2820 4118//2820
f 4183//2814 4179//2814 4080//2814 4084//2814
f 4213//2815 4209//2815 4283//2815 4279//2815
f 4146//2821 4150//2821 4119//2821 4115//2821
f 4243//2816 4239//2816 4317//2816 4313//2816
f 4182//2822 4186//2822 4085//2822 4081//2822
f 4212//2809 4216//2809 4278//2809 4282//2809
f 4242//2811 4246//2811 4312//2811 4316//2811
f 4149//2823 4145//2823 4116//2823 4120//2823
f 4185//2820 4181//2820 4082//2820 4086//2820
f 4215//2814 4211//2814 4281//2814 4277//2814
f 4148//2824 4152//2824 4121//2824 4117//2824
f 4245//2815 4241//2815 4315//2815 4311//2815
f 4184//2821 4188//2821 4087//2821 4083//2821
f 4214//2822 4218//2822 4276//2822 4280//2822
f 4244//2825 4248//2825 4310//2825 4314//2825
f 4151//2826 4147//2826 4118//2826 4122//2826
f 4187//2823 4183//2823 4084//2823 4088//2823
f 4217//2820 4213//2820 4279//2820 4275//2820
f 4150//2827 4154//2827 4125//2827 4119//2827
f 4247//2814 4243//2814 4313//2814 4309//2814
f 4186//2828 4190//2828 4089//2828 4085//2828
f 4216//2829 4220//2829 4274//2829 4278//2829
f 4246//2817 4250//2817 4308//2817 4312//2817
f 4153//2830 4149//2830 4120//2830 4126//2830
f 4189//2831 4185//2831 4086//2831 4090//2831
f 4219//2823 4215//2823 4277//2823 4273//2823
f 4152//2832 4158//2832 4129//2832 4121//2832
f 4249//2833 4245//2833 4311//2833 4307//2833
f 4188//2827 4192//2827 4093//2827 4087//2827
f 4218//2828 4222//2828 4272//2828 4276//2828
f 4248//2834 4252//2834 4306//2834 4310//2834
f 4157//2835 4151//2835 4122//2835 4130//2835
f 4191//2836 4187//2836 4088//2836 4094//2836
f 4221//2826 4217//2826 4275//2826 4271//2826
f 4155//2837 4161//2837 4124//2837 4128//2837
f 4251//2838 4247//2838 4309//2838 4305//2838
f 4190//2832 4194//2832 4097//2832 4089//2832
f 4220//2839 4224//2839 4268//2839 4274//2839
f 4162//2840 4156//2840 4127//2840 4123//2840
f 4250//2841 4254//2841 4304//2841 4308//2841
f 4193//2842 4189//2842 4090//2842 4098//2842
f 4223//2830 4219//2830 4273//2830 4267//2830
f 4154//2843 4155//2843 4128//2843 4125//2843
f 4253//2844 4249//2844 4307//2844 4303//2844
f 4165//2837 4195//2837 4092//2837 4096//2837
f 4222//2832 4226//2832 4264//2832 4272//2832
f 4252//2845 4256//2845 4300//2845 4306//2845
f 4196//2846 4166//2846 4095//2846 4091//2846
f 4156//2847 4153//2847 4126//2847 4127//2847
f 4225//2842 4221//2842 4271//2842 4263//2842
f 4127//2848 4126//2848 4125//2848 4128//2848
f 4123//2849 4127//2849 4128//2849 4124//2849
f 4130//2850 4122//2850 4121//2850 4129//2850
f 4126//2851 4120//2851 4119//2851 4125//2851
f 4122//2852 4118//2852 4117//2852 4121//2852
f 4120//2853 4116//2853 4115//2853 4119//2853
f 4118//2854 4114//2854 4113//2854 4117//2854
f 4116//2855 4112//2855 4111//2855 4115//2855
f 4114//2856 4110//2856 4109//2856 4113//2856
f 4112//2857 4108//2857 4107//2857 4111//2857
f 4110//2858 4106//2858 4105//2858 4109//2858
f 4108//2859 4104//2859 4103//2859 4107//2859
f 4106//2860 4102//2860 4101//2860 4105//2860
f 4104//2861 4131//2861 4132//2861 4103//2861
f 4102//2862 4123//2862 4124//2862 4101//2862
f 4099//2808 4098//2808 4097//2808 4100//2808
f 4095//2848 4094//2848 4093//2848 4096//2848
f 4091//2863 4095//2863 4096//2863 4092//2863
f 4098//2850 4090//2850 4089//2850 4097//2850
f 4094//2851 4088//2851 4087//2851 4093//2851
f 4090//2852 4086//2852 4085//2852 4089//2852
f 4088//2853 4084//2853 4083//2853 4087//2853
f 4086//2854 4082//2854 4081//2854 4085//2854
f 4084//2864 4080//2864 4079//2864 4083//2864
f 4082//2856 4078//2856 4077//2856 4081//2856
f 4080//2865 4076//2865 4075//2865 4079//2865
f 4078//2858 4074//2858 4073//2858 4077//2858
f 4076//2866 4072//2866 4071//2866 4075//2866
f 4074//2867 4070//2867 4069//2867 4073//2867
f 4072//2861 4099//2861 4100//2861 4071//2861
f 4070//2862 4091//2862 4092//2862 4069//2862
f 4262//2808 4263//2808 4264//2808 4261//2808
f 4266//2848 4267//2848 4268//2848 4265//2848
f 4270//2863 4266//2863 4265//2863 4269//2863
f 4263//2850 4271//2850 4272//2850 4264//2850
f 4267//2851 4273//2851 4274//2851 4268//2851
f 4271//2852 4275//2852 4276//2852 4272//2852
f 4273//2853 4277//2853 4278//2853 4274//2853
f 4275//2854 4279//2854 4280//2854 4276//2854
f 4277//2855 4281//2855 4282//2855 4278//2855
f 4279//2868 4283//2868 4284//2868 4280//2868
f 4281//2857 4285//2857 4286//2857 4282//2857
f 4283//2869 4287//2869 4288//2869 4284//2869
f 4285//2866 4289//2866 4290//2866 4286//2866
f 4287//2860 4291//2860 4292//2860 4288//2860
f 4289//2861 4262//2861 4261//2861 4290//2861
f 4291//2862 4270//2862 4269//2862 4292//2862
f 4294//2808 4295//2808 4296//2808 4293//2808
f 4298//2870 4299//2870 4300//2870 4297//2870
f 4302//2871 4298//2871 4297//2871 4301//2871
f 4295//2850 4303//2850 4304//2850 4296//2850
f 4299//2851 4305//2851 4306//2851 4300//2851
f 4303//2852 4307//2852 4308//2852 4304//2852
f 4305//2872 4309//2872 4310//2872 4306//2872
f 4307//2854 4311//2854 4312//2854 4308//2854
f 4309//2855 4313//2855 4314//2855 4310//2855
f 4311//2856 4315//2856 4316//2856 4312//2856
f 4313//2857 4317//2857 4318//2857 4314//2857
f 4315//2858 4319//2858 4320//2858 4316//2858
f 4317//2866 4321//2866 4322//2866 4318//2866
f 4319//2860 4323//2860 4324//2860 4320//2860
f 4321//2861 4294//2861 4293//2861 4322//2861
f 4323//2862 4302//2862 4301//2862 4324//2862
f 4209//2818 4205//2818 4287//2818 4283//2818
f 4179//2816 4175//2816 4076//2816 4080//2816
f 4143//2815 4139//2815 4110//2815 4114//2815
f 4236//2873 4240//2873 4318//2873 4322//2873
f 4206//2813 4210//2813 4284//2813 4288//2813
f 4176//2812 4180//2812 4079//2812 4075//2812
f 4237//2874 4233//2874 4323//2874 4319//2874
f 4140//2811 4144//2811 4113//2811 4109//2811
f 4207//2875 4203//2875 4289//2875 4285//2875
f 4177//2818 4173//2818 4074//2818 4078//2818
f 4141//2816 4137//2816 4108//2816 4112//2816
f 4234//2876 4238//2876 4320//2876 4324//2876
f 4204//2877 4208//2877 4286//2877 4290//2877
f 4174//2813 4178//2813 4077//2813 4073//2813
f 4235//2878 4232//2878 4294//2878 4321//2878
f 4138//2812 4142//2812 4111//2812 4107//2812
f 4205//2874 4201//2874 4291//2874 4287//2874
f 4175//2875 4171//2875 4072//2875 4076//2875
f 4231//2879 4236//2879 4322//2879 4293//2879
f 4139//2818 4135//2818 4106//2818 4110//2818
f 4233//2880 4260//2880 4302//2880 4323//2880
f 4202//2881 4206//2881 4288//2881 4292//2881
f 4172//2882 4176//2882 4075//2882 4071//2882
f 4259//2883 4234//2883 4324//2883 4301//2883
f 4136//2813 4140//2813 4109//2813 4105//2813
f 4203//2878 4200//2878 4262//2878 4289//2878
f 4173//2874 4169//2874 4070//2874 4074//2874
f 4137//2875 4133//2875 4104//2875 4108//2875
f 4199//2884 4204//2884 4290//2884 4261//2884
f 4201//2885 4228//2885 4270//2885 4291//2885
f 4170//2881 4174//2881 4073//2881 4069//2881
f 4134//2882 4138//2882 4107//2882 4103//2882
f 4227//2883 4202//2883 4292//2883 4269//2883
f 4171//2878 4168//2878 4099//2878 4072//2878
f 4135//2874 4163//2874 4102//2874 4106//2874
f 4167//2886 4172//2886 4071//2886 4100//2886
f 4232//2887 4257//2887 4295//2887 4294//2887
f 4169//2880 4196//2880 4091//2880 4070//2880
f 4164//2876 4136//2876 4105//2876 4101//2876
f 4195//2883 4170//2883 4069//2883 4092//2883
f 4133//2878 4160//2878 4131//2878 4104//2878
f 4258//2888 4231//2888 4293//2888 4296//2888
f 4159//2886 4134//2886 4103//2886 4132//2886
f 4200//2887 4225//2887 4263//2887 4262//2887
f 4163//2889 4162//2889 4123//2889 4102//2889
f 4230//2847 4255//2847 4299//2847 4298//2847
f 4161//2890 4164//2890 4101//2890 4124//2890
f 4226//2891 4199//2891 4261//2891 4264//2891
f 4256//2892 4229//2892 4297//2892 4300//2892
f 4168//2887 4193//2887 4098//2887 4099//2887
f 4198//2847 4223//2847 4267//2847 4266//2847
f 4260//2846 4230//2846 4298//2846 4302//2846
f 4194//2891 4167//2891 4100//2891 4097//2891
f 4229//2837 4259//2837 4301//2837 4297//2837
f 4224//2843 4197//2843 4265//2843 4268//2843
f 4257//2835 4253//2835 4303//2835 4295//2835
f 4160//2887 4157//2887 4130//2887 4131//2887
f 4166//2847 4191//2847 4094//2847 4095//2847
f 4228//2846 4198//2846 4266//2846 4270//2846
f 4254//2832 4258//2832 4296//2832 4304//2832
f 4158//2891 4159//2891 4132//2891 4129//2891
f 4197//2837 4227//2837 4269//2837 4265//2837
f 4192//2843 4165//2843 4096//2843 4093//2843
f 4255//2830 4251//2830 4305//2830 4299//2830
usemtl yellow
f 3971//2893 3972//2893 3957//2893 3958//2893 3959//2893 3960//2893 3961//2893 3962//2893 3963//2893 3964//2893 3965//2893 3966//2893 3967//2893 3968//2893 3969//2893 3970//2893
f 3996//2894 3995//2894 3981//2894 3980//2894
f 4004//2895 4002//2895 3974//2895 3973//2895
f 3995//2896 3994//2896 3982//2896 3981//2896
f 4002//2897 4001//2897 3975//2897 3974//2897
f 3994//2898 3993//2898 3983//2898 3982//2898
f 4001//2899 4000//2899 3976//2899 3975//2899
f 3993//2900 3992//2900 3984//2900 3983//2900
f 4000//2901 3999//2901 3977//2901 3976//2901
f 3992//2902 3991//2902 3985//2902 3984//2902
f 3999//2903 3998//2903 3978//2903 3977//2903
f 3991//2904 3990//2904 3986//2904 3985//2904
f 3998//2905 3997//2905 3979//2905 3978//2905
f 3990//2906 3989//2906 3987//2906 3986//2906
f 3997//2907 3996//2907 3980//2907 3979//2907
f 4003//2908 4004//2908 3973//2908 3988//2908
f 3973//2729 3974//2729 3975//2729 3976//2729 3977//2729 3978//2729 3979//2729 3980//2729 3981//2729 3982//2729 3983//2729 3984//2729 3985//2729 3986//2729 3987//2729 3988//2729
f 4016//2909 4017//2909 3991//2909 3992//2909
f 4008//2910 4009//2910 3999//2910 4000//2910
f 4015//2911 4016//2911 3992//2911 3993//2911
f 4007//2912 4008//2912 4000//2912 4001//2912
f 4014//2913 4015//2913 3993//2913 3994//2913
f 4006//2914 4007//2914 4001//2914 4002//2914
f 4013//2915 4014//2915 3994//2915 3995//2915
f 4005//2916 4006//2916 4002//2916 4004//2916
f 4012//2917 4013//2917 3995//2917 3996//2917
f 4019//2918 4020//2918 4003//2918 3989//2918
f 4020//2919 4005//2919 4004//2919 4003//2919
f 4011//2920 4012//2920 3996//2920 3997//2920
f 4018//2921 4019//2921 3989//2921 3990//2921
f 4010//2922 4011//2922 3997//2922 3998//2922
f 4017//2923 4018//2923 3990//2923 3991//2923
f 3989//2924 4003//2924 3988//2924 3987//2924
f 4009//2925 4010//2925 3998//2925 3999//2925
f 4033//2926 4036//2926 4041//2926 4068//2926
f 4035//2927 4034//2927 4037//2927 4039//2927
f 4032//2928 4035//2928 4039//2928 4067//2928
f 4034//2929 4021//2929 4056//2929 4037//2929
f 4031//2930 4033//2930 4068//2930 4066//2930
f 4030//2931 4032//2931 4067//2931 4065//2931
f 4029//2932 4031//2932 4066//2932 4064//2932
f 4028//2933 4030//2933 4065//2933 4063//2933
f 4027//2934 4029//2934 4064//2934 4062//2934
f 4043//2935 4038//2935 4037//2935 4056//2935
f 4038//2936 4040//2936 4039//2936 4037//2936
f 4050//2937 4042//2937 4041//2937 4057//2937
f 4044//2938 4043//2938 4056//2938 4058//2938
f 4051//2939 4050//2939 4057//2939 4059//2939
f 4045//2940 4044//2940 4058//2940 4060//2940
f 4052//2941 4051//2941 4059//2941 4061//2941
f 4046//2942 4045//2942 4060//2942 4062//2942
f 4053//2943 4052//2943 4061//2943 4063//2943
f 4047//2944 4046//2944 4062//2944 4064//2944
f 4054//2945 4053//2945 4063//2945 4065//2945
f 4048//2946 4047//2946 4064//2946 4066//2946
f 4055//2947 4054//2947 4065//2947 4067//2947
f 4049//2948 4048//2948 4066//2948 4068//2948
f 4040//2949 4055//2949 4067//2949 4039//2949
f 4042//2950 4049//2950 4068//2950 4041//2950
f 4036//2951 4022//2951 4057//2951 4041//2951
f 4021//2952 4023//2952 4058//2952 4056//2952
f 4022//2953 4024//2953 4059//2953 4057//2953
f 4023//2954 4025//2954 4060//2954 4058//2954
f 4024//2955 4026//2955 4061//2955 4059//2955
f 4025//2956 4027//2956 4062//2956 4060//2956
f 4026//2957 4028//2957 4063//2957 4061//2957
usemtl dark_brown
f 4235//2958 4239//2958 4015//2958 4014//2958
f 4233//2959 4237//2959 4007//2959 4006//2959
f 4260//2960 4233//2960 4006//2960 4005//2960
f 4237//2961 4241//2961 4008//2961 4007//2961
f 4239//2962 4243//2962 4016//2962 4015//2962
f 4241//2963 4245//2963 4009//2963 4008//2963
f 4243//2964 4247//2964 4017//2964 4016//2964
f 4245//2965 4249//2965 4010//2965 4009//2965
f 4247//2966 4251//2966 4018//2966 4017//2966
f 4249//2967 4253//2967 4011//2967 4010//2967
f 4251//2968 4255//2968 4019//2968 4018//2968
f 4253//2969 4257//2969 4012//2969 4011//2969
f 4257//2970 4232//2970 4013//2970 4012//2970
f 4230//2971 4260//2971 4005//2971 4020//2971
f 4232//2972 4235//2972 4014//2972 4013//2972
f 4157//2973 4160//2973 4167//2973 4194//2973
f 4153//2974 4156//2974 4165//2974 4192//2974
f 4156//2971 4162//2971 4195//2971 4165//2971
f 4151//2969 4157//2969 4194//2969 4190//2969
f 4149//2968 4153//2968 4192//2968 4188//2968
f 4147//2967 4151//2967 4190//2967 4186//2967
f 4145//2966 4149//2966 4188//2966 4184//2966
f 4143//2975 4147//2975 4186//2975 4182//2975
f 4141//2976 4145//2976 4184//2976 4180//2976
f 4139//2963 4143//2963 4182//2963 4178//2963
f 4137//2962 4141//2962 4180//2962 4176//2962
f 4163//2977 4135//2977 4174//2977 4170//2977
f 4160//2972 4133//2972 4172//2972 4167//2972
f 3953//2978 3952//2978 4140//2978 4136//2978
f 3946//2958 3945//2958 4138//2958 4134//2958
f 4162//2960 4163//2960 4170//2960 4195//2960
f 3956//2960 3954//2960 4164//2960 4161//2960
f 3955//2971 3956//2971 4161//2971 4155//2971
f 3948//2970 3947//2970 4159//2970 4158//2970
f 3941//2974 3955//2974 4155//2974 4154//2974
f 3949//2969 3948//2969 4158//2969 4152//2969
f 3942//2968 3941//2968 4154//2968 4150//2968
f 3950//2967 3949//2967 4152//2967 4148//2967
f 3943//2979 3942//2979 4150//2979 4146//2979
f 3951//2965 3950//2965 4148//2965 4144//2965
f 3944//2980 3943//2980 4146//2980 4142//2980
f 3952//2981 3951//2981 4144//2981 4140//2981
f 3945//2982 3944//2982 4142//2982 4138//2982
f 3954//2983 3953//2983 4136//2983 4164//2983
f 4135//2961 4139//2961 4178//2961 4174//2961
f 4133//2984 4137//2984 4176//2984 4172//2984
f 4191//2985 4166//2985 4197//2985 4224//2985
f 4168//2972 4171//2972 4204//2972 4199//2972
f 4166//2908 4196//2908 4227//2908 4197//2908
f 4193//2973 4168//2973 4199//2973 4226//2973
f 4223//2974 4198//2974 4229//2974 4256//2974
f 4189//2986 4193//2986 4226//2986 4222//2986
f 4187//2987 4191//2987 4224//2987 4220//2987
f 4185//2967 4189//2967 4222//2967 4218//2967
f 4183//2979 4187//2979 4220//2979 4216//2979
f 4181//2988 4185//2988 4218//2988 4214//2988
f 4179//2989 4183//2989 4216//2989 4212//2989
f 4177//2990 4181//2990 4214//2990 4210//2990
f 4175//2991 4179//2991 4212//2991 4208//2991
f 4173//2978 4177//2978 4210//2978 4206//2978
f 4196//2992 4169//2992 4202//2992 4227//2992
f 4169//2959 4173//2959 4206//2959 4202//2959
f 4171//2993 4175//2993 4208//2993 4204//2993
f 4200//2994 4203//2994 4236//2994 4231//2994
f 4198//2971 4228//2971 4259//2971 4229//2971
f 4225//2970 4200//2970 4231//2970 4258//2970
f 4255//2974 4230//2974 4020//2974 4019//2974
f 4221//2969 4225//2969 4258//2969 4254//2969
f 4219//2968 4223//2968 4256//2968 4252//2968
f 4217//2995 4221//2995 4254//2995 4250//2995
f 4215//2979 4219//2979 4252//2979 4248//2979
f 4213//2975 4217//2975 4250//2975 4246//2975
f 4211//2964 4215//2964 4248//2964 4244//2964
f 4209//2981 4213//2981 4246//2981 4242//2981
f 4207//2962 4211//2962 4244//2962 4240//2962
f 4205//2978 4209//2978 4242//2978 4238//2978
f 4228//2960 4201//2960 4234//2960 4259//2960
f 4201//2996 4205//2996 4238//2996 4234//2996
f 4203//2958 4207//2958 4240//2958 4236//2958
f 3947//2972 3946//2972 4134//2972 4159//2972
o Plane.012
v -1.639697 0.831487 -3.192390
v -0.988472 0.831487 -3.192390
v -1.639697 0.831487 -3.333606
v -0.988472 0.831487 -3.333606
v -1.629508 0.891683 -3.288866
v -1.629508 0.891683 -3.237130
v -0.997796 0.891683 -3.237130
v -0.997796 0.891683 -3.288866
v -1.578940 0.831487 -3.192390
v -1.578940 0.831487 -3.333606
v -1.589129 0.891683 -3.237130
v -1.589129 0.891683 -3.288866
v -1.040573 0.831487 -3.192390
v -1.031249 0.891683 -3.237130
v -1.040573 0.831487 -3.333606
v -1.031249 0.891683 -3.288866
v -1.040573 0.831487 -3.145509
v -0.988472 0.831487 -3.145509
v -1.040573 0.891683 -3.145509
v -0.988472 0.891683 -3.145509
v -1.639697 0.891683 -3.145509
v -1.639697 0.831487 -3.145509
v -1.578940 0.831487 -3.145509
v -1.578940 0.891683 -3.145509
v -1.578940 0.831487 -3.389475
v -1.639697 0.831487 -3.389475
v -1.578940 0.891683 -3.389475
v -1.639697 0.891683 -3.389475
v -0.988472 0.891683 -3.389475
v -0.988472 0.831487 -3.389475
v -1.040573 0.831487 -3.389475
v -1.040573 0.891683 -3.389475
v -1.639697 0.831487 -3.363536
v -1.578940 0.831487 -3.363536
v -1.639697 0.891683 -3.363536
v -1.578940 0.891683 -3.363536
v -1.639697 0.891683 -3.168949
v -1.578940 0.891683 -3.168949
v -1.578940 0.831487 -3.168949
v -1.639697 0.831487 -3.168949
v -0.988472 0.891683 -3.361541
v -1.040573 0.891683 -3.361541
v -1.040573 0.831487 -3.361541
v -0.988472 0.831487 -3.361541
v -1.040573 0.831487 -3.168949
v -1.040573 0.891683 -3.168949
v -0.988472 0.831487 -3.168949
v -0.988472 0.891683 -3.168949
v -1.040573 0.809130 -3.145509
v -0.988472 0.809130 -3.145509
v -1.639697 0.809130 -3.145509
v -1.578940 0.809130 -3.145509
v -1.040573 0.809130 -3.168949
v -1.578940 0.809130 -3.168949
v -0.988472 0.809130 -3.168949
v -1.578940 0.809130 -3.389475
v -1.639697 0.809130 -3.389475
v -0.988472 0.809130 -3.389475
v -1.040573 0.809130 -3.389475
v -1.639697 0.809130 -3.363536
v -1.578940 0.809130 -3.363536
v -1.639697 0.809130 -3.168949
v -1.040573 0.809130 -3.361541
v -0.988472 0.809130 -3.361541
v -1.639697 0.891683 -3.333606
v -1.639697 0.891683 -3.192390
v -1.040573 0.891683 -3.192390
v -0.988472 0.891683 -3.192390
v -0.988472 0.891683 -3.333606
v -1.578940 0.891683 -3.333606
v -1.578940 0.891683 -3.192390
v -1.040573 0.891683 -3.333606
v -1.629508 1.313618 -3.288866
v -1.629508 1.313618 -3.237130
v -1.031249 1.313618 -3.237130
v -0.997796 1.313618 -3.237130
v -0.997796 1.313618 -3.288866
v -1.589129 1.313618 -3.288866
v -1.589129 1.313618 -3.237130
v -1.031249 1.313618 -3.288866
v -1.629508 0.976070 -3.237130
v -1.629508 1.060457 -3.237130
v -1.629508 1.144844 -3.237130
v -1.629508 1.229231 -3.237130
v -1.629508 1.229231 -3.288866
v -1.629508 1.144844 -3.288866
v -1.629508 1.060457 -3.288866
v -1.629508 0.976070 -3.288866
v -1.589129 0.976070 -3.288866
v -1.589129 1.060457 -3.288866
v -1.589129 1.144844 -3.288866
v -1.589129 1.229231 -3.288866
v -1.589129 1.229231 -3.237130
v -1.589129 1.144844 -3.237130
v -1.589129 1.060457 -3.237130
v -1.589129 0.976070 -3.237130
v -1.031249 0.976070 -3.237130
v -1.031249 1.060457 -3.237130
v -1.031249 1.144844 -3.237130
v -1.031249 1.229231 -3.237130
v -1.031249 1.229231 -3.288866
v -1.031249 1.144844 -3.288866
v -1.031249 1.060457 -3.288866
v -1.031249 0.976070 -3.288866
v -0.997796 0.976070 -3.237130
v -0.997796 1.060457 -3.237130
v -0.997796 1.144844 -3.237130
v -0.997796 1.229231 -3.237130
v -0.997796 1.229231 -3.288866
v -0.997796 1.144844 -3.288866
v -0.997796 1.060457 -3.288866
v -0.997796 0.976070 -3.288866
v -1.629508 1.063470 -3.154799
v -1.629508 1.080729 -3.150343
v -1.629508 1.067054 -3.152321
v -1.629508 1.071592 -3.150605
v -1.629508 1.076394 -3.149910
v -1.629508 1.086654 -3.151858
v -1.629508 1.092446 -3.163703
v -1.629508 1.090116 -3.153532
v -1.629508 1.092433 -3.156371
v -1.629508 1.093251 -3.159943
v -1.589129 1.092446 -3.163703
v -1.589129 1.086654 -3.151858
v -1.589129 1.093251 -3.159943
v -1.589129 1.092433 -3.156371
v -1.589129 1.090116 -3.153532
v -1.589129 1.080729 -3.150343
v -1.589129 1.063470 -3.154799
v -1.589129 1.076394 -3.149910
v -1.589129 1.071592 -3.150605
v -1.589129 1.067054 -3.152321
v -1.031249 1.063470 -3.154799
v -1.031249 1.080729 -3.150343
v -1.031249 1.067054 -3.152321
v -1.031249 1.071592 -3.150605
v -1.031249 1.076394 -3.149910
v -1.031249 1.086654 -3.151858
v -1.031249 1.092446 -3.163703
v -1.031249 1.090116 -3.153532
v -1.031249 1.092433 -3.156371
v -1.031249 1.093251 -3.159943
v -0.997796 1.080729 -3.150343
v -0.997796 1.063470 -3.154799
v -0.997796 1.076394 -3.149910
v -0.997796 1.071592 -3.150605
v -0.997796 1.067054 -3.152321
v -0.997796 1.092446 -3.163703
v -0.997796 1.086654 -3.151858
v -0.997796 1.093251 -3.159943
v -0.997796 1.092433 -3.156371
v -0.997796 1.090116 -3.153532
v -1.629508 1.239766 -3.154626
v -1.629508 1.257638 -3.150787
v -1.629508 1.245044 -3.151606
v -1.629508 1.251585 -3.150201
v -1.629508 1.266104 -3.153335
v -1.629508 1.270861 -3.165372
v -1.629508 1.270399 -3.156049
v -1.629508 1.272141 -3.160455
v -1.589129 1.270861 -3.165372
v -1.589129 1.266104 -3.153335
v -1.589129 1.272141 -3.160455
v -1.589129 1.270399 -3.156049
v -1.589129 1.257638 -3.150787
v -1.589129 1.239766 -3.154626
v -1.589129 1.251585 -3.150201
v -1.589129 1.245044 -3.151606
v -1.031249 1.239766 -3.154626
v -1.031249 1.257638 -3.150787
v -1.031249 1.245044 -3.151606
v -1.031249 1.251585 -3.150201
v -1.031249 1.266104 -3.153335
v -1.031249 1.270861 -3.165372
v -1.031249 1.270399 -3.156049
v -1.031249 1.272141 -3.160455
v -0.997796 1.257638 -3.150787
v -0.997796 1.239766 -3.154626
v -0.997796 1.251585 -3.150201
v -0.997796 1.245044 -3.151606
v -0.997796 1.270861 -3.165372
v -0.997796 1.266104 -3.153335
v -0.997796 1.272141 -3.160455
v -0.997796 1.270399 -3.156049
vn 0.0000 -1.0000 0.0000
vn -1.0000 0.0000 0.0000
vn 0.0000 1.0000 0.0000
vn 1.0000 0.0000 0.0000
vn 0.0000 0.0000 -1.0000
vn 0.0000 0.0000 1.0000
vn 0.0000 0.9168 -0.3994
vn 0.0000 -0.6857 0.7279
vn 0.0000 0.2477 0.9688
vn 0.0000 0.0995 0.9950
vn 0.0000 -0.1432 0.9897
vn 0.0000 -0.3537 0.9353
vn 0.0000 -0.5687 0.8226
vn 0.0000 0.9779 -0.2092
vn 0.0000 0.9747 0.2233
vn 0.0000 0.7748 0.6322
vn 0.0000 0.4353 0.9003
vn 0.0000 -0.6560 0.7548
vn 0.0000 0.2882 0.9576
vn 0.0000 0.8650 -0.5018
vn 0.0000 0.0965 0.9953
vn 0.0000 -0.2100 0.9777
vn 0.0000 -0.4967 0.8679
vn 0.0000 0.9678 -0.2519
vn 0.0000 0.9300 0.3676
vn 0.0000 0.5341 0.8454
usemtl black
s off
f 4337//2997 4339//2997 4328//2997 4326//2997
f 4425//2998 4424//2998 4399//2998 4404//2998
f 4366//2999 4365//2999 4353//2999 4356//2999
f 4362//2999 4361//2999 4345//2999 4348//2999
f 4326//3000 4328//3000 4393//3000 4392//3000
f 4327//2998 4325//2998 4390//2998 4389//2998
f 4370//2998 4369//2998 4341//2998 4343//2998
f 4339//3001 4334//3001 4394//3001 4396//3001
f 4409//2998 4408//2998 4398//2998 4397//2998
f 4325//2997 4327//2997 4334//2997 4333//2997
f 4363//3000 4347//3000 4376//3000 4378//3000
f 4333//3002 4337//3002 4391//3002 4395//3002
f 4395//2999 4391//2999 4396//2999 4394//2999
f 4333//2997 4334//2997 4339//2997 4337//2997
f 4341//3002 4342//3002 4344//3002 4343//3002
f 4346//3002 4347//3002 4348//3002 4345//3002
f 4347//3002 4346//3002 4375//3002 4376//3002
f 4349//3000 4358//3000 4385//3000 4380//3000
f 4371//3000 4372//3000 4344//3000 4342//3000
f 4361//2998 4364//2998 4346//2998 4345//2998
f 4363//3000 4362//3000 4348//3000 4347//3000
f 4372//2999 4370//2999 4343//2999 4344//2999
f 4349//3001 4350//3001 4352//3001 4351//3001
f 4354//3001 4355//3001 4356//3001 4353//3001
f 4357//2998 4359//2998 4352//2998 4350//2998
f 4360//3000 4358//3000 4349//3000 4351//3000
f 4367//2998 4366//2998 4356//2998 4355//2998
f 4369//3001 4371//3001 4379//3001 4377//3001
f 4365//3000 4368//3000 4354//3000 4353//3000
f 4359//2999 4360//2999 4351//2999 4352//2999
f 4389//2999 4394//2999 4360//2999 4359//2999
f 4394//3000 4334//3000 4358//3000 4360//3000
f 4327//2998 4389//2998 4359//2998 4357//2998
f 4334//2997 4327//2997 4357//2997 4358//2997
f 4333//3000 4395//3000 4362//3000 4363//3000
f 4390//2998 4325//2998 4364//2998 4361//2998
f 4325//2997 4333//2997 4363//2997 4364//2997
f 4395//2999 4390//2999 4361//2999 4362//2999
f 4393//3000 4328//3000 4368//3000 4365//3000
f 4328//2997 4339//2997 4367//2997 4368//2997
f 4339//2998 4396//2998 4366//2998 4367//2998
f 4396//2999 4393//2999 4365//2999 4366//2999
f 4392//2999 4391//2999 4370//2999 4372//2999
f 4326//3000 4392//3000 4372//3000 4371//3000
f 4337//2997 4326//2997 4371//2997 4369//2997
f 4391//2998 4337//2998 4369//2998 4370//2998
f 4385//2997 4384//2997 4381//2997 4380//2997
f 4386//2997 4378//2997 4376//2997 4375//2997
f 4377//2997 4379//2997 4374//2997 4373//2997
f 4388//2997 4387//2997 4383//2997 4382//2997
f 4367//2998 4355//2998 4383//2998 4387//2998
f 4346//2998 4364//2998 4386//2998 4375//2998
f 4355//3001 4354//3001 4382//3001 4383//3001
f 4354//3000 4368//3000 4388//3000 4382//3000
f 4371//3000 4342//3000 4374//3000 4379//3000
f 4342//3002 4341//3002 4373//3002 4374//3002
f 4341//2998 4369//2998 4377//2998 4373//2998
f 4368//3002 4367//3002 4387//3002 4388//3002
f 4350//3001 4349//3001 4380//3001 4381//3001
f 4364//3001 4363//3001 4378//3001 4386//3001
f 4357//2998 4350//2998 4381//2998 4384//2998
f 4358//3002 4357//3002 4384//3002 4385//3002
f 4330//2999 4329//2999 4389//2999 4390//2999
f 4331//2999 4338//2999 4391//2999 4392//2999
f 4332//2999 4331//2999 4392//2999 4393//2999
f 4329//2999 4336//2999 4394//2999 4389//2999
f 4335//2999 4330//2999 4390//2999 4395//2999
f 4336//2999 4335//2999 4395//2999 4394//2999
f 4340//2999 4332//2999 4393//2999 4396//2999
f 4338//2999 4340//2999 4396//2999 4391//2999
f 4399//2999 4400//2999 4401//2999 4404//2999
f 4398//2999 4403//2999 4402//2999 4397//2999
f 4417//3000 4416//3000 4402//3000 4403//3000
f 4416//3001 4409//3001 4397//3001 4402//3001
f 4424//3002 4432//3002 4400//3002 4399//3002
f 4433//3001 4425//3001 4404//3001 4401//3001
f 4408//3002 4417//3002 4403//3002 4398//3002
f 4432//3000 4433//3000 4401//3000 4400//3000
f 4330//3002 4335//3002 4420//3002 4405//3002
f 4419//3003 4406//3003 4443//3003 4447//3003
f 4406//3002 4419//3002 4418//3002 4407//3002
f 4418//3000 4417//3000 4485//3000 4487//3000 4488//3000 4486//3000 4489//3000 4491//3000 4492//3000 4490//3000
f 4336//3001 4329//3001 4412//3001 4413//3001
f 4413//3001 4412//3001 4411//3001 4414//3001
f 4414//3001 4411//3001 4410//3001 4415//3001
f 4415//3001 4410//3001 4409//3001 4416//3001
f 4335//3000 4336//3000 4413//3000 4420//3000
f 4420//3000 4413//3000 4414//3000 4419//3000
f 4419//3000 4414//3000 4415//3000 4418//3000
f 4418//3000 4415//3000 4416//3000 4417//3000
f 4329//2998 4330//2998 4405//2998 4412//2998
f 4412//2998 4405//2998 4406//2998 4411//2998
f 4411//2998 4406//2998 4407//2998 4410//2998
f 4410//2998 4407//2998 4408//2998 4409//2998
f 4331//3000 4332//3000 4436//3000 4429//3000
f 4429//3000 4436//3000 4435//3000 4430//3000
f 4430//3000 4435//3000 4434//3000 4431//3000
f 4431//3000 4434//3000 4433//3000 4432//3000
f 4332//3001 4340//3001 4428//3001 4436//3001
f 4436//3001 4428//3001 4427//3001 4435//3001
f 4435//3001 4427//3001 4426//3001 4434//3001
f 4434//3001 4426//3001 4425//3001 4433//3001
f 4338//3002 4331//3002 4429//3002 4421//3002
f 4430//3003 4422//3003 4463//3003 4472//3003
f 4422//3002 4430//3002 4431//3002 4423//3002
f 4340//2998 4338//2998 4421//2998 4428//2998
f 4428//2998 4421//2998 4422//2998 4427//2998
f 4427//2998 4422//2998 4423//2998 4426//2998
f 4426//2998 4423//2998 4424//2998 4425//2998
f 4405//3004 4420//3004 4453//3004 4437//3004
f 4421//3004 4429//3004 4468//3004 4457//3004
f 4420//3000 4419//3000 4447//3000 4449//3000 4450//3000 4451//3000 4448//3000 4452//3000 4454//3000 4455//3000 4456//3000 4453//3000
f 4422//2998 4421//2998 4457//2998 4459//2998 4460//2998 4461//2998 4458//2998 4462//2998 4464//2998 4465//2998 4466//2998 4463//2998
f 4429//3000 4430//3000 4472//3000 4474//3000 4475//3000 4476//3000 4473//3000 4467//3000 4469//3000 4470//3000 4471//3000 4468//3000
f 4458//3005 4467//3005 4473//3005 4462//3005
f 4406//2998 4405//2998 4437//2998 4439//2998 4440//2998 4441//2998 4438//2998 4442//2998 4444//2998 4445//2998 4446//2998 4443//2998
f 4452//3006 4438//3006 4441//3006 4454//3006
f 4454//3007 4441//3007 4440//3007 4455//3007
f 4455//3008 4440//3008 4439//3008 4456//3008
f 4456//3009 4439//3009 4437//3009 4453//3009
f 4447//3010 4443//3010 4446//3010 4449//3010
f 4449//3011 4446//3011 4445//3011 4450//3011
f 4450//3012 4445//3012 4444//3012 4451//3012
f 4451//3013 4444//3013 4442//3013 4448//3013
f 4467//3006 4458//3006 4461//3006 4469//3006
f 4469//3007 4461//3007 4460//3007 4470//3007
f 4470//3008 4460//3008 4459//3008 4471//3008
f 4471//3009 4459//3009 4457//3009 4468//3009
f 4472//3010 4463//3010 4466//3010 4474//3010
f 4474//3011 4466//3011 4465//3011 4475//3011
f 4475//3012 4465//3012 4464//3012 4476//3012
f 4476//3013 4464//3013 4462//3013 4473//3013
f 4438//3005 4452//3005 4448//3005 4442//3005
f 4407//3014 4418//3014 4490//3014 4477//3014
f 4423//3014 4431//3014 4502//3014 4493//3014
f 4431//3000 4432//3000 4505//3000 4507//3000 4508//3000 4506//3000 4501//3000 4503//3000 4504//3000 4502//3000
f 4494//3015 4501//3015 4506//3015 4497//3015
f 4424//2998 4423//2998 4493//2998 4495//2998 4496//2998 4494//2998 4497//2998 4499//2998 4500//2998 4498//2998
f 4417//3016 4408//3016 4482//3016 4485//3016
f 4432//3016 4424//3016 4498//3016 4505//3016
f 4478//3015 4489//3015 4486//3015 4481//3015
f 4489//3017 4478//3017 4480//3017 4491//3017
f 4491//3018 4480//3018 4479//3018 4492//3018
f 4492//3019 4479//3019 4477//3019 4490//3019
f 4485//3020 4482//3020 4484//3020 4487//3020
f 4487//3021 4484//3021 4483//3021 4488//3021
f 4488//3022 4483//3022 4481//3022 4486//3022
f 4501//3017 4494//3017 4496//3017 4503//3017
f 4503//3018 4496//3018 4495//3018 4504//3018
f 4504//3019 4495//3019 4493//3019 4502//3019
f 4505//3020 4498//3020 4500//3020 4507//3020
f 4507//3021 4500//3021 4499//3021 4508//3021
f 4508//3022 4499//3022 4497//3022 4506//3022
f 4408//2998 4407//2998 4477//2998 4479//2998 4480//2998 4478//2998 4481//2998 4483//2998 4484//2998 4482//2998
o Circle_Circle.001
v 1.315282 0.996322 -3.398268
v 1.248670 0.996322 -3.385018
v 1.192198 0.996322 -3.347285
v 1.154466 0.996322 -3.290814
v 1.141216 0.996322 -3.224201
v 1.154466 0.996322 -3.157589
v 1.192198 0.996322 -3.101118
v 1.248670 0.996322 -3.063385
v 1.315282 0.996322 -3.050135
v 1.381894 0.996322 -3.063385
v 1.438366 0.996322 -3.101118
v 1.476099 0.996322 -3.157589
v 1.489349 0.996322 -3.224201
v 1.476099 0.996322 -3.290814
v 1.438366 0.996322 -3.347285
v 1.381894 0.996322 -3.385018
v 1.263033 1.028880 -3.350341
v 1.315282 1.028880 -3.360734
v 1.218739 1.028880 -3.320745
v 1.189142 1.028880 -3.276450
v 1.178750 1.028880 -3.224201
v 1.189142 1.028880 -3.171953
v 1.218739 1.028880 -3.127658
v 1.263033 1.028880 -3.098062
v 1.315282 1.028880 -3.087669
v 1.367531 1.028880 -3.098062
v 1.411825 1.028880 -3.127658
v 1.441422 1.028880 -3.171953
v 1.451815 1.028880 -3.224201
v 1.441422 1.028880 -3.276450
v 1.411825 1.028880 -3.320745
v 1.367531 1.028880 -3.350341
v 1.253175 0.926528 -3.374142
v 1.315282 0.926528 -3.386496
v 1.200523 0.926528 -3.338961
v 1.165342 0.926528 -3.286309
v 1.152988 0.926528 -3.224201
v 1.165342 0.926528 -3.162094
v 1.200523 0.926528 -3.109442
v 1.253175 0.926528 -3.074261
v 1.315282 0.926528 -3.061907
v 1.377389 0.926528 -3.074261
v 1.430041 0.926528 -3.109442
v 1.465222 0.926528 -3.162094
v 1.477576 0.926528 -3.224201
v 1.465222 0.926528 -3.286309
v 1.430041 0.926528 -3.338961
v 1.377389 0.926528 -3.374142
v 1.261273 0.880029 -3.354590
v 1.315282 0.880029 -3.365334
v 1.215487 0.880029 -3.323997
v 1.184893 0.880029 -3.278210
v 1.174150 0.880029 -3.224201
v 1.184893 0.880029 -3.170192
v 1.215487 0.880029 -3.124406
v 1.261273 0.880029 -3.093812
v 1.315282 0.880029 -3.083069
v 1.369291 0.880029 -3.093812
v 1.415077 0.880029 -3.124406
v 1.445671 0.880029 -3.170192
v 1.456414 0.880029 -3.224201
v 1.445671 0.880029 -3.278210
v 1.415077 0.880029 -3.323997
v 1.369291 0.880029 -3.354590
v 1.280718 0.815236 -3.307647
v 1.315282 0.815236 -3.314522
v 1.251416 0.815236 -3.288068
v 1.231837 0.815236 -3.258765
v 1.224962 0.815236 -3.224201
v 1.231837 0.815236 -3.189637
v 1.251416 0.815236 -3.160335
v 1.280718 0.815236 -3.140756
v 1.315282 0.815236 -3.133881
v 1.349846 0.815236 -3.140756
v 1.379148 0.815236 -3.160335
v 1.398727 0.815236 -3.189637
v 1.405603 0.815236 -3.224201
v 1.398727 0.815236 -3.258766
v 1.379148 0.815236 -3.288068
v 1.349846 0.815236 -3.307647
v 1.248670 1.028880 -3.385018
v 1.315282 1.028880 -3.398268
v 1.192198 1.028880 -3.347285
v 1.154466 1.028880 -3.290814
v 1.141216 1.028880 -3.224201
v 1.154466 1.028880 -3.157589
v 1.192198 1.028880 -3.101118
v 1.248670 1.028880 -3.063385
v 1.315282 1.028880 -3.050135
v 1.381894 1.028880 -3.063385
v 1.438366 1.028880 -3.101118
v 1.476099 1.028880 -3.157589
v 1.489349 1.028880 -3.224201
v 1.476099 1.028880 -3.290814
v 1.438366 1.028880 -3.347285
v 1.381894 1.028880 -3.385018
v 1.263033 1.010080 -3.350341
v 1.315282 1.010080 -3.360734
v 1.218739 1.010080 -3.320745
v 1.189142 1.010080 -3.276450
v 1.178750 1.010080 -3.224201
v 1.189142 1.010080 -3.171953
v 1.218739 1.010080 -3.127658
v 1.263033 1.010080 -3.098062
v 1.315282 1.010080 -3.087669
v 1.367531 1.010080 -3.098062
v 1.411825 1.010080 -3.127658
v 1.441422 1.010080 -3.171953
v 1.451815 1.010080 -3.224201
v 1.441422 1.010080 -3.276450
v 1.411825 1.010080 -3.320745
v 1.367531 1.010080 -3.350341
vn -0.5481 -0.1632 0.8203
vn -0.8315 0.0000 -0.5556
vn -0.5556 0.0000 0.8315
vn 0.5556 0.0000 -0.8315
vn -0.1951 0.0000 0.9808
vn -0.1951 0.0000 -0.9808
vn 0.1951 0.0000 -0.9808
vn 0.1951 0.0000 0.9808
vn -0.5556 0.0000 -0.8315
vn 0.5556 0.0000 0.8315
vn 0.8315 0.0000 0.5556
vn -0.9808 0.0000 -0.1951
vn 0.9808 0.0000 0.1951
vn -0.9808 0.0000 0.1951
vn 0.9808 0.0000 -0.1951
vn -0.8315 0.0000 0.5556
vn 0.8315 0.0000 -0.5556
vn 0.7593 -0.4076 0.5073
vn 0.5481 -0.1632 -0.8203
vn -0.1925 -0.1632 0.9676
vn -0.1925 -0.1632 -0.9676
vn 0.1925 -0.1632 -0.9676
vn 0.1925 -0.1632 0.9676
vn -0.5481 -0.1632 -0.8203
vn 0.5481 -0.1632 0.8203
vn -0.8203 -0.1632 -0.5481
vn 0.8203 -0.1632 0.5481
vn -0.9676 -0.1632 -0.1925
vn 0.9676 -0.1632 0.1925
vn -0.9676 -0.1632 0.1925
vn 0.9676 -0.1632 -0.1925
vn -0.8203 -0.1632 0.5481
vn 0.8203 -0.1632 -0.5481
vn -0.1546 -0.6097 -0.7774
vn -0.8956 -0.4076 -0.1781
vn 0.8956 -0.4076 0.1781
vn -0.8956 -0.4076 0.1781
vn 0.8956 -0.4076 -0.1781
vn -0.7593 -0.4076 0.5073
vn 0.7593 -0.4076 -0.5073
vn -0.5073 -0.4076 0.7593
vn 0.5073 -0.4076 -0.7593
vn -0.1781 -0.4076 0.8956
vn -0.1781 -0.4076 -0.8956
vn 0.1781 -0.4076 -0.8956
vn 0.1781 -0.4076 0.8956
vn -0.5073 -0.4076 -0.7593
vn 0.5073 -0.4076 0.7593
vn -0.7593 -0.4076 -0.5073
vn 0.0000 -1.0000 0.0000
vn 0.1546 -0.6097 -0.7774
vn 0.1546 -0.6097 0.7774
vn -0.4404 -0.6097 -0.6591
vn 0.4404 -0.6097 0.6591
vn -0.6591 -0.6097 -0.4404
vn 0.6591 -0.6097 0.4404
vn -0.7774 -0.6097 -0.1546
vn 0.7774 -0.6097 0.1546
vn -0.7774 -0.6097 0.1546
vn 0.7774 -0.6097 -0.1546
vn -0.6591 -0.6097 0.4404
vn 0.6591 -0.6097 -0.4404
vn -0.4404 -0.6097 0.6591
vn 0.4404 -0.6097 -0.6591
vn -0.1546 -0.6097 0.7774
vn 0.0000 1.0000 0.0000
usemtl milk
s off
f 4516//3023 4515//3023 4547//3023 4548//3023
f 4535//3024 4536//3024 4616//3024 4615//3024
f 4515//3025 4516//3025 4596//3025 4595//3025
f 4523//3026 4524//3026 4604//3026 4603//3026
f 4516//3027 4517//3027 4597//3027 4596//3027
f 4509//3028 4510//3028 4589//3028 4590//3028
f 4524//3029 4509//3029 4590//3029 4604//3029
f 4517//3030 4518//3030 4598//3030 4597//3030
f 4510//3031 4511//3031 4591//3031 4589//3031
f 4518//3032 4519//3032 4599//3032 4598//3032
f 4511//3024 4512//3024 4592//3024 4591//3024
f 4519//3033 4520//3033 4600//3033 4599//3033
f 4512//3034 4513//3034 4593//3034 4592//3034
f 4520//3035 4521//3035 4601//3035 4600//3035
f 4513//3036 4514//3036 4594//3036 4593//3036
f 4521//3037 4522//3037 4602//3037 4601//3037
f 4514//3038 4515//3038 4595//3038 4594//3038
f 4522//3039 4523//3039 4603//3039 4602//3039
f 4552//3040 4551//3040 4567//3040 4568//3040
f 4524//3041 4523//3041 4555//3041 4556//3041
f 4517//3042 4516//3042 4548//3042 4549//3042
f 4510//3043 4509//3043 4542//3043 4541//3043
f 4509//3044 4524//3044 4556//3044 4542//3044
f 4518//3045 4517//3045 4549//3045 4550//3045
f 4511//3046 4510//3046 4541//3046 4543//3046
f 4519//3047 4518//3047 4550//3047 4551//3047
f 4512//3048 4511//3048 4543//3048 4544//3048
f 4520//3049 4519//3049 4551//3049 4552//3049
f 4513//3050 4512//3050 4544//3050 4545//3050
f 4521//3051 4520//3051 4552//3051 4553//3051
f 4514//3052 4513//3052 4545//3052 4546//3052
f 4522//3053 4521//3053 4553//3053 4554//3053
f 4515//3054 4514//3054 4546//3054 4547//3054
f 4523//3055 4522//3055 4554//3055 4555//3055
f 4557//3056 4558//3056 4574//3056 4573//3056
f 4545//3057 4544//3057 4560//3057 4561//3057
f 4553//3058 4552//3058 4568//3058 4569//3058
f 4546//3059 4545//3059 4561//3059 4562//3059
f 4554//3060 4553//3060 4569//3060 4570//3060
f 4547//3061 4546//3061 4562//3061 4563//3061
f 4555//3062 4554//3062 4570//3062 4571//3062
f 4548//3063 4547//3063 4563//3063 4564//3063
f 4556//3064 4555//3064 4571//3064 4572//3064
f 4549//3065 4548//3065 4564//3065 4565//3065
f 4541//3066 4542//3066 4558//3066 4557//3066
f 4542//3067 4556//3067 4572//3067 4558//3067
f 4550//3068 4549//3068 4565//3068 4566//3068
f 4543//3069 4541//3069 4557//3069 4559//3069
f 4551//3070 4550//3070 4566//3070 4567//3070
f 4544//3071 4543//3071 4559//3071 4560//3071
f 4573//3072 4574//3072 4588//3072 4587//3072 4586//3072 4585//3072 4584//3072 4583//3072 4582//3072 4581//3072 4580//3072 4579//3072 4578//3072 4577//3072 4576//3072 4575//3072
f 4558//3073 4572//3073 4588//3073 4574//3073
f 4566//3074 4565//3074 4581//3074 4582//3074
f 4559//3075 4557//3075 4573//3075 4575//3075
f 4567//3076 4566//3076 4582//3076 4583//3076
f 4560//3077 4559//3077 4575//3077 4576//3077
f 4568//3078 4567//3078 4583//3078 4584//3078
f 4561//3079 4560//3079 4576//3079 4577//3079
f 4569//3080 4568//3080 4584//3080 4585//3080
f 4562//3081 4561//3081 4577//3081 4578//3081
f 4570//3082 4569//3082 4585//3082 4586//3082
f 4563//3083 4562//3083 4578//3083 4579//3083
f 4571//3084 4570//3084 4586//3084 4587//3084
f 4564//3085 4563//3085 4579//3085 4580//3085
f 4572//3086 4571//3086 4587//3086 4588//3086
f 4565//3087 4564//3087 4580//3087 4581//3087
f 4525//3088 4526//3088 4590//3088 4589//3088
f 4527//3088 4525//3088 4589//3088 4591//3088
f 4528//3088 4527//3088 4591//3088 4592//3088
f 4529//3088 4528//3088 4592//3088 4593//3088
f 4530//3088 4529//3088 4593//3088 4594//3088
f 4531//3088 4530//3088 4594//3088 4595//3088
f 4532//3088 4531//3088 4595//3088 4596//3088
f 4533//3088 4532//3088 4596//3088 4597//3088
f 4534//3088 4533//3088 4597//3088 4598//3088
f 4535//3088 4534//3088 4598//3088 4599//3088
f 4536//3088 4535//3088 4599//3088 4600//3088
f 4537//3088 4536//3088 4600//3088 4601//3088
f 4538//3088 4537//3088 4601//3088 4602//3088
f 4539//3088 4538//3088 4602//3088 4603//3088
f 4540//3088 4539//3088 4603//3088 4604//3088
f 4526//3088 4540//3088 4604//3088 4590//3088
f 4528//3035 4529//3035 4609//3035 4608//3035
f 4536//3034 4537//3034 4617//3034 4616//3034
f 4529//3037 4530//3037 4610//3037 4609//3037
f 4537//3036 4538//3036 4618//3036 4617//3036
f 4530//3039 4531//3039 4611//3039 4610//3039
f 4538//3038 4539//3038 4619//3038 4618//3038
f 4531//3026 4532//3026 4612//3026 4611//3026
f 4539//3025 4540//3025 4620//3025 4619//3025
f 4532//3029 4533//3029 4613//3029 4612//3029
f 4526//3030 4525//3030 4605//3030 4606//3030
f 4540//3027 4526//3027 4606//3027 4620//3027
f 4533//3028 4534//3028 4614//3028 4613//3028
f 4525//3032 4527//3032 4607//3032 4605//3032
f 4534//3031 4535//3031 4615//3031 4614//3031
f 4527//3033 4528//3033 4608//3033 4607//3033
usemtl brown
f 4605//3088 4607//3088 4608//3088 4609//3088 4610//3088 4611//3088 4612//3088 4613//3088 4614//3088 4615//3088 4616//3088 4617//3088 4618//3088 4619//3088 4620//3088 4606//3088
o Cube.003_Cube.005
v -0.345021 3.312842 0.601561
v -0.345021 3.674106 0.601561
v -0.345021 3.312842 -0.379176
v -0.345021 3.674106 -0.379176
v 0.638093 3.312842 0.601561
v 0.638093 3.674106 0.601561
v 0.638093 3.312842 -0.379176
v 0.638093 3.674106 -0.379176
v -0.345021 3.639774 0.601561
v -0.345021 3.639774 -0.379176
v 0.638093 3.639774 -0.379176
v 0.638093 3.639774 0.601561
v -0.345021 3.341044 -0.379176
v 0.638093 3.341044 -0.379176
v 0.638093 3.341044 0.601561
v -0.345021 3.341044 0.601561
v -0.345021 3.312842 -0.344626
v -0.345021 3.674106 -0.344626
v 0.638093 3.312842 -0.344626
v 0.638093 3.674106 -0.344626
v 0.638093 3.639774 -0.344626
v -0.345021 3.639774 -0.344626
v -0.345021 3.341044 -0.344626
v 0.638093 3.341044 -0.344626
v -0.345021 3.312842 0.569187
v 0.638093 3.674106 0.569187
v 0.638093 3.639774 0.569187
v 0.638093 3.341044 0.569187
v -0.345021 3.674106 0.569187
v 0.638093 3.312842 0.569187
v -0.345021 3.639774 0.569187
v -0.345021 3.341044 0.569187
v 0.608073 3.312842 -0.379176
v 0.608073 3.674106 -0.379176
v 0.608073 3.312842 0.601561
v 0.608073 3.674106 0.601561
v 0.608073 3.639774 0.601561
v 0.608073 3.639774 -0.379176
v 0.608073 3.341044 -0.379176
v 0.608073 3.341044 0.601561
v 0.608073 3.674106 -0.344626
v 0.608073 3.312842 -0.344626
v 0.608073 3.674106 0.569187
v 0.608073 3.312842 0.569187
v -0.313487 3.312842 -0.379176
v -0.313487 3.674106 0.601561
v -0.313487 3.639774 0.601561
v -0.313487 3.341044 0.601561
v -0.313487 3.312842 -0.344626
v -0.313487 3.312842 0.569187
v -0.313487 3.674106 -0.379176
v -0.313487 3.312842 0.601561
v -0.313487 3.639774 -0.379176
v -0.313487 3.341044 -0.379176
v -0.313487 3.674106 -0.344626
v -0.313487 3.674106 0.569187
v 0.608073 3.639774 0.578523
v 0.608073 3.341044 0.578523
v -0.313487 3.639774 0.578523
v -0.313487 3.341044 0.578523
v -0.320263 3.639774 0.569187
v -0.320263 3.639774 -0.344626
v -0.320263 3.341044 0.569187
v -0.320263 3.341044 -0.344626
v -0.313487 3.639774 -0.354991
v 0.608073 3.639774 -0.354991
v -0.313487 3.341044 -0.354991
v 0.608073 3.341044 -0.354991
v 0.618662 3.639774 -0.344626
v 0.618662 3.341044 -0.344626
v 0.618662 3.639774 0.569187
v 0.618662 3.341044 0.569187
v -0.313487 3.674106 -0.344626
v 0.608073 3.674106 -0.344626
v -0.313487 3.674106 0.569187
v 0.608073 3.674106 0.569187
v 0.608073 3.335536 -0.344626
v 0.608073 3.335536 0.569187
v -0.313487 3.335536 -0.344626
v -0.313487 3.335536 0.569187
v -0.408292 3.680891 -0.403327
v -0.408292 3.680891 -0.442320
v 0.667367 3.680891 -0.442320
v 0.701248 3.680891 -0.442320
v 0.701248 3.680891 0.628000
v 0.701248 3.680891 0.664537
v -0.372704 3.680891 0.664537
v -0.408292 3.680891 0.664537
v -0.408292 3.680891 0.628000
v 0.701248 3.680891 -0.403327
v 0.667367 3.680891 -0.403327
v 0.667367 3.680891 0.628000
v -0.372704 3.680891 -0.442320
v 0.667367 3.680891 0.664537
v -0.372704 3.680891 -0.403327
v -0.372704 3.680891 0.628000
v -0.372704 3.680891 -0.403327
v 0.667367 3.680891 -0.403327
v -0.372704 3.680891 0.628000
v 0.667367 3.680891 0.628000
v -0.408292 3.728519 -0.403327
v -0.408292 3.728519 -0.442320
v 0.667367 3.728519 -0.442320
v 0.701248 3.728519 -0.442320
v 0.701248 3.728519 0.628000
v 0.701248 3.728519 0.664537
v -0.372704 3.728519 0.664537
v -0.408292 3.728519 0.664537
v -0.408292 3.728519 0.628000
v 0.701248 3.728519 -0.403327
v 0.667367 3.728519 -0.403327
v 0.667367 3.728519 0.628000
v -0.372704 3.728519 -0.442320
v 0.667367 3.728519 0.664537
v -0.372704 3.728519 -0.403327
v -0.372704 3.728519 0.628000
v 0.119672 3.728519 0.085371
v 0.174991 3.728519 0.085371
v 0.119672 3.728519 0.139302
v 0.174991 3.728519 0.139302
v -0.345021 3.440620 0.601561
v -0.345021 3.540197 0.601561
v -0.345021 3.540197 -0.379176
v -0.345021 3.440620 -0.379176
v 0.638093 3.540197 -0.379176
v 0.638093 3.440620 -0.379176
v 0.638093 3.540197 0.601561
v 0.638093 3.440620 0.601561
v -0.345021 3.540197 -0.344626
v -0.345021 3.440620 -0.344626
v 0.638093 3.540197 -0.344626
v 0.638093 3.440620 -0.344626
v -0.345021 3.540197 0.569187
v -0.345021 3.440620 0.569187
v 0.638093 3.540197 0.569187
v 0.638093 3.440620 0.569187
v 0.608073 3.540197 -0.379176
v 0.608073 3.440620 -0.379176
v 0.608073 3.540197 0.601561
v 0.608073 3.440620 0.601561
v -0.313487 3.540197 -0.379176
v -0.313487 3.440620 -0.379176
v -0.313487 3.540197 0.601561
v -0.313487 3.440620 0.601561
v -0.289415 3.535182 -0.354991
v -0.289415 3.545212 -0.354991
v 0.584001 3.440620 -0.366452
v 0.584001 3.445636 -0.354991
v 0.584001 3.435605 -0.354991
v 0.584001 3.540197 -0.366452
v 0.584001 3.545212 -0.354991
v 0.584001 3.535182 -0.354991
v -0.331753 3.440620 0.545173
v -0.320263 3.435605 0.545173
v -0.320263 3.445636 0.545173
v -0.331753 3.540197 0.545173
v -0.320263 3.535182 0.545173
v -0.320263 3.545212 0.545173
v -0.331753 3.440620 -0.320612
v -0.320263 3.445636 -0.320612
v 0.147293 3.674106 -0.379176
v 0.147293 3.312842 0.601561
v 0.147293 3.639774 -0.379176
v 0.147293 3.341044 -0.379176
v 0.147293 3.674106 -0.344626
v 0.147293 3.674106 0.569187
v 0.147293 3.312842 -0.379176
v 0.147293 3.674106 0.601561
v 0.147293 3.639774 0.601561
v 0.147293 3.341044 0.601561
v 0.147293 3.312842 -0.344626
v 0.147293 3.312842 0.569187
v -0.320263 3.435605 -0.320612
v -0.331753 3.540197 -0.320612
v -0.320263 3.545212 -0.320612
v -0.320263 3.535182 -0.320612
v 0.147293 3.674106 -0.344626
v 0.147293 3.674106 0.569187
v 0.147293 3.335536 -0.344626
v 0.147293 3.335536 0.569187
v 0.147332 3.680891 -0.442320
v 0.147332 3.680891 -0.403327
v 0.147332 3.680891 0.628000
v 0.147332 3.680891 0.664537
v 0.147332 3.680891 -0.403327
v 0.147332 3.680891 0.628000
v 0.147332 3.728519 -0.442320
v 0.147332 3.728519 -0.403327
v 0.147332 3.728519 0.628000
v 0.147332 3.728519 0.664537
v 0.147332 3.728519 0.085371
v 0.147332 3.728519 0.139302
v -0.289415 3.440620 0.589984
v -0.289415 3.445636 0.578523
v -0.289415 3.435605 0.578523
v -0.289415 3.540197 0.589984
v -0.345021 3.674106 0.112281
v 0.638093 3.312842 0.112281
v -0.345021 3.639774 0.112281
v -0.345021 3.341044 0.112281
v -0.345021 3.312842 0.112281
v 0.638093 3.674106 0.112281
v 0.638093 3.639774 0.112281
v 0.638093 3.341044 0.112281
v 0.608073 3.312842 0.112281
v 0.608073 3.674106 0.112281
v -0.313487 3.312842 0.112281
v -0.313487 3.674106 0.112281
v -0.289415 3.545212 0.578523
v -0.289415 3.535182 0.578523
v 0.584001 3.440620 0.589984
v 0.584001 3.435605 0.578523
v 0.608073 3.674106 0.112281
v -0.313487 3.674106 0.112281
v 0.608073 3.335536 0.112281
v -0.313487 3.335536 0.112281
v -0.408292 3.680891 0.112337
v 0.701248 3.680891 0.112337
v 0.667367 3.680891 0.112337
v -0.372704 3.680891 0.112337
v 0.667367 3.680891 0.112337
v -0.372704 3.680891 0.112337
v -0.408292 3.728519 0.112337
v 0.701248 3.728519 0.112337
v 0.667367 3.728519 0.112337
v -0.372704 3.728519 0.112337
v 0.174991 3.728519 0.112337
v 0.119672 3.728519 0.112337
v 0.584001 3.445636 0.578523
v 0.584001 3.540197 0.589984
v 0.584001 3.535182 0.578523
v 0.584001 3.545212 0.578523
v 0.147293 3.335536 0.112281
v 0.608073 3.545212 0.578523
v 0.608073 3.535182 0.578523
v 0.608073 3.540197 0.589984
v 0.608073 3.445636 0.578523
v 0.608073 3.435605 0.578523
v 0.608073 3.440620 0.589984
v -0.313487 3.535182 0.578523
v -0.313487 3.545212 0.578523
v -0.313487 3.540197 0.589984
v -0.313487 3.435605 0.578523
v -0.313487 3.445636 0.578523
v -0.313487 3.440620 0.589984
v -0.320263 3.535182 -0.344626
v -0.320263 3.545212 -0.344626
v -0.331753 3.540197 -0.344626
v -0.320263 3.435605 -0.344626
v -0.320263 3.445636 -0.344626
v -0.331753 3.440620 -0.344626
v -0.320263 3.545212 0.569187
v -0.320263 3.535182 0.569187
v -0.331753 3.540197 0.569187
v -0.320263 3.445636 0.569187
v -0.320263 3.435605 0.569187
v -0.331753 3.440620 0.569187
v 0.608073 3.535182 -0.354991
v 0.608073 3.545212 -0.354991
v 0.608073 3.540197 -0.366452
v 0.608073 3.435605 -0.354991
v 0.608073 3.445636 -0.354991
v 0.608073 3.440620 -0.366452
v -0.313487 3.545212 -0.354991
v -0.313487 3.535182 -0.354991
v -0.313487 3.540197 -0.366452
v -0.313487 3.445636 -0.354991
v -0.313487 3.435605 -0.354991
v -0.313487 3.440620 -0.366452
v 0.618662 3.545212 -0.344626
v 0.618662 3.535182 -0.344626
v 0.630152 3.540197 -0.344626
v 0.618662 3.445636 -0.344626
v 0.618662 3.435605 -0.344626
v 0.630152 3.440620 -0.344626
v 0.618662 3.535182 0.569187
v 0.618662 3.545212 0.569187
v 0.630152 3.540197 0.569187
v 0.618662 3.435605 0.569187
v 0.618662 3.445636 0.569187
v 0.630152 3.440620 0.569187
v 0.135803 3.639774 0.578523
v 0.158782 3.639774 0.578523
v 0.147293 3.639774 0.589984
v 0.158782 3.341044 0.578523
v 0.135803 3.341044 0.578523
v 0.147293 3.341044 0.589984
v 0.158782 3.639774 -0.354991
v 0.135803 3.639774 -0.354991
v 0.147293 3.639774 -0.366452
v 0.135803 3.341044 -0.354991
v 0.158782 3.341044 -0.354991
v 0.147293 3.341044 -0.366452
v 0.158782 3.435605 -0.354991
v 0.135803 3.435605 -0.354991
v 0.135803 3.445636 -0.354991
v 0.158782 3.445636 -0.354991
v 0.158782 3.545212 -0.354991
v 0.158782 3.535182 -0.354991
v 0.135803 3.535182 -0.354991
v 0.135803 3.545212 -0.354991
v 0.135803 3.435605 0.578523
v 0.158782 3.435605 0.578523
v 0.158782 3.445636 0.578523
v 0.135803 3.445636 0.578523
v 0.135803 3.545212 0.578523
v 0.135803 3.535182 0.578523
v 0.158782 3.535182 0.578523
v 0.158782 3.545212 0.578523
v -0.320263 3.639774 0.100819
v -0.320263 3.639774 0.123742
v -0.331753 3.639774 0.112281
v -0.320263 3.341044 0.123742
v -0.320263 3.341044 0.100819
v -0.331753 3.341044 0.112281
v 0.618662 3.639774 0.123742
v 0.618662 3.639774 0.100819
v 0.630152 3.639774 0.112281
v 0.618662 3.341044 0.100819
v 0.618662 3.341044 0.123742
v 0.630152 3.341044 0.112281
v 0.618662 3.435605 0.123742
v 0.618662 3.435605 0.100819
v 0.618662 3.445636 0.100819
v 0.618662 3.445636 0.123742
v 0.618662 3.545212 0.123742
v 0.618662 3.535182 0.123742
v 0.618662 3.535182 0.100819
v 0.618662 3.545212 0.100819
v -0.320263 3.435605 0.100819
v -0.320263 3.435605 0.123742
v -0.320263 3.445636 0.123742
v -0.320263 3.445636 0.100819
v -0.320263 3.545212 0.100819
v -0.320263 3.535182 0.100819
v -0.320263 3.535182 0.123742
v -0.320263 3.545212 0.123742
v -0.289415 3.540197 -0.366452
v -0.289415 3.445636 -0.354991
v -0.289415 3.435605 -0.354991
v -0.289415 3.440620 -0.366452
v 0.618662 3.545212 -0.320612
v 0.618662 3.535182 -0.320612
v 0.630152 3.540197 -0.320612
v 0.618662 3.445636 -0.320612
v 0.618662 3.435605 -0.320612
v 0.630152 3.440620 -0.320612
v 0.618662 3.535182 0.545173
v 0.618662 3.545212 0.545173
v 0.630152 3.540197 0.545173
v 0.618662 3.435605 0.545173
v 0.618662 3.445636 0.545173
v 0.630152 3.440620 0.545173
v 0.135803 3.629266 0.578523
v 0.158782 3.629266 0.578523
v 0.147293 3.629266 0.589984
v 0.158782 3.351552 0.578523
v 0.135803 3.351552 0.578523
v 0.147293 3.351552 0.589984
v 0.158782 3.629266 -0.354991
v 0.135803 3.629266 -0.354991
v 0.147293 3.629266 -0.366452
v 0.135803 3.351552 -0.354991
v 0.158782 3.351552 -0.354991
v 0.147293 3.351552 -0.366452
v 0.158782 3.435605 -0.379005
v 0.135803 3.435605 -0.379005
v 0.135803 3.445636 -0.379005
v 0.158782 3.445636 -0.379005
v 0.158782 3.545212 -0.379005
v 0.158782 3.535182 -0.379005
v 0.135803 3.535182 -0.379005
v 0.135803 3.545212 -0.379005
v 0.135803 3.435605 0.602537
v 0.158782 3.435605 0.602537
v 0.158782 3.445636 0.602537
v 0.135803 3.445636 0.602537
v 0.135803 3.545212 0.602537
v 0.135803 3.535182 0.602537
v 0.158782 3.535182 0.602537
v 0.158782 3.545212 0.602537
v -0.320263 3.629266 0.100819
v -0.320263 3.629266 0.123742
v -0.331753 3.629266 0.112281
v -0.320263 3.351552 0.123742
v -0.320263 3.351552 0.100819
v -0.331753 3.351552 0.112281
v 0.618662 3.629266 0.123742
v 0.618662 3.629266 0.100819
v 0.630152 3.629266 0.112281
v 0.618662 3.351552 0.100819
v 0.618662 3.351552 0.123742
v 0.630152 3.351552 0.112281
v 0.642735 3.435605 0.123742
v 0.642735 3.435605 0.100819
v 0.642735 3.445636 0.100819
v 0.642735 3.445636 0.123742
v 0.642735 3.545212 0.123742
v 0.642735 3.535182 0.123742
v 0.642735 3.535182 0.100819
v 0.642735 3.545212 0.100819
v -0.344335 3.435605 0.100819
v -0.344335 3.435605 0.123742
v -0.344335 3.445636 0.123742
v -0.344335 3.445636 0.100819
v -0.344335 3.545212 0.100819
v -0.344335 3.535182 0.100819
v -0.344335 3.535182 0.123742
v -0.344335 3.545212 0.123742
v 0.642735 3.445636 0.123742
v 0.642735 3.445636 0.569187
v 0.642735 3.435605 0.569187
v 0.642735 3.435605 0.123742
v 0.642735 3.545212 0.123742
v 0.642735 3.545212 0.569187
v 0.642735 3.535182 0.569187
v 0.642735 3.535182 0.123742
v 0.158782 3.445636 -0.379005
v 0.608073 3.445636 -0.379005
v 0.608073 3.435605 -0.379005
v 0.158782 3.435605 -0.379005
v 0.158782 3.545212 -0.379005
v 0.608073 3.545212 -0.379005
v 0.608073 3.535182 -0.379005
v 0.158782 3.535182 -0.379005
v -0.344335 3.445636 0.100819
v -0.344335 3.445636 -0.344626
v -0.344335 3.435605 -0.344626
v -0.344335 3.435605 0.100819
v -0.344335 3.545212 0.100819
v -0.344335 3.545212 -0.344626
v -0.344335 3.535182 -0.344626
v -0.344335 3.535182 0.100819
v 0.135803 3.445636 0.602537
v -0.313487 3.445636 0.602537
v -0.313487 3.435605 0.602537
v 0.135803 3.435605 0.602537
v 0.135803 3.545212 0.602537
v -0.313487 3.545212 0.602537
v -0.313487 3.535182 0.602537
v 0.135803 3.535182 0.602537
v -0.313487 3.445636 -0.379005
v 0.135803 3.445636 -0.379005
v 0.135803 3.435605 -0.379005
v -0.313487 3.435605 -0.379005
v -0.313487 3.545212 -0.379005
v 0.135803 3.545212 -0.379005
v 0.135803 3.535182 -0.379005
v -0.313487 3.535182 -0.379005
v 0.608073 3.445636 0.602537
v 0.158782 3.445636 0.602537
v 0.158782 3.435605 0.602537
v 0.608073 3.435605 0.602537
v 0.608073 3.545212 0.602537
v 0.158782 3.545212 0.602537
v 0.158782 3.535182 0.602537
v 0.608073 3.535182 0.602537
v 0.135803 3.535182 0.602537
v 0.135803 3.445636 0.602537
v 0.158782 3.445636 0.602537
v 0.158782 3.535182 0.602537
v 0.135803 3.435605 0.602537
v 0.135803 3.341044 0.602537
v 0.158782 3.341044 0.602537
v 0.158782 3.435605 0.602537
v 0.158782 3.535182 -0.379005
v 0.158782 3.445636 -0.379005
v 0.135803 3.445636 -0.379005
v 0.135803 3.535182 -0.379005
v 0.158782 3.435605 -0.379005
v 0.158782 3.341044 -0.379005
v 0.135803 3.341044 -0.379005
v 0.135803 3.435605 -0.379005
v 0.158782 3.639774 -0.379005
v 0.158782 3.545212 -0.379005
v 0.135803 3.545212 -0.379005
v 0.135803 3.639774 -0.379005
v 0.135803 3.639774 0.602537
v 0.135803 3.545212 0.602537
v 0.158782 3.545212 0.602537
v 0.158782 3.639774 0.602537
v 0.642735 3.445636 -0.344626
v 0.642735 3.445636 0.100819
v 0.642735 3.435605 0.100819
v 0.642735 3.435605 -0.344626
v 0.642735 3.545212 -0.344626
v 0.642735 3.545212 0.100819
v 0.642735 3.535182 0.100819
v 0.642735 3.535182 -0.344626
v -0.344335 3.445636 0.569187
v -0.344335 3.445636 0.123742
v -0.344335 3.435605 0.123742
v -0.344335 3.435605 0.569187
v -0.344335 3.545212 0.569187
v -0.344335 3.545212 0.123742
v -0.344335 3.535182 0.123742
v -0.344335 3.535182 0.569187
v -0.344335 3.535182 0.100819
v -0.344335 3.445636 0.100819
v -0.344335 3.445636 0.123742
v -0.344335 3.535182 0.123742
v -0.344335 3.435605 0.100819
v -0.344335 3.341044 0.100819
v -0.344335 3.341044 0.123742
v -0.344335 3.435605 0.123742
v 0.642735 3.535182 0.123742
v 0.642735 3.445636 0.123742
v 0.642735 3.445636 0.100819
v 0.642735 3.535182 0.100819
v 0.642735 3.435605 0.123742
v 0.642735 3.341044 0.123742
v 0.642735 3.341044 0.100819
v 0.642735 3.435605 0.100819
v 0.642735 3.639774 0.123742
v 0.642735 3.545212 0.123742
v 0.642735 3.545212 0.100819
v 0.642735 3.639774 0.100819
v -0.344335 3.639774 0.100819
v -0.344335 3.545212 0.100819
v -0.344335 3.545212 0.123742
v -0.344335 3.639774 0.123742
v 0.147332 3.728519 -0.403327
v 0.667367 3.728519 -0.403327
v 0.147332 3.728519 0.628000
v 0.667367 3.728519 0.628000
v 0.667367 3.728519 0.112337
v -0.372704 3.728519 0.112337
v -0.372704 3.728519 0.628000
v -0.372704 3.728519 -0.403327
v 0.147332 4.180461 0.112337
v 0.147332 4.180461 0.139302
v 0.147332 4.180461 0.085371
v 0.174991 4.180461 0.112337
v 0.119672 4.180461 0.112337
v 0.174991 4.180461 0.085371
v 0.174991 4.180461 0.139302
v 0.119672 4.180461 0.139302
v 0.119672 4.180461 0.085371
vn -1.0000 0.0000 0.0000
vn 0.0000 0.0000 -1.0000
vn 1.0000 0.0000 0.0000
vn 0.0000 0.0000 1.0000
vn 0.0000 -1.0000 0.0000
vn -0.1066 -0.9943 0.0000
vn 0.0000 -0.9943 -0.1068
vn 0.0000 0.9934 0.1148
vn 0.1068 -0.9943 0.0000
vn 0.1137 -0.9935 0.0000
vn 0.0000 -0.9934 0.1146
vn -0.1138 -0.9935 0.0000
vn 0.0000 0.9934 -0.1146
vn 0.0000 -0.9942 0.1071
vn 0.1138 0.9935 0.0000
vn -0.1137 0.9935 0.0000
vn 0.0000 -0.9934 -0.1148
vn 0.0000 1.0000 0.0000
vn 0.0000 -0.9161 0.4009
vn 0.0000 0.9161 0.4009
vn -0.4001 0.9165 0.0000
vn -0.4001 -0.9165 0.0000
vn 0.0000 0.9161 -0.4009
vn 0.0000 -0.9161 -0.4009
vn 0.4001 -0.9165 0.0000
vn 0.4001 0.9165 0.0000
vn 0.7062 0.0000 0.7080
vn -0.7063 0.0000 0.7080
vn 0.7063 0.0000 0.7080
vn -0.7062 0.0000 -0.7080
vn 0.7062 0.0000 -0.7080
vn 0.7063 0.0000 -0.7080
vn -0.7063 0.0000 -0.7080
vn -0.7062 0.0000 0.7080
usemtl brown
s off
f 4642//3089 4638//3089 4624//3089 4630//3089
f 4658//3090 4654//3090 4628//3090 4631//3090
f 4647//3091 4646//3091 4626//3091 4632//3091
f 4667//3092 4666//3092 4622//3092 4629//3092
f 4664//3093 4650//3093 4625//3093 4655//3093
f 4624//3094 4638//3094 4701//3094 4702//3094
f 4763//3092 4667//3092 4629//3092 4742//3092
f 4755//3091 4647//3091 4632//3091 4747//3091
f 4757//3090 4658//3090 4631//3090 4745//3090
f 4749//3089 4642//3089 4630//3089 4743//3089
f 4637//3089 4643//3089 4633//3089 4623//3089
f 4653//3090 4659//3090 4634//3090 4627//3090
f 4650//3091 4648//3091 4635//3091 4625//3091
f 4672//3092 4668//3092 4636//3092 4621//3092
f 4627//3091 4634//3091 4644//3091 4639//3091
f 4821//3089 4820//3089 4643//3089 4637//3089
f 4823//3093 4647//3093 4691//3093 4936//3093 4938//3093
f 4745//3091 4631//3091 4641//3091 4751//3091
f 4781//3095 4671//3095 4713//3095 4801//3095
f 4653//3093 4627//3093 4639//3093 4662//3093
f 4631//3091 4628//3091 4640//3091 4641//3091
f 4819//3089 4817//3089 4638//3089 4642//3089
f 4629//3089 4622//3089 4649//3089 4651//3089
f 4742//3089 4629//3089 4651//3089 4753//3089
f 4621//3089 4636//3089 4652//3089 4645//3089
f 4818//3091 4824//3091 4648//3091 4650//3091
f 4789//3093 4667//3093 4679//3093 4902//3093 4904//3093
f 4785//3096 4661//3096 4711//3096 4802//3096
f 4825//3093 4818//3093 4650//3093 4664//3093
f 4823//3091 4822//3091 4646//3091 4647//3091
f 4792//3090 4670//3090 4700//3090 4800//3090
f 4640//3097 4628//3097 4704//3097 4710//3097
f 4787//3093 4653//3093 4662//3093 4791//3093
f 4833//3098 4694//3098 4718//3098 4841//3098
f 4625//3092 4635//3092 4660//3092 4655//3092
f 4787//3090 4784//3090 4659//3090 4653//3090
f 4747//3092 4632//3092 4657//3092 4759//3092
f 4671//3095 4624//3095 4702//3095 4713//3095
f 4792//3093 4664//3093 4655//3093 4782//3093
f 4632//3092 4626//3092 4656//3092 4657//3092
f 4783//3090 4781//3090 4654//3090 4658//3090
f 4630//3090 4624//3090 4671//3090 4673//3090
f 4645//3093 4670//3093 4672//3093 4621//3093
f 4743//3090 4630//3090 4673//3090 4761//3090
f 4623//3090 4633//3090 4674//3090 4665//3090
f 4623//3093 4665//3093 4669//3093 4637//3093
f 4821//3093 4827//3093 4670//3093 4645//3093
f 4786//3092 4663//3092 4696//3092 4798//3092
f 4822//3097 4640//3097 4710//3097 4838//3097
f 4782//3092 4790//3092 4668//3092 4672//3092
f 4783//3093 4658//3093 4686//3093 4908//3093 4910//3093
f 4626//3097 4646//3097 4705//3097 4706//3097
f 4789//3092 4788//3092 4666//3092 4667//3092
f 4642//3092 4749//3092 4868//3092 4867//3092 4682//3092
f 4657//3093 4789//3093 4904//3093 4903//3093 4677//3093
f 4651//3093 4819//3093 4932//3093 4931//3093 4681//3093
f 4757//3089 4758//3089 4883//3089 4882//3089 4878//3089 4880//3089
f 4673//3093 4783//3093 4910//3093 4909//3093 4685//3093
f 4819//3093 4642//3093 4682//3093 4930//3093 4932//3093
f 4755//3090 4756//3090 4901//3090 4900//3090 4896//3090 4898//3090
f 4641//3093 4823//3093 4938//3093 4937//3093 4689//3093
f 4852//3089 4851//3089 4850//3089
f 4798//3099 4696//3099 4720//3099 4806//3099
f 4785//3092 4675//3092 4693//3092 4797//3092
f 4826//3092 4661//3092 4694//3092 4833//3092
f 4828//3092 4676//3092 4695//3092 4834//3092
f 4825//3089 4664//3089 4698//3089 4835//3089
f 4827//3091 4669//3091 4699//3091 4836//3091
f 4791//3092 4662//3092 4697//3092 4799//3092
f 4801//3090 4713//3090 4733//3090 4807//3090
f 4804//3092 4714//3092 4734//3092 4810//3092
f 4706//3091 4705//3091 4725//3091 4726//3091
f 4805//3090 4717//3090 5149//3090 5142//3090
f 4704//3090 4703//3090 4723//3090 4724//3090
f 4709//3089 4708//3089 4728//3089 4729//3089
f 4702//3089 4701//3089 4721//3089 4722//3089
f 4838//3091 4710//3091 4730//3091 4844//3091
f 4839//3089 4712//3089 4732//3089 4845//3089
f 4834//3100 4695//3100 4719//3100 4842//3100
f 4786//3101 4676//3101 4716//3101 4803//3101
f 4788//3102 4656//3102 4714//3102 4804//3102
f 4649//3094 4622//3094 4708//3094 4709//3094
f 4622//3102 4666//3102 4707//3102 4708//3102
f 4656//3102 4626//3102 4706//3102 4714//3102
f 4628//3095 4654//3095 4703//3095 4704//3095
f 4828//3103 4675//3103 4715//3103 4840//3103
f 4826//3104 4663//3104 4712//3104 4839//3104
f 4797//3105 4693//3105 4717//3105 4805//3105
f 4817//3094 4649//3094 4709//3094 4837//3094
f 4736//3106 4729//3106 4728//3106 4727//3106
f 4733//3106 4722//3106 4721//3106 4735//3106
f 4846//3106 4843//3106 4729//3106 4736//3106
f 4844//3106 4845//3106 4732//3106 4725//3106
f 4724//3106 4723//3106 4731//3106 4730//3106
f 4725//3106 4732//3106 4734//3106 4726//3106
f 4807//3106 4733//3106 4735//3106 4808//3106
f 4809//3106 4736//3106 4727//3106 4810//3106
f 4739//3092 4812//3092 5151//3092 5157//3092
f 4806//3092 4720//3092 5145//3092 5144//3092
f 4708//3092 4707//3092 4727//3092 4728//3092
f 4713//3090 4702//3090 4722//3090 4733//3090
f 4714//3092 4706//3092 4726//3092 4734//3092
f 4841//3091 4718//3091 5143//3091 5146//3091
f 4837//3089 4709//3089 4729//3089 4843//3089
f 4802//3092 4711//3092 4731//3092 4808//3092
f 4842//3089 4719//3089 5148//3089 5147//3089
f 4710//3091 4704//3091 4724//3091 4730//3091
f 4803//3090 4716//3090 4736//3090 4809//3090
f 4840//3091 4715//3091 4735//3091 4846//3091
f 4647//3090 4755//3090 4898//3090 4897//3090 4691//3090
f 4751//3092 4641//3092 4689//3092 4890//3092 4892//3092
f 4756//3090 4648//3090 4692//3090 4899//3090 4901//3090
f 4761//3091 4673//3091 4685//3091 4884//3091 4886//3091
f 4758//3089 4659//3089 4688//3089 4881//3089 4883//3089
f 4658//3089 4757//3089 4880//3089 4879//3089 4686//3089
f 4753//3090 4651//3090 4681//3090 4872//3090 4874//3090
f 4750//3092 4643//3092 4684//3092 4869//3092 4871//3092
f 4749//3092 4750//3092 4871//3092 4870//3092 4866//3092 4868//3092
f 4667//3091 4763//3091 4862//3091 4861//3091 4679//3091
f 4759//3089 4657//3089 4677//3089 4854//3089 4856//3089
f 4764//3091 4668//3091 4680//3091 4863//3091 4865//3091
f 4763//3091 4764//3091 4865//3091 4864//3091 4860//3091 4862//3091
f 4633//3090 4744//3090 4762//3090 4674//3090
f 4744//3090 4743//3090 4761//3090 4762//3090
f 4635//3092 4748//3092 4760//3092 4660//3092
f 4748//3092 4747//3092 4759//3092 4760//3092
f 4636//3089 4741//3089 4754//3089 4652//3089
f 4741//3089 4742//3089 4753//3089 4754//3089
f 4634//3091 4746//3091 4752//3091 4644//3091
f 4746//3091 4745//3091 4751//3091 4752//3091
f 4643//3089 4750//3089 4744//3089 4633//3089
f 4750//3089 4749//3089 4743//3089 4744//3089
f 4659//3090 4758//3090 4746//3090 4634//3090
f 4758//3090 4757//3090 4745//3090 4746//3090
f 4648//3091 4756//3091 4748//3091 4635//3091
f 4756//3091 4755//3091 4747//3091 4748//3091
f 4668//3092 4764//3092 4741//3092 4636//3092
f 4764//3092 4763//3092 4742//3092 4741//3092
f 4660//3089 4760//3089 4859//3089 4858//3089 4678//3089
f 4674//3091 4762//3091 4889//3091 4888//3091 4687//3091
f 4712//3090 4803//3090 4809//3090 4732//3090
f 4715//3092 4802//3092 4808//3092 4735//3092
f 4719//3092 4806//3092 5144//3092 5148//3092
f 4737//3089 4848//3089 5154//3089 5158//3089
f 4732//3106 4809//3106 4810//3106 4734//3106
f 4723//3106 4807//3106 4808//3106 4731//3106
f 4694//3105 4797//3105 4805//3105 4718//3105
f 4666//3102 4788//3102 4804//3102 4707//3102
f 4663//3101 4786//3101 4803//3101 4712//3101
f 4718//3090 4805//3090 5142//3090 5143//3090
f 4707//3092 4804//3092 4810//3092 4727//3092
f 4703//3090 4801//3090 4807//3090 4723//3090
f 4669//3092 4791//3092 4799//3092 4699//3092
f 4661//3092 4785//3092 4797//3092 4694//3092
f 4695//3099 4798//3099 4806//3099 4719//3099
f 4784//3106 4674//3106 4687//3106 4911//3106 4913//3106
f 4659//3106 4784//3106 4913//3106 4912//3106 4688//3106
f 4762//3091 4761//3091 4886//3091 4885//3091 4887//3091 4889//3091
f 4668//3106 4790//3106 4907//3106 4906//3106 4680//3106
f 4760//3089 4759//3089 4856//3089 4855//3089 4857//3089 4859//3089
f 4657//3092 4656//3092 4788//3092 4789//3092
f 4790//3106 4660//3106 4678//3106 4905//3106 4907//3106
f 4655//3092 4660//3092 4790//3092 4782//3092
f 4676//3092 4786//3092 4798//3092 4695//3092
f 4673//3090 4671//3090 4781//3090 4783//3090
f 4670//3093 4792//3093 4782//3093 4672//3093
f 4665//3090 4674//3090 4784//3090 4787//3090
f 4665//3093 4787//3093 4791//3093 4669//3093
f 4664//3090 4792//3090 4800//3090 4698//3090
f 4675//3096 4785//3096 4802//3096 4715//3096
f 4654//3095 4781//3095 4801//3095 4703//3095
f 4738//3090 4811//3090 5152//3090 5155//3090
f 4652//3090 4754//3090 4877//3090 4876//3090 4683//3090
f 4644//3092 4752//3092 4895//3092 4894//3092 4690//3092
f 4716//3091 4840//3091 4846//3091 4736//3091
f 4717//3089 4842//3089 5147//3089 5149//3089
f 4701//3089 4837//3089 4843//3089 4721//3089
f 4720//3091 4841//3091 5146//3091 5145//3091
f 4740//3091 4847//3091 5153//3091 5156//3091
f 4730//3106 4731//3106 4845//3106 4844//3106
f 4735//3106 4721//3106 4843//3106 4846//3106
f 4638//3094 4817//3094 4837//3094 4701//3094
f 4661//3104 4826//3104 4839//3104 4711//3104
f 4676//3103 4828//3103 4840//3103 4716//3103
f 4693//3100 4834//3100 4842//3100 4717//3100
f 4711//3089 4839//3089 4845//3089 4731//3089
f 4705//3091 4838//3091 4844//3091 4725//3091
f 4670//3091 4827//3091 4836//3091 4700//3091
f 4662//3089 4825//3089 4835//3089 4697//3089
f 4675//3092 4828//3092 4834//3092 4693//3092
f 4663//3092 4826//3092 4833//3092 4696//3092
f 4824//3106 4644//3106 4690//3106 4939//3106 4941//3106
f 4648//3106 4824//3106 4941//3106 4940//3106 4692//3106
f 4752//3092 4751//3092 4892//3092 4891//3092 4893//3092 4895//3092
f 4643//3106 4820//3106 4935//3106 4934//3106 4684//3106
f 4754//3090 4753//3090 4874//3090 4873//3090 4875//3090 4877//3090
f 4646//3097 4822//3097 4838//3097 4705//3097
f 4637//3093 4669//3093 4827//3093 4821//3093
f 4696//3098 4833//3098 4841//3098 4720//3098
f 4641//3091 4640//3091 4822//3091 4823//3091
f 4662//3093 4639//3093 4818//3093 4825//3093
f 4639//3091 4644//3091 4824//3091 4818//3091
f 4651//3089 4649//3089 4817//3089 4819//3089
f 4820//3106 4652//3106 4683//3106 4933//3106 4935//3106
f 4645//3089 4652//3089 4820//3089 4821//3089
f 4855//3090 4851//3090 4852//3090 4854//3090
f 4856//3107 4850//3107 4851//3107 4855//3107
f 4854//3108 4852//3108 4850//3108 4856//3108
f 4849//3089 4832//3089 4831//3089
f 4858//3090 4832//3090 4849//3090 4857//3090
f 4859//3107 4831//3107 4832//3107 4858//3107
f 4857//3108 4849//3108 4831//3108 4859//3108
f 4830//3091 4829//3091 4816//3091
f 4861//3090 4829//3090 4830//3090 4860//3090
f 4862//3108 4816//3108 4829//3108 4861//3108
f 4860//3107 4830//3107 4816//3107 4862//3107
f 4815//3091 4814//3091 4813//3091
f 4864//3090 4814//3090 4815//3090 4863//3090
f 4865//3108 4813//3108 4814//3108 4864//3108
f 4863//3107 4815//3107 4813//3107 4865//3107
f 4796//3092 4795//3092 4794//3092
f 4867//3091 4795//3091 4796//3091 4866//3091
f 4868//3109 4794//3109 4795//3109 4867//3109
f 4866//3110 4796//3110 4794//3110 4868//3110
f 4793//3092 4780//3092 4779//3092
f 4870//3091 4780//3091 4793//3091 4869//3091
f 4871//3109 4779//3109 4780//3109 4870//3109
f 4869//3110 4793//3110 4779//3110 4871//3110
f 4778//3090 4777//3090 4776//3090
f 4873//3091 4777//3091 4778//3091 4872//3091
f 4874//3110 4776//3110 4777//3110 4873//3110
f 4872//3109 4778//3109 4776//3109 4874//3109
f 4775//3090 4774//3090 4773//3090
f 4876//3091 4774//3091 4775//3091 4875//3091
f 4877//3110 4773//3110 4774//3110 4876//3110
f 4875//3109 4775//3109 4773//3109 4877//3109
f 4772//3089 4771//3089 4770//3089
f 4879//3092 4771//3092 4772//3092 4878//3092
f 4880//3111 4770//3111 4771//3111 4879//3111
f 4878//3112 4772//3112 4770//3112 4880//3112
f 4769//3089 4768//3089 4767//3089
f 4882//3092 4768//3092 4769//3092 4881//3092
f 4883//3111 4767//3111 4768//3111 4882//3111
f 4881//3112 4769//3112 4767//3112 4883//3112
f 4766//3091 4765//3091 4958//3091
f 4885//3092 4765//3092 4766//3092 4884//3092
f 4886//3112 4958//3112 4765//3112 4885//3112
f 4884//3111 4766//3111 4958//3111 4886//3111
f 4959//3091 4960//3091 4961//3091
f 4888//3092 4960//3092 4959//3092 4887//3092
f 4889//3112 4961//3112 4960//3112 4888//3112
f 4887//3111 4959//3111 4961//3111 4889//3111
f 4962//3092 4963//3092 4964//3092
f 4891//3089 4963//3089 4962//3089 4890//3089
f 4892//3113 4964//3113 4963//3113 4891//3113
f 4890//3114 4962//3114 4964//3114 4892//3114
f 4965//3092 4966//3092 4967//3092
f 4894//3089 4966//3089 4965//3089 4893//3089
f 4895//3113 4967//3113 4966//3113 4894//3113
f 4893//3114 4965//3114 4967//3114 4895//3114
f 4968//3090 4969//3090 4970//3090
f 4897//3089 4969//3089 4968//3089 4896//3089
f 4898//3114 4970//3114 4969//3114 4897//3114
f 4896//3113 4968//3113 4970//3113 4898//3113
f 4971//3090 4972//3090 4973//3090
f 4900//3089 4972//3089 4971//3089 4899//3089
f 4901//3114 4973//3114 4972//3114 4900//3114
f 4899//3113 4971//3113 4973//3113 4901//3113
f 4974//3093 4975//3093 4976//3093
f 4903//3090 4975//3090 4974//3090 4902//3090
f 4904//3115 4976//3115 4975//3115 4903//3115
f 4902//3116 4974//3116 4976//3116 4904//3116
f 4977//3106 4978//3106 4979//3106
f 4906//3090 4978//3090 4977//3090 4905//3090
f 4907//3116 4979//3116 4978//3116 4906//3116
f 4905//3117 4977//3117 4979//3117 4907//3117
f 4980//3093 4981//3093 4982//3093
f 4909//3092 4981//3092 4980//3092 4908//3092
f 4910//3118 4982//3118 4981//3118 4909//3118
f 4908//3119 4980//3119 4982//3119 4910//3119
f 4983//3106 4984//3106 4985//3106
f 4912//3092 4984//3092 4983//3092 4911//3092
f 4913//3120 4985//3120 4984//3120 4912//3120
f 4911//3121 4983//3121 4985//3121 4913//3121
f 4986//3090 4987//3090 4988//3090 4989//3090
f 4915//3093 4987//3093 4986//3093 4914//3093
f 4916//3089 4988//3089 4987//3089 4915//3089
f 4917//3106 4989//3106 4988//3106 4916//3106
f 4914//3091 4986//3091 4989//3091 4917//3091
f 4990//3090 4991//3090 4992//3090 4993//3090
f 4919//3091 4991//3091 4990//3091 4918//3091
f 4920//3093 4992//3093 4991//3093 4919//3093
f 4921//3089 4993//3089 4992//3089 4920//3089
f 4918//3106 4990//3106 4993//3106 4921//3106
f 4994//3092 4995//3092 4996//3092 4997//3092
f 4923//3093 4995//3093 4994//3093 4922//3093
f 4924//3091 4996//3091 4995//3091 4923//3091
f 4925//3106 4997//3106 4996//3106 4924//3106
f 4922//3089 4994//3089 4997//3089 4925//3089
f 4998//3092 4999//3092 5000//3092 5001//3092
f 4927//3089 4999//3089 4998//3089 4926//3089
f 4928//3093 5000//3093 4999//3093 4927//3093
f 4929//3091 5001//3091 5000//3091 4928//3091
f 4926//3106 4998//3106 5001//3106 4929//3106
f 5002//3093 5003//3093 5004//3093
f 4931//3091 5003//3091 5002//3091 4930//3091
f 4932//3122 5004//3122 5003//3122 4931//3122
f 4930//3118 5002//3118 5004//3118 4932//3118
f 5005//3106 5006//3106 5007//3106
f 4934//3091 5006//3091 5005//3091 4933//3091
f 4935//3121 5007//3121 5006//3121 4934//3121
f 4933//3116 5005//3116 5007//3116 4935//3116
f 5008//3093 5009//3093 5010//3093
f 4937//3089 5009//3089 5008//3089 4936//3089
f 4938//3119 5010//3119 5009//3119 4937//3119
f 4936//3115 5008//3115 5010//3115 4938//3115
f 5011//3106 5012//3106 5013//3106
f 4940//3089 5012//3089 5011//3089 4939//3089
f 4941//3115 5013//3115 5012//3115 4940//3115
f 4939//3119 5011//3119 5013//3119 4941//3119
f 5014//3091 5015//3091 5016//3091 5017//3091
f 4943//3093 5015//3093 5014//3093 4942//3093
f 4944//3090 5016//3090 5015//3090 4943//3090
f 4945//3106 5017//3106 5016//3106 4944//3106
f 4942//3092 5014//3092 5017//3092 4945//3092
f 5018//3091 5019//3091 5020//3091 5021//3091
f 4947//3092 5019//3092 5018//3092 4946//3092
f 4948//3093 5020//3093 5019//3093 4947//3093
f 4949//3090 5021//3090 5020//3090 4948//3090
f 4946//3106 5018//3106 5021//3106 4949//3106
f 5022//3089 5023//3089 5024//3089 5025//3089
f 4951//3093 5023//3093 5022//3093 4950//3093
f 4952//3092 5024//3092 5023//3092 4951//3092
f 4953//3106 5025//3106 5024//3106 4952//3106
f 4950//3090 5022//3090 5025//3090 4953//3090
f 5026//3089 5027//3089 5028//3089 5029//3089
f 4955//3090 5027//3090 5026//3090 4954//3090
f 4956//3093 5028//3093 5027//3093 4955//3093
f 4957//3092 5029//3092 5028//3092 4956//3092
f 4954//3106 5026//3106 5029//3106 4957//3106
f 5030//3091 5031//3091 5032//3091 5033//3091
f 4900//3106 5031//3106 5030//3106 4945//3106
f 4899//3092 5032//3092 5031//3092 4900//3092
f 4942//3093 5033//3093 5032//3093 4899//3093
f 4945//3090 5030//3090 5033//3090 4942//3090
f 5034//3091 5035//3091 5036//3091 5037//3091
f 4897//3106 5035//3106 5034//3106 4946//3106
f 4896//3092 5036//3092 5035//3092 4897//3092
f 4947//3093 5037//3093 5036//3093 4896//3093
f 4946//3090 5034//3090 5037//3090 4947//3090
f 5038//3090 5039//3090 5040//3090 5041//3090
f 4882//3106 5039//3106 5038//3106 4917//3106
f 4881//3091 5040//3091 5039//3091 4882//3091
f 4914//3093 5041//3093 5040//3093 4881//3093
f 4917//3089 5038//3089 5041//3089 4914//3089
f 5042//3090 5043//3090 5044//3090 5045//3090
f 4879//3106 5043//3106 5042//3106 4918//3106
f 4878//3091 5044//3091 5043//3091 4879//3091
f 4919//3093 5045//3093 5044//3093 4878//3093
f 4918//3089 5042//3089 5045//3089 4919//3089
f 5046//3089 5047//3089 5048//3089 5049//3089
f 4870//3106 5047//3106 5046//3106 4953//3106
f 4869//3090 5048//3090 5047//3090 4870//3090
f 4950//3093 5049//3093 5048//3093 4869//3093
f 4953//3092 5046//3092 5049//3092 4950//3092
f 5050//3089 5051//3089 5052//3089 5053//3089
f 4867//3106 5051//3106 5050//3106 4954//3106
f 4866//3090 5052//3090 5051//3090 4867//3090
f 4955//3093 5053//3093 5052//3093 4866//3093
f 4954//3092 5050//3092 5053//3092 4955//3092
f 5054//3092 5055//3092 5056//3092 5057//3092
f 4864//3106 5055//3106 5054//3106 4925//3106
f 4863//3089 5056//3089 5055//3089 4864//3089
f 4922//3093 5057//3093 5056//3093 4863//3093
f 4925//3091 5054//3091 5057//3091 4922//3091
f 5058//3092 5059//3092 5060//3092 5061//3092
f 4861//3106 5059//3106 5058//3106 4926//3106
f 4860//3089 5060//3089 5059//3089 4861//3089
f 4927//3093 5061//3093 5060//3093 4860//3093
f 4926//3091 5058//3091 5061//3091 4927//3091
f 5062//3090 5063//3090 5064//3090 5065//3090
f 4916//3106 5063//3106 5062//3106 4887//3106
f 4915//3091 5064//3091 5063//3091 4916//3091
f 4888//3093 5065//3093 5064//3093 4915//3093
f 4887//3089 5062//3089 5065//3089 4888//3089
f 5066//3090 5067//3090 5068//3090 5069//3090
f 4921//3106 5067//3106 5066//3106 4884//3106
f 4920//3091 5068//3091 5067//3091 4921//3091
f 4885//3093 5069//3093 5068//3093 4920//3093
f 4884//3089 5066//3089 5069//3089 4885//3089
f 5070//3092 5071//3092 5072//3092 5073//3092
f 4924//3106 5071//3106 5070//3106 4857//3106
f 4923//3089 5072//3089 5071//3089 4924//3089
f 4858//3093 5073//3093 5072//3093 4923//3093
f 4857//3091 5070//3091 5073//3091 4858//3091
f 5074//3092 5075//3092 5076//3092 5077//3092
f 4929//3106 5075//3106 5074//3106 4854//3106
f 4928//3089 5076//3089 5075//3089 4929//3089
f 4855//3093 5077//3093 5076//3093 4928//3093
f 4854//3091 5074//3091 5077//3091 4855//3091
f 5078//3092 5079//3092 5080//3092 5081//3092
f 4925//3089 5079//3089 5078//3089 4927//3089
f 4924//3093 5080//3093 5079//3093 4925//3093
f 4928//3091 5081//3091 5080//3091 4924//3091
f 4927//3106 5078//3106 5081//3106 4928//3106
f 5082//3092 5083//3092 5084//3092 5085//3092
f 4906//3089 5083//3089 5082//3089 4922//3089
f 4905//3093 5084//3093 5083//3093 4906//3093
f 4923//3091 5085//3091 5084//3091 4905//3091
f 4922//3106 5082//3106 5085//3106 4923//3106
f 5086//3090 5087//3090 5088//3090 5089//3090
f 4917//3091 5087//3091 5086//3091 4919//3091
f 4916//3093 5088//3093 5087//3093 4917//3093
f 4920//3089 5089//3089 5088//3089 4916//3089
f 4919//3106 5086//3106 5089//3106 4920//3106
f 5090//3090 5091//3090 5092//3090 5093//3090
f 4912//3091 5091//3091 5090//3091 4914//3091
f 4911//3093 5092//3093 5091//3093 4912//3093
f 4915//3089 5093//3089 5092//3089 4911//3089
f 4914//3106 5090//3106 5093//3106 4915//3106
f 5094//3090 5095//3090 5096//3090 5097//3090
f 4918//3091 5095//3091 5094//3091 4908//3091
f 4921//3093 5096//3093 5095//3093 4918//3093
f 4909//3089 5097//3089 5096//3089 4921//3089
f 4908//3106 5094//3106 5097//3106 4909//3106
f 5098//3092 5099//3092 5100//3092 5101//3092
f 4926//3089 5099//3089 5098//3089 4902//3089
f 4929//3093 5100//3093 5099//3093 4926//3093
f 4903//3091 5101//3091 5100//3091 4929//3091
f 4902//3106 5098//3106 5101//3106 4903//3106
f 5102//3091 5103//3091 5104//3091 5105//3091
f 4944//3106 5103//3106 5102//3106 4893//3106
f 4943//3092 5104//3092 5103//3092 4944//3092
f 4894//3093 5105//3093 5104//3093 4943//3093
f 4893//3090 5102//3090 5105//3090 4894//3090
f 5106//3091 5107//3091 5108//3091 5109//3091
f 4949//3106 5107//3106 5106//3106 4890//3106
f 4948//3092 5108//3092 5107//3092 4949//3092
f 4891//3093 5109//3093 5108//3093 4948//3093
f 4890//3090 5106//3090 5109//3090 4891//3090
f 5110//3089 5111//3089 5112//3089 5113//3089
f 4952//3106 5111//3106 5110//3106 4875//3106
f 4951//3090 5112//3090 5111//3090 4952//3090
f 4876//3093 5113//3093 5112//3093 4951//3093
f 4875//3092 5110//3092 5113//3092 4876//3092
f 5114//3089 5115//3089 5116//3089 5117//3089
f 4957//3106 5115//3106 5114//3106 4872//3106
f 4956//3090 5116//3090 5115//3090 4957//3090
f 4873//3093 5117//3093 5116//3093 4956//3093
f 4872//3092 5114//3092 5117//3092 4873//3092
f 5118//3089 5119//3089 5120//3089 5121//3089
f 4953//3090 5119//3090 5118//3090 4955//3090
f 4952//3093 5120//3093 5119//3093 4953//3093
f 4956//3092 5121//3092 5120//3092 4952//3092
f 4955//3106 5118//3106 5121//3106 4956//3106
f 5122//3089 5123//3089 5124//3089 5125//3089
f 4934//3090 5123//3090 5122//3090 4950//3090
f 4933//3093 5124//3093 5123//3093 4934//3093
f 4951//3092 5125//3092 5124//3092 4933//3092
f 4950//3106 5122//3106 5125//3106 4951//3106
f 5126//3091 5127//3091 5128//3091 5129//3091
f 4945//3092 5127//3092 5126//3092 4947//3092
f 4944//3093 5128//3093 5127//3093 4945//3093
f 4948//3090 5129//3090 5128//3090 4944//3090
f 4947//3106 5126//3106 5129//3106 4948//3106
f 5130//3091 5131//3091 5132//3091 5133//3091
f 4940//3092 5131//3092 5130//3092 4942//3092
f 4939//3093 5132//3093 5131//3093 4940//3093
f 4943//3090 5133//3090 5132//3090 4939//3090
f 4942//3106 5130//3106 5133//3106 4943//3106
f 5134//3091 5135//3091 5136//3091 5137//3091
f 4946//3092 5135//3092 5134//3092 4936//3092
f 4949//3093 5136//3093 5135//3093 4946//3093
f 4937//3090 5137//3090 5136//3090 4949//3090
f 4936//3106 5134//3106 5137//3106 4937//3106
f 5138//3089 5139//3089 5140//3089 5141//3089
f 4954//3090 5139//3090 5138//3090 4930//3090
f 4957//3093 5140//3093 5139//3093 4954//3093
f 4931//3092 5141//3092 5140//3092 4957//3092
f 4930//3106 5138//3106 5141//3106 4931//3106
f 4811//3106 4738//3106 5143//3106 5142//3106
f 4740//3106 4812//3106 5144//3106 5145//3106
f 4847//3106 4740//3106 5145//3106 5146//3106
f 4739//3106 4848//3106 5147//3106 5148//3106
f 4737//3106 4811//3106 5142//3106 5149//3106
f 4812//3106 4739//3106 5148//3106 5144//3106
f 4738//3106 4847//3106 5146//3106 5143//3106
f 4848//3106 4737//3106 5149//3106 5147//3106
f 5150//3106 5154//3106 5157//3106 5151//3106
f 5153//3106 5150//3106 5151//3106 5156//3106
f 5155//3106 5152//3106 5150//3106 5153//3106
f 5152//3106 5158//3106 5154//3106 5150//3106
f 4848//3089 4739//3089 5157//3089 5154//3089
f 4812//3092 4740//3092 5156//3092 5151//3092
f 4847//3091 4738//3091 5155//3091 5153//3091
f 4811//3090 4737//3090 5158//3090 5152//3090
usemtl white
f 4884//3090 4685//3090 4909//3090 4921//3090
f 4906//3092 4922//3092 4863//3092 4680//3092
f 4857//3092 4855//3092 4928//3092 4924//3092
f 4934//3089 4950//3089 4869//3089 4684//3089
f 4875//3089 4873//3089 4956//3089 4952//3089
f 4872//3089 4681//3089 4931//3089 4957//3089
f 4887//3090 4885//3090 4920//3090 4916//3090
f 4893//3091 4891//3091 4948//3091 4944//3091
f 4853//3093 4835//3093 4698//3093 4800//3093
f 4946//3091 4936//3091 4691//3091 4897//3091
f 4890//3091 4689//3091 4937//3091 4949//3091
f 4918//3090 4908//3090 4686//3090 4879//3090
f 4953//3089 4955//3089 4866//3089 4870//3089
f 4954//3089 4930//3089 4682//3089 4867//3089
f 4925//3092 4927//3092 4860//3092 4864//3092
f 4926//3092 4902//3092 4679//3092 4861//3092
f 4917//3090 4919//3090 4878//3090 4882//3090
f 4912//3090 4914//3090 4881//3090 4688//3090
f 4945//3091 4947//3091 4896//3091 4900//3091
f 4940//3091 4942//3091 4899//3091 4692//3091
f 4678//3092 4858//3092 4923//3092 4905//3092
f 4687//3090 4888//3090 4915//3090 4911//3090
f 4836//3093 4853//3093 4800//3093 4700//3093
f 4699//3093 4799//3093 4853//3093 4836//3093
f 4683//3089 4876//3089 4951//3089 4933//3089
f 4690//3091 4894//3091 4943//3091 4939//3091
f 4799//3093 4697//3093 4835//3093 4853//3093
f 4854//3092 4677//3092 4903//3092 4929//3092
o Plane.011
v -0.245842 1.195063 -3.645204
v 0.638068 1.195063 -3.645204
v -0.245842 3.291585 -3.645204
v 0.638068 3.291585 -3.645204
v -0.212063 3.211466 -3.620635
v -0.212063 1.275182 -3.620636
v 0.604289 1.275182 -3.620636
v 0.604289 3.211466 -3.620635
v -0.245842 3.291585 -3.620635
v -0.245842 1.195063 -3.620636
v 0.638068 1.195063 -3.620636
v 0.638068 3.291585 -3.620635
vt 0.000000 0.000000
vt 1.000000 0.000000
vt 1.000000 1.000000
vt 0.000000 1.000000
vt 1.000000 0.000000
vt 1.000000 1.000000
vt 0.000000 1.000000
vt 0.000000 0.000000
vt 1.000000 0.000000
vt 1.000000 1.000000
vt 0.000000 1.000000
vt 0.000000 0.000000
vt 1.000000 0.000000
vt 1.000000 1.000000
vt 0.000000 1.000000
vt 0.000000 0.000000
vt 1.000000 1.000000
vt 0.000000 1.000000
vt 0.000000 0.000000
vt 1.000000 0.000000
vt 0.000000 0.000000
vt 1.000000 0.000000
vt 0.000000 0.000000
vt 1.000000 0.000000
vt 0.000000 0.000000
vt 1.000000 0.000000
vt 0.082275 0.035798
vt 0.879627 0.035420
vt 0.917725 0.989601
vt 0.120373 0.989979
vn 0.0000 0.0000 -1.0000
vn 0.0000 -1.0000 0.0000
vn 1.0000 -0.0000 0.0000
vn -1.0000 -0.0000 0.0000
vn 0.0000 1.0000 0.0000
vn 0.0000 -0.0000 1.0000
usemtl blue_green
s off
f 5159/1/3123 5161/2/3123 5162/3/3123 5160/4/3123
f 5159/1/3124 5160/5/3124 5169/6/3124 5168/7/3124
f 5160/8/3125 5162/9/3125 5170/10/3125 5169/11/3125
f 5161/12/3126 5159/13/3126 5168/14/3126 5167/15/3126
f 5162/16/3127 5161/2/3127 5167/17/3127 5170/18/3127
f 5164/19/3128 5163/20/3128 5167/17/3128 5168/7/3128
f 5165/21/3128 5164/22/3128 5168/14/3128 5169/11/3128
f 5166/23/3128 5165/24/3128 5169/6/3128 5170/18/3128
f 5163/25/3128 5166/26/3128 5170/10/3128 5167/15/3128
usemtl texture
f 5164/27/3128 5165/28/3128 5166/29/3128 5163/30/3128
o Cylinder.007_Cylinder.008
v -0.319669 1.193703 -3.673961
v 0.723457 1.193703 -3.673961
v -0.319669 1.185715 -3.673174
v 0.723457 1.185715 -3.673174
v -0.319669 1.178034 -3.670844
v 0.723457 1.178034 -3.670844
v -0.319669 1.170955 -3.667061
v 0.723457 1.170955 -3.667061
v -0.319669 1.164750 -3.661968
v 0.723457 1.164750 -3.661968
v -0.319669 1.159658 -3.655764
v 0.723457 1.159658 -3.655764
v -0.319669 1.155875 -3.648685
v 0.723457 1.155875 -3.648685
v -0.319669 1.153545 -3.641004
v 0.723457 1.153545 -3.641004
v -0.319669 1.152758 -3.633016
v 0.723457 1.152758 -3.633016
v -0.319669 1.153545 -3.625028
v 0.723457 1.153545 -3.625028
v -0.319669 1.155875 -3.617347
v 0.723457 1.155875 -3.617347
v -0.319669 1.159658 -3.610268
v 0.723457 1.159658 -3.610268
v -0.319669 1.164750 -3.604064
v 0.723457 1.164750 -3.604064
v -0.319669 1.170955 -3.598972
v 0.723457 1.170955 -3.598972
v -0.319669 1.178034 -3.595188
v 0.723457 1.178034 -3.595188
v -0.319669 1.185715 -3.592858
v 0.723457 1.185715 -3.592858
v -0.319669 1.193703 -3.592071
v 0.723457 1.193703 -3.592071
v -0.319669 1.201691 -3.592858
v 0.723457 1.201691 -3.592858
v -0.319669 1.209372 -3.595188
v 0.723457 1.209372 -3.595188
v -0.319669 1.216451 -3.598972
v 0.723457 1.216451 -3.598972
v -0.319669 1.222655 -3.604064
v 0.723457 1.222655 -3.604064
v -0.319669 1.227747 -3.610268
v 0.723457 1.227747 -3.610268
v -0.319669 1.231531 -3.617347
v 0.723457 1.231531 -3.617347
v -0.319669 1.233861 -3.625028
v 0.723457 1.233861 -3.625028
v -0.319669 1.234648 -3.633016
v 0.723457 1.234648 -3.633016
v -0.319669 1.233861 -3.641004
v 0.723457 1.233861 -3.641004
v -0.319669 1.231531 -3.648685
v 0.723457 1.231531 -3.648685
v -0.319669 1.227747 -3.655764
v 0.723457 1.227747 -3.655764
v -0.319669 1.222655 -3.661969
v 0.723457 1.222655 -3.661969
v -0.319669 1.216451 -3.667061
v 0.723457 1.216451 -3.667061
v -0.319669 1.209372 -3.670844
v 0.723457 1.209372 -3.670844
v -0.319669 1.201691 -3.673174
v 0.723457 1.201691 -3.673174
vn 0.0000 -0.0980 -0.9952
vn 0.0000 -0.2903 -0.9569
vn 0.0000 -0.4714 -0.8819
vn 0.0000 -0.6344 -0.7730
vn 0.0000 -0.7730 -0.6344
vn 0.0000 -0.8819 -0.4714
vn 0.0000 -0.9569 -0.2903
vn 0.0000 -0.9952 -0.0980
vn 0.0000 -0.9952 0.0980
vn 0.0000 -0.9569 0.2903
vn 0.0000 -0.8819 0.4714
vn 0.0000 -0.7730 0.6344
vn -0.0000 -0.6344 0.7730
vn -0.0000 -0.4714 0.8819
vn 0.0000 -0.2903 0.9569
vn 0.0000 -0.0980 0.9952
vn 0.0000 0.0980 0.9952
vn 0.0000 0.2903 0.9569
vn 0.0000 0.4714 0.8819
vn 0.0000 0.6344 0.7730
vn 0.0000 0.7730 0.6344
vn -0.0000 0.8819 0.4714
vn -0.0000 0.9569 0.2903
vn -0.0000 0.9952 0.0980
vn -0.0000 0.9952 -0.0980
vn -0.0000 0.9569 -0.2903
vn -0.0000 0.8819 -0.4714
vn -0.0000 0.7730 -0.6344
vn 0.0000 0.6344 -0.7730
vn 0.0000 0.4714 -0.8819
vn 1.0000 -0.0000 0.0000
vn -0.0000 0.2903 -0.9569
vn 0.0000 0.0980 -0.9952
vn -1.0000 -0.0000 0.0000
usemtl GREY
s off
f 5171//3129 5172//3129 5174//3129 5173//3129
f 5173//3130 5174//3130 5176//3130 5175//3130
f 5175//3131 5176//3131 5178//3131 5177//3131
f 5177//3132 5178//3132 5180//3132 5179//3132
f 5179//3133 5180//3133 5182//3133 5181//3133
f 5181//3134 5182//3134 5184//3134 5183//3134
f 5183//3135 5184//3135 5186//3135 5185//3135
f 5185//3136 5186//3136 5188//3136 5187//3136
f 5187//3137 5188//3137 5190//3137 5189//3137
f 5189//3138 5190//3138 5192//3138 5191//3138
f 5191//3139 5192//3139 5194//3139 5193//3139
f 5193//3140 5194//3140 5196//3140 5195//3140
f 5195//3141 5196//3141 5198//3141 5197//3141
f 5197//3142 5198//3142 5200//3142 5199//3142
f 5199//3143 5200//3143 5202//3143 5201//3143
f 5201//3144 5202//3144 5204//3144 5203//3144
f 5203//3145 5204//3145 5206//3145 5205//3145
f 5205//3146 5206//3146 5208//3146 5207//3146
f 5207//3147 5208//3147 5210//3147 5209//3147
f 5209//3148 5210//3148 5212//3148 5211//3148
f 5211//3149 5212//3149 5214//3149 5213//3149
f 5213//3150 5214//3150 5216//3150 5215//3150
f 5215//3151 5216//3151 5218//3151 5217//3151
f 5217//3152 5218//3152 5220//3152 5219//3152
f 5219//3153 5220//3153 5222//3153 5221//3153
f 5221//3154 5222//3154 5224//3154 5223//3154
f 5223//3155 5224//3155 5226//3155 5225//3155
f 5225//3156 5226//3156 5228//3156 5227//3156
f 5227//3157 5228//3157 5230//3157 5229//3157
f 5229//3158 5230//3158 5232//3158 5231//3158
f 5174//3159 5172//3159 5234//3159 5232//3159 5230//3159 5228//3159 5226//3159 5224//3159 5222//3159 5220//3159 5218//3159 5216//3159 5214//3159 5212//3159 5210//3159 5208//3159 5206//3159 5204//3159 5202//3159 5200//3159 5198//3159 5196//3159 5194//3159 5192//3159 5190//3159 5188//3159 5186//3159 5184//3159 5182//3159 5180//3159 5178//3159 5176//3159
f 5231//3160 5232//3160 5234//3160 5233//3160
f 5233//3161 5234//3161 5172//3161 5171//3161
f 5171//3162 5173//3162 5175//3162 5177//3162 5179//3162 5181//3162 5183//3162 5185//3162 5187//3162 5189//3162 5191//3162 5193//3162 5195//3162 5197//3162 5199//3162 5201//3162 5203//3162 5205//3162 5207//3162 5209//3162 5211//3162 5213//3162 5215//3162 5217//3162 5219//3162 5221//3162 5223//3162 5225//3162 5227//3162 5229//3162 5231//3162 5233//3162
o Cylinder.006
v -0.319669 3.308586 -3.673961
v 0.723457 3.308586 -3.673961
v -0.319669 3.300598 -3.673174
v 0.723457 3.300598 -3.673174
v -0.319669 3.292917 -3.670844
v 0.723457 3.292917 -3.670844
v -0.319669 3.285838 -3.667061
v 0.723457 3.285838 -3.667061
v -0.319669 3.279634 -3.661968
v 0.723457 3.279634 -3.661968
v -0.319669 3.274542 -3.655764
v 0.723457 3.274542 -3.655764
v -0.319669 3.270758 -3.648685
v 0.723457 3.270758 -3.648685
v -0.319669 3.268428 -3.641004
v 0.723457 3.268428 -3.641004
v -0.319669 3.267641 -3.633016
v 0.723457 3.267641 -3.633016
v -0.319669 3.268428 -3.625028
v 0.723457 3.268428 -3.625028
v -0.319669 3.270758 -3.617347
v 0.723457 3.270758 -3.617347
v -0.319669 3.274542 -3.610268
v 0.723457 3.274542 -3.610268
v -0.319669 3.279634 -3.604064
v 0.723457 3.279634 -3.604064
v -0.319669 3.285838 -3.598972
v 0.723457 3.285838 -3.598972
v -0.319669 3.292917 -3.595188
v 0.723457 3.292917 -3.595188
v -0.319669 3.300598 -3.592858
v 0.723457 3.300598 -3.592858
v -0.319669 3.308586 -3.592071
v 0.723457 3.308586 -3.592071
v -0.319669 3.316574 -3.592858
v 0.723457 3.316574 -3.592858
v -0.319669 3.324255 -3.595188
v 0.723457 3.324255 -3.595188
v -0.319669 3.331334 -3.598972
v 0.723457 3.331334 -3.598972
v -0.319669 3.337538 -3.604064
v 0.723457 3.337539 -3.604064
v -0.319669 3.342631 -3.610268
v 0.723457 3.342631 -3.610268
v -0.319669 3.346414 -3.617347
v 0.723457 3.346414 -3.617347
v -0.319669 3.348744 -3.625028
v 0.723457 3.348744 -3.625028
v -0.319669 3.349531 -3.633016
v 0.723457 3.349531 -3.633016
v -0.319669 3.348744 -3.641004
v 0.723457 3.348744 -3.641004
v -0.319669 3.346414 -3.648685
v 0.723457 3.346414 -3.648685
v -0.319669 3.342631 -3.655764
v 0.723457 3.342631 -3.655764
v -0.319669 3.337538 -3.661969
v 0.723457 3.337538 -3.661969
v -0.319669 3.331334 -3.667061
v 0.723457 3.331334 -3.667061
v -0.319669 3.324255 -3.670844
v 0.723457 3.324255 -3.670844
v -0.319669 3.316574 -3.673174
v 0.723457 3.316574 -3.673174
vn 0.0000 -0.0980 -0.9952
vn 0.0000 -0.2903 -0.9569
vn 0.0000 -0.4714 -0.8819
vn 0.0000 -0.6344 -0.7730
vn 0.0000 -0.7730 -0.6344
vn 0.0000 -0.8819 -0.4714
vn 0.0000 -0.9569 -0.2903
vn 0.0000 -0.9952 -0.0980
vn 0.0000 -0.9952 0.0980
vn 0.0000 -0.9569 0.2903
vn 0.0000 -0.8819 0.4714
vn 0.0000 -0.7730 0.6344
vn 0.0000 -0.6344 0.7730
vn 0.0000 -0.4714 0.8819
vn 0.0000 -0.2903 0.9569
vn 0.0000 -0.0980 0.9952
vn 0.0000 0.0980 0.9952
vn -0.0000 0.2903 0.9569
vn -0.0000 0.4714 0.8819
vn -0.0000 0.6344 0.7730
vn -0.0000 0.7730 0.6344
vn 0.0000 0.8819 0.4714
vn 0.0000 0.9569 0.2903
vn 0.0000 0.9952 0.0980
vn 0.0000 0.9952 -0.0980
vn 0.0000 0.9569 -0.2903
vn 0.0000 0.8819 -0.4714
vn 0.0000 0.7730 -0.6344
vn 0.0000 0.6344 -0.7730
vn 0.0000 0.4714 -0.8819
vn 1.0000 -0.0000 0.0000
vn 0.0000 0.2903 -0.9569
vn 0.0000 0.0980 -0.9952
vn -1.0000 -0.0000 0.0000
usemtl GREY
s off
f 5235//3163 5236//3163 5238//3163 5237//3163
f 5237//3164 5238//3164 5240//3164 5239//3164
f 5239//3165 5240//3165 5242//3165 5241//3165
f 5241//3166 5242//3166 5244//3166 5243//3166
f 5243//3167 5244//3167 5246//3167 5245//3167
f 5245//3168 5246//3168 5248//3168 5247//3168
f 5247//3169 5248//3169 5250//3169 5249//3169
f 5249//3170 5250//3170 5252//3170 5251//3170
f 5251//3171 5252//3171 5254//3171 5253//3171
f 5253//3172 5254//3172 5256//3172 5255//3172
f 5255//3173 5256//3173 5258//3173 5257//3173
f 5257//3174 5258//3174 5260//3174 5259//3174
f 5259//3175 5260//3175 5262//3175 5261//3175
f 5261//3176 5262//3176 5264//3176 5263//3176
f 5263//3177 5264//3177 5266//3177 5265//3177
f 5265//3178 5266//3178 5268//3178 5267//3178
f 5267//3179 5268//3179 5270//3179 5269//3179
f 5269//3180 5270//3180 5272//3180 5271//3180
f 5271//3181 5272//3181 5274//3181 5273//3181
f 5273//3182 5274//3182 5276//3182 5275//3182
f 5275//3183 5276//3183 5278//3183 5277//3183
f 5277//3184 5278//3184 5280//3184 5279//3184
f 5279//3185 5280//3185 5282//3185 5281//3185
f 5281//3186 5282//3186 5284//3186 5283//3186
f 5283//3187 5284//3187 5286//3187 5285//3187
f 5285//3188 5286//3188 5288//3188 5287//3188
f 5287//3189 5288//3189 5290//3189 5289//3189
f 5289//3190 5290//3190 5292//3190 5291//3190
f 5291//3191 5292//3191 5294//3191 5293//3191
f 5293//3192 5294//3192 5296//3192 5295//3192
f 5238//3193 5236//3193 5298//3193 5296//3193 5294//3193 5292//3193 5290//3193 5288//3193 5286//3193 5284//3193 5282//3193 5280//3193 5278//3193 5276//3193 5274//3193 5272//3193 5270//3193 5268//3193 5266//3193 5264//3193 5262//3193 5260//3193 5258//3193 5256//3193 5254//3193 5252//3193 5250//3193 5248//3193 5246//3193 5244//3193 5242//3193 5240//3193
f 5295//3194 5296//3194 5298//3194 5297//3194
f 5297//3195 5298//3195 5236//3195 5235//3195
f 5235//3196 5237//3196 5239//3196 5241//3196 5243//3196 5245//3196 5247//3196 5249//3196 5251//3196 5253//3196 5255//3196 5257//3196 5259//3196 5261//3196 5263//3196 5265//3196 5267//3196 5269//3196 5271//3196 5273//3196 5275//3196 5277//3196 5279//3196 5281//3196 5283//3196 5285//3196 5287//3196 5289//3196 5291//3196 5293//3196 5295//3196 5297//3196
o Cube.002_Cube.004
v 1.975264 0.842691 -3.158318
v 1.975264 1.343569 -3.158318
v 1.975264 0.842691 -3.474288
v 1.975264 1.343569 -3.474288
v 2.291235 0.842691 -3.158318
v 2.291235 1.343569 -3.158318
v 2.291235 0.842691 -3.474288
v 2.291235 1.343569 -3.474288
v 2.002965 0.842691 -3.474288
v 2.002965 1.343569 -3.474288
v 2.002965 0.842691 -3.158318
v 2.002965 1.343569 -3.158318
v 2.270298 1.343569 -3.474288
v 2.270298 0.842691 -3.158318
v 2.270298 0.842691 -3.474288
v 2.270298 1.343569 -3.158318
v 1.975264 0.842691 -3.447582
v 1.975264 1.343569 -3.447582
v 2.291235 0.842691 -3.447582
v 2.291235 1.343569 -3.447582
v 2.002965 1.343569 -3.447582
v 2.002965 0.842691 -3.447582
v 2.270298 1.343569 -3.447582
v 2.270298 0.842691 -3.447582
v 1.975264 0.842691 -3.180916
v 2.291235 1.343569 -3.180916
v 2.002965 1.343569 -3.180916
v 2.002965 0.842691 -3.180916
v 2.270298 1.343569 -3.180916
v 2.270298 0.842691 -3.180916
v 1.975264 1.343569 -3.180916
v 2.291235 0.842691 -3.180916
v 2.270298 0.814063 -3.447582
v 2.002965 0.814063 -3.447582
v 2.002965 0.814063 -3.180916
v 2.270298 0.814063 -3.180916
vn 0.0000 0.0000 1.0000
vn 0.0000 0.0000 -1.0000
vn -1.0000 0.0000 0.0000
vn 0.0000 1.0000 0.0000
vn 1.0000 0.0000 0.0000
vn 0.0000 -1.0000 0.0000
usemtl white
s off
f 5312//3197 5314//3197 5310//3197 5309//3197
f 5307//3198 5308//3198 5311//3198 5313//3198
f 5323//3199 5329//3199 5316//3199 5315//3199
f 5321//3200 5319//3200 5325//3200 5327//3200
f 5317//3201 5318//3201 5324//3201 5330//3201
usemtl brown
f 5315//3199 5316//3199 5302//3199 5301//3199
f 5313//3198 5311//3198 5306//3198 5305//3198
f 5330//3201 5324//3201 5304//3201 5303//3201
f 5309//3197 5310//3197 5300//3197 5299//3197
f 5328//3202 5330//3202 5303//3202 5312//3202
f 5325//3200 5329//3200 5300//3200 5310//3200
f 5327//3200 5325//3200 5310//3200 5314//3200
f 5323//3202 5326//3202 5309//3202 5299//3202
f 5301//3198 5302//3198 5308//3198 5307//3198
f 5303//3197 5304//3197 5314//3197 5312//3197
f 5324//3200 5327//3200 5314//3200 5304//3200
f 5326//3202 5328//3202 5312//3202 5309//3202
f 5307//3202 5313//3202 5322//3202 5320//3202
f 5306//3200 5311//3200 5321//3200 5318//3200
f 5301//3202 5307//3202 5320//3202 5315//3202
f 5311//3200 5308//3200 5319//3200 5321//3200
f 5308//3200 5302//3200 5316//3200 5319//3200
f 5313//3202 5305//3202 5317//3202 5322//3202
f 5305//3201 5306//3201 5318//3201 5317//3201
f 5299//3199 5300//3199 5329//3199 5323//3199
f 5322//3201 5328//3201 5334//3201 5331//3201
f 5318//3200 5321//3200 5327//3200 5324//3200
f 5315//3202 5320//3202 5326//3202 5323//3202
f 5319//3200 5316//3200 5329//3200 5325//3200
f 5322//3202 5317//3202 5330//3202 5328//3202
f 5332//3202 5331//3202 5334//3202 5333//3202
f 5320//3198 5322//3198 5331//3198 5332//3198
f 5326//3199 5320//3199 5332//3199 5333//3199
f 5328//3197 5326//3197 5333//3197 5334//3197
o Cube.001_Cube.003
v -2.607159 0.843025 -3.158318
v -2.607159 1.343904 -3.158318
v -2.607159 0.843025 -3.474288
v -2.607159 1.343904 -3.474288
v -2.291188 0.843025 -3.158318
v -2.291188 1.343904 -3.158318
v -2.291188 0.843025 -3.474288
v -2.291188 1.343904 -3.474288
v -2.579458 0.843025 -3.474288
v -2.579458 1.343904 -3.474288
v -2.579458 0.843025 -3.158318
v -2.579458 1.343904 -3.158318
v -2.312126 1.343904 -3.474288
v -2.312126 0.843025 -3.158318
v -2.312126 0.843025 -3.474288
v -2.312126 1.343904 -3.158318
v -2.607159 0.843025 -3.447582
v -2.607159 1.343904 -3.447582
v -2.291188 0.843025 -3.447582
v -2.291188 1.343904 -3.447582
v -2.579458 1.343904 -3.447582
v -2.579458 0.843025 -3.447582
v -2.312126 1.343904 -3.447582
v -2.312126 0.843025 -3.447582
v -2.607159 0.843025 -3.180916
v -2.291188 1.343904 -3.180916
v -2.579458 1.343904 -3.180916
v -2.579458 0.843025 -3.180916
v -2.312126 1.343904 -3.180916
v -2.312126 0.843025 -3.180916
v -2.607159 1.343904 -3.180916
v -2.291188 0.843025 -3.180916
v -2.312126 0.814398 -3.447582
v -2.579458 0.814398 -3.447582
v -2.579458 0.814398 -3.180916
v -2.312126 0.814398 -3.180916
vn 0.0000 0.0000 1.0000
vn 0.0000 0.0000 -1.0000
vn -1.0000 0.0000 0.0000
vn 0.0000 1.0000 0.0000
vn 1.0000 0.0000 0.0000
vn 0.0000 -1.0000 0.0000
usemtl white
s off
f 5348//3203 5350//3203 5346//3203 5345//3203
f 5343//3204 5344//3204 5347//3204 5349//3204
f 5359//3205 5365//3205 5352//3205 5351//3205
f 5357//3206 5355//3206 5361//3206 5363//3206
f 5353//3207 5354//3207 5360//3207 5366//3207
usemtl brown
f 5351//3205 5352//3205 5338//3205 5337//3205
f 5349//3204 5347//3204 5342//3204 5341//3204
f 5366//3207 5360//3207 5340//3207 5339//3207
f 5345//3203 5346//3203 5336//3203 5335//3203
f 5364//3208 5366//3208 5339//3208 5348//3208
f 5361//3206 5365//3206 5336//3206 5346//3206
f 5363//3206 5361//3206 5346//3206 5350//3206
f 5359//3208 5362//3208 5345//3208 5335//3208
f 5337//3204 5338//3204 5344//3204 5343//3204
f 5339//3203 5340//3203 5350//3203 5348//3203
f 5360//3206 5363//3206 5350//3206 5340//3206
f 5362//3208 5364//3208 5348//3208 5345//3208
f 5343//3208 5349//3208 5358//3208 5356//3208
f 5342//3206 5347//3206 5357//3206 5354//3206
f 5337//3208 5343//3208 5356//3208 5351//3208
f 5347//3206 5344//3206 5355//3206 5357//3206
f 5344//3206 5338//3206 5352//3206 5355//3206
f 5349//3208 5341//3208 5353//3208 5358//3208
f 5341//3207 5342//3207 5354//3207 5353//3207
f 5335//3205 5336//3205 5365//3205 5359//3205
f 5358//3207 5364//3207 5370//3207 5367//3207
f 5354//3206 5357//3206 5363//3206 5360//3206
f 5351//3208 5356//3208 5362//3208 5359//3208
f 5355//3206 5352//3206 5365//3206 5361//3206
f 5358//3208 5353//3208 5366//3208 5364//3208
f 5368//3208 5367//3208 5370//3208 5369//3208
f 5356//3204 5358//3204 5367//3204 5368//3204
f 5362//3205 5356//3205 5368//3205 5369//3205
f 5364//3203 5362//3203 5369//3203 5370//3203
o Plane.010
v -2.995582 0.294672 -3.680180
v 2.784721 0.294672 -3.680180
v -2.995582 4.008886 -3.680180
v 2.784721 4.008886 -3.680180
v 2.784721 0.813526 -3.680180
v -2.995582 0.813526 -3.680180
v 2.784721 0.294672 -2.825061
v -2.995582 0.294672 -2.825061
v -2.995582 0.813526 -2.825061
v 2.784721 0.813526 -2.825061
v 2.784721 3.424215 -3.680180
v -2.995582 3.424215 -3.680180
v 2.784721 4.008886 -2.807683
v -2.995582 4.008886 -2.807683
v 2.784721 3.424215 -2.807683
v -2.995582 3.424215 -2.807683
v 2.784721 3.424215 -2.977396
v -2.995582 3.424215 -2.977396
v 2.784721 4.008886 -2.977396
v -2.995582 4.008886 -2.977396
v -2.747179 0.294672 -3.680180
v -2.747179 4.008886 -3.680180
v -2.747179 0.813526 -3.680180
v -2.747179 0.294672 -2.825061
v -2.747179 0.813526 -2.825061
v -2.747179 3.424215 -3.680180
v -2.747179 4.008886 -2.807683
v -2.747179 3.424215 -2.807683
v -2.747179 4.008886 -2.977396
v -2.747179 3.424215 -2.977396
v 2.587521 4.008886 -2.977396
v 2.587521 0.294672 -3.680180
v 2.587521 4.008886 -3.680180
v 2.587521 0.813526 -3.680180
v 2.587521 0.294672 -2.825061
v 2.587521 0.813526 -2.825061
v 2.587521 3.424215 -3.680180
v 2.587521 4.008886 -2.807683
v 2.587521 3.424215 -2.807683
v 2.587521 3.424215 -2.977396
v 2.587521 3.809231 -3.680180
v -2.747179 3.809231 -3.680180
v 2.587521 3.809231 -2.977396
v -2.747179 3.809231 -2.977396
vn 0.0000 -1.0000 0.0000
vn 0.0000 1.0000 0.0000
vn 0.0000 0.0000 1.0000
vn 1.0000 0.0000 0.0000
vn -1.0000 0.0000 0.0000
vn 0.0000 0.0000 -1.0000
usemtl wall
s off
f 5410//3209 5387//3209 5385//3209 5409//3209
f 5393//3210 5376//3210 5379//3210 5395//3210
f 5405//3211 5377//3211 5380//3211 5406//3211
f 5372//3212 5375//3212 5380//3212 5377//3212
f 5402//3209 5372//3209 5377//3209 5405//3209
f 5376//3213 5371//3213 5378//3213 5379//3213
f 5404//3211 5375//3211 5381//3211 5407//3211
f 5409//3211 5385//3211 5383//3211 5408//3211
f 5387//3212 5389//3212 5383//3212 5385//3212
f 5390//3213 5388//3213 5386//3213 5384//3213
f 5399//3210 5390//3210 5384//3210 5397//3210
f 5392//3210 5373//3210 5390//3210 5399//3210
f 5373//3213 5382//3213 5388//3213 5390//3213
f 5381//3212 5374//3212 5389//3212 5387//3212
f 5407//3209 5381//3209 5387//3209 5410//3209
f 5382//3209 5396//3209 5400//3209 5388//3209
f 5403//3210 5392//3210 5399//3210 5401//3210
f 5401//3210 5399//3210 5397//3210 5408//3210
f 5386//3211 5398//3211 5397//3211 5384//3211
f 5376//3211 5393//3211 5396//3211 5382//3211
f 5371//3209 5391//3209 5394//3209 5378//3209
f 5378//3211 5394//3211 5395//3211 5379//3211
f 5404//3210 5393//3210 5395//3210 5406//3210
f 5388//3209 5400//3209 5398//3209 5386//3209
f 5375//3210 5404//3210 5406//3210 5380//3210
f 5389//3210 5401//3210 5408//3210 5383//3210
f 5374//3210 5403//3210 5401//3210 5389//3210
f 5396//3211 5407//3211 5411//3211 5412//3211
f 5398//3211 5409//3211 5408//3211 5397//3211
f 5393//3211 5404//3211 5407//3211 5396//3211
f 5391//3209 5402//3209 5405//3209 5394//3209
f 5394//3211 5405//3211 5406//3211 5395//3211
f 5400//3209 5410//3209 5409//3209 5398//3209
f 5412//3209 5411//3209 5413//3209 5414//3209
f 5400//3212 5396//3212 5412//3212 5414//3212
f 5407//3213 5410//3213 5413//3213 5411//3213
f 5410//3214 5400//3214 5414//3214 5413//3214
o Plane.009
v 2.929460 4.004783 -2.786943
v 2.929460 0.297411 -2.786943
v 2.929460 4.004783 -3.717351
v 2.929460 0.297411 -3.717351
v 2.783758 4.004783 -3.717351
v 2.783758 4.004783 -2.786943
v 2.783758 0.297411 -2.786943
v 2.783758 0.297411 -3.717351
vn -1.0000 -0.0000 0.0000
vn 1.0000 0.0000 0.0000
vn 0.0000 0.0000 -1.0000
vn 0.0000 1.0000 0.0000
vn 0.0000 -1.0000 0.0000
vn 0.0000 0.0000 1.0000
usemtl wall
s off
f 5415//3215 5417//3215 5418//3215 5416//3215
f 5420//3216 5421//3216 5422//3216 5419//3216
f 5415//3217 5416//3217 5421//3217 5420//3217
f 5416//3218 5418//3218 5422//3218 5421//3218
f 5417//3219 5415//3219 5420//3219 5419//3219
f 5418//3220 5417//3220 5419//3220 5422//3220
o Cylinder.005
v 0.089613 0.743832 0.284627
v 0.089613 0.752860 0.275554
v 0.089613 0.744274 0.281823
v 0.089613 0.745556 0.279294
v 0.089613 0.747553 0.277287
v 0.089613 0.750070 0.275998
v 0.097902 0.743832 0.285443
v 0.099672 0.752860 0.276545
v 0.098449 0.744274 0.282693
v 0.098942 0.745556 0.280213
v 0.099334 0.747553 0.278244
v 0.099585 0.750070 0.276981
v 0.105873 0.743832 0.287861
v 0.109344 0.752860 0.279479
v 0.106945 0.744274 0.285271
v 0.107913 0.745556 0.282934
v 0.108681 0.747553 0.281080
v 0.109174 0.750070 0.279889
v 0.113218 0.743832 0.291787
v 0.118259 0.752860 0.284244
v 0.114776 0.744274 0.289456
v 0.116181 0.745556 0.287353
v 0.117296 0.747553 0.285685
v 0.118012 0.750070 0.284613
v 0.119657 0.743832 0.297071
v 0.126072 0.752860 0.290656
v 0.121640 0.744274 0.295089
v 0.123428 0.745556 0.293301
v 0.124847 0.747553 0.291882
v 0.125758 0.750070 0.290970
v 0.124941 0.743832 0.303510
v 0.132485 0.752860 0.298470
v 0.127272 0.744274 0.301953
v 0.129375 0.745556 0.300548
v 0.131044 0.747553 0.299433
v 0.132115 0.750070 0.298717
v 0.128868 0.743832 0.310856
v 0.137249 0.752860 0.307384
v 0.131458 0.744274 0.309783
v 0.133794 0.745556 0.308815
v 0.135649 0.747553 0.308047
v 0.136839 0.750070 0.307554
v 0.131286 0.743832 0.318827
v 0.140184 0.752860 0.317057
v 0.134035 0.744274 0.318280
v 0.136516 0.745556 0.317786
v 0.138484 0.747553 0.317395
v 0.139748 0.750070 0.317144
v 0.132102 0.743832 0.327116
v 0.141174 0.752860 0.327116
v 0.134906 0.744274 0.327116
v 0.137435 0.745556 0.327116
v 0.139442 0.747553 0.327116
v 0.140730 0.750070 0.327116
v 0.131286 0.743832 0.335405
v 0.140184 0.752860 0.337175
v 0.134035 0.744274 0.335952
v 0.136516 0.745556 0.336446
v 0.138484 0.747553 0.336837
v 0.139748 0.750070 0.337089
v 0.128868 0.743832 0.343376
v 0.137249 0.752860 0.346848
v 0.131458 0.744274 0.344449
v 0.133794 0.745556 0.345417
v 0.135649 0.747553 0.346185
v 0.136839 0.750070 0.346678
v 0.124941 0.743832 0.350722
v 0.132485 0.752860 0.355762
v 0.127272 0.744274 0.352280
v 0.129375 0.745556 0.353685
v 0.131044 0.747553 0.354800
v 0.132115 0.750070 0.355516
v 0.119657 0.743832 0.357161
v 0.126072 0.752860 0.363576
v 0.121640 0.744274 0.359143
v 0.123428 0.745556 0.360931
v 0.124847 0.747553 0.362351
v 0.125758 0.750070 0.363262
v 0.113218 0.743832 0.362445
v 0.118259 0.752860 0.369988
v 0.114776 0.744274 0.364776
v 0.116181 0.745556 0.366879
v 0.117296 0.747553 0.368548
v 0.118012 0.750070 0.369619
v 0.105873 0.743832 0.366371
v 0.109344 0.752860 0.374753
v 0.106945 0.744274 0.368961
v 0.107913 0.745556 0.371298
v 0.108681 0.747553 0.373152
v 0.109174 0.750070 0.374343
v 0.097902 0.743832 0.368789
v 0.099672 0.752860 0.377687
v 0.098449 0.744274 0.371539
v 0.098942 0.745556 0.374019
v 0.099334 0.747553 0.375988
v 0.099585 0.750070 0.377252
v 0.089613 0.743832 0.369606
v 0.089613 0.752860 0.378678
v 0.089613 0.744274 0.372409
v 0.089613 0.745556 0.374938
v 0.089613 0.747553 0.376945
v 0.089613 0.750070 0.378234
v 0.081323 0.743832 0.368789
v 0.079553 0.752860 0.377687
v 0.080776 0.744274 0.371539
v 0.080283 0.745556 0.374019
v 0.079891 0.747553 0.375988
v 0.079640 0.750070 0.377252
v 0.073352 0.743832 0.366371
v 0.069881 0.752860 0.374753
v 0.072280 0.744274 0.368961
v 0.071312 0.745556 0.371298
v 0.070544 0.747553 0.373152
v 0.070051 0.750070 0.374343
v 0.066007 0.743832 0.362445
v 0.060966 0.752860 0.369988
v 0.064449 0.744274 0.364776
v 0.063044 0.745556 0.366879
v 0.061929 0.747553 0.368548
v 0.061213 0.750070 0.369619
v 0.059568 0.743832 0.357161
v 0.053153 0.752860 0.363576
v 0.057585 0.744274 0.359143
v 0.055797 0.745556 0.360931
v 0.054378 0.747553 0.362351
v 0.053467 0.750070 0.363262
v 0.054284 0.743832 0.350722
v 0.046740 0.752860 0.355762
v 0.051953 0.744274 0.352280
v 0.049850 0.745556 0.353685
v 0.048181 0.747553 0.354800
v 0.047110 0.750070 0.355516
v 0.050357 0.743832 0.343376
v 0.041976 0.752860 0.346848
v 0.047767 0.744274 0.344449
v 0.045431 0.745556 0.345417
v 0.043576 0.747553 0.346185
v 0.042386 0.750070 0.346678
v 0.047939 0.743832 0.335405
v 0.039041 0.752860 0.337175
v 0.045190 0.744274 0.335952
v 0.042709 0.745556 0.336446
v 0.040741 0.747553 0.336837
v 0.039477 0.750070 0.337089
v 0.047123 0.743832 0.327116
v 0.038051 0.752860 0.327116
v 0.044319 0.744274 0.327116
v 0.041790 0.745556 0.327116
v 0.039783 0.747553 0.327116
v 0.038495 0.750070 0.327116
v 0.047939 0.743832 0.318827
v 0.039041 0.752860 0.317057
v 0.045190 0.744274 0.318280
v 0.042709 0.745556 0.317786
v 0.040741 0.747553 0.317395
v 0.039477 0.750070 0.317143
v 0.050357 0.743832 0.310856
v 0.041976 0.752860 0.307384
v 0.047767 0.744274 0.309783
v 0.045431 0.745556 0.308815
v 0.043576 0.747553 0.308047
v 0.042386 0.750070 0.307554
v 0.054284 0.743832 0.303510
v 0.046740 0.752860 0.298470
v 0.051953 0.744274 0.301953
v 0.049850 0.745556 0.300548
v 0.048181 0.747553 0.299432
v 0.047110 0.750070 0.298717
v 0.059568 0.743832 0.297071
v 0.053153 0.752860 0.290656
v 0.057586 0.744274 0.295089
v 0.055797 0.745556 0.293301
v 0.054378 0.747553 0.291882
v 0.053467 0.750070 0.290970
v 0.066007 0.743832 0.291787
v 0.060966 0.752860 0.284244
v 0.064449 0.744274 0.289456
v 0.063044 0.745556 0.287353
v 0.061929 0.747553 0.285685
v 0.061213 0.750070 0.284613
v 0.073353 0.743832 0.287861
v 0.069881 0.752860 0.279479
v 0.072280 0.744274 0.285271
v 0.071312 0.745556 0.282934
v 0.070544 0.747553 0.281080
v 0.070051 0.750070 0.279889
v 0.081323 0.743832 0.285443
v 0.079553 0.752860 0.276545
v 0.080776 0.744274 0.282693
v 0.080283 0.745556 0.280213
v 0.079891 0.747553 0.278244
v 0.079640 0.750070 0.276981
v 0.097451 0.861305 0.287708
v 0.089613 0.861305 0.286936
v 0.104989 0.861305 0.289995
v 0.111935 0.861305 0.293708
v 0.118024 0.861305 0.298705
v 0.123021 0.861305 0.304793
v 0.126734 0.861305 0.311740
v 0.129020 0.861305 0.319277
v 0.129792 0.861305 0.327116
v 0.129020 0.861305 0.334955
v 0.126734 0.861305 0.342492
v 0.123021 0.861305 0.349439
v 0.118024 0.861305 0.355528
v 0.111935 0.861305 0.360524
v 0.104989 0.861305 0.364237
v 0.097451 0.861305 0.366524
v 0.089613 0.861305 0.367296
v 0.081774 0.861305 0.366524
v 0.074236 0.861305 0.364237
v 0.067290 0.861305 0.360524
v 0.061201 0.861305 0.355528
v 0.056204 0.861305 0.349439
v 0.052491 0.861305 0.342492
v 0.050205 0.861305 0.334955
v 0.049433 0.861305 0.327116
v 0.050205 0.861305 0.319277
v 0.052491 0.861305 0.311740
v 0.056204 0.861305 0.304793
v 0.061201 0.861305 0.298705
v 0.067290 0.861305 0.293708
v 0.074236 0.861305 0.289995
v 0.081774 0.861305 0.287708
v 0.089613 0.891154 0.282591
v 0.089613 0.886830 0.286936
v 0.089613 0.890575 0.284764
v 0.089613 0.888992 0.286354
v 0.097451 0.886830 0.287708
v 0.098299 0.891154 0.283447
v 0.097565 0.888992 0.287137
v 0.097875 0.890575 0.285578
v 0.104989 0.886830 0.289995
v 0.106651 0.891154 0.285981
v 0.105211 0.888992 0.289457
v 0.105820 0.890575 0.287988
v 0.111935 0.886830 0.293708
v 0.114349 0.891154 0.290095
v 0.112259 0.888992 0.293224
v 0.113142 0.890575 0.291901
v 0.118024 0.886830 0.298705
v 0.121096 0.891154 0.295632
v 0.118436 0.888992 0.298293
v 0.119560 0.890575 0.297169
v 0.123021 0.886830 0.304793
v 0.126633 0.891154 0.302380
v 0.123505 0.888992 0.304470
v 0.124827 0.890575 0.303586
v 0.126734 0.886830 0.311740
v 0.130748 0.891154 0.310077
v 0.127272 0.888992 0.311517
v 0.128741 0.890575 0.310909
v 0.129020 0.886830 0.319277
v 0.133282 0.891154 0.318430
v 0.129591 0.888992 0.319164
v 0.131151 0.890575 0.318854
v 0.129792 0.886830 0.327116
v 0.134137 0.891154 0.327116
v 0.130374 0.888992 0.327116
v 0.131965 0.890575 0.327116
v 0.129020 0.886830 0.334955
v 0.133282 0.891154 0.335802
v 0.129591 0.888992 0.335068
v 0.131151 0.890575 0.335379
v 0.126734 0.886830 0.342492
v 0.130748 0.891154 0.344155
v 0.127272 0.888992 0.342715
v 0.128741 0.890575 0.343324
v 0.123021 0.886830 0.349439
v 0.126633 0.891154 0.351853
v 0.123505 0.888992 0.349762
v 0.124827 0.890575 0.350646
v 0.118024 0.886830 0.355528
v 0.121096 0.891154 0.358600
v 0.118436 0.888992 0.355939
v 0.119560 0.890575 0.357064
v 0.111935 0.886830 0.360524
v 0.114349 0.891154 0.364137
v 0.112259 0.888992 0.361008
v 0.113142 0.890575 0.362331
v 0.104989 0.886830 0.364237
v 0.106651 0.891154 0.368252
v 0.105211 0.888992 0.364775
v 0.105820 0.890575 0.366245
v 0.097451 0.886830 0.366524
v 0.098299 0.891154 0.370785
v 0.097565 0.888992 0.367095
v 0.097875 0.890575 0.368655
v 0.089613 0.886830 0.367296
v 0.089613 0.891154 0.371641
v 0.089613 0.888992 0.367878
v 0.089613 0.890575 0.369468
v 0.081774 0.886830 0.366524
v 0.080926 0.891154 0.370785
v 0.081660 0.888992 0.367095
v 0.081350 0.890575 0.368655
v 0.074236 0.886830 0.364237
v 0.072574 0.891154 0.368252
v 0.074014 0.888992 0.364775
v 0.073405 0.890575 0.366245
v 0.067290 0.886830 0.360524
v 0.064876 0.891154 0.364137
v 0.066966 0.888992 0.361008
v 0.066083 0.890575 0.362331
v 0.061201 0.886830 0.355528
v 0.058129 0.891154 0.358600
v 0.060789 0.888992 0.355939
v 0.059665 0.890575 0.357064
v 0.056204 0.886830 0.349439
v 0.052592 0.891154 0.351853
v 0.055720 0.888992 0.349762
v 0.054398 0.890575 0.350646
v 0.052491 0.886830 0.342492
v 0.048477 0.891154 0.344155
v 0.051953 0.888992 0.342715
v 0.050484 0.890575 0.343324
v 0.050205 0.886830 0.334955
v 0.045943 0.891154 0.335802
v 0.049634 0.888992 0.335068
v 0.048074 0.890575 0.335379
v 0.049433 0.886830 0.327116
v 0.045088 0.891154 0.327116
v 0.048851 0.888992 0.327116
v 0.047260 0.890575 0.327116
v 0.050205 0.886830 0.319277
v 0.045943 0.891154 0.318430
v 0.049634 0.888992 0.319164
v 0.048074 0.890575 0.318854
v 0.052491 0.886830 0.311740
v 0.048477 0.891154 0.310077
v 0.051953 0.888992 0.311517
v 0.050484 0.890575 0.310909
v 0.056204 0.886830 0.304793
v 0.052592 0.891154 0.302379
v 0.055720 0.888992 0.304470
v 0.054398 0.890575 0.303586
v 0.061201 0.886830 0.298705
v 0.058129 0.891154 0.295632
v 0.060790 0.888992 0.298293
v 0.059665 0.890575 0.297168
v 0.067290 0.886830 0.293708
v 0.064876 0.891154 0.290095
v 0.066966 0.888992 0.293224
v 0.066083 0.890575 0.291901
v 0.074236 0.886830 0.289995
v 0.072574 0.891154 0.285981
v 0.074014 0.888992 0.289457
v 0.073405 0.890575 0.287988
v 0.081774 0.886830 0.287708
v 0.080926 0.891154 0.283447
v 0.081660 0.888992 0.287137
v 0.081350 0.890575 0.285578
v 0.098824 0.891154 0.280806
v 0.099672 0.886830 0.276545
v 0.099248 0.890575 0.278676
v 0.099558 0.888992 0.277116
v 0.089613 0.886830 0.275554
v 0.089613 0.891154 0.279899
v 0.089613 0.888992 0.276136
v 0.089613 0.890575 0.277727
v 0.107682 0.891154 0.283493
v 0.109344 0.886830 0.279479
v 0.108513 0.890575 0.281486
v 0.109122 0.888992 0.280017
v 0.115845 0.891154 0.287857
v 0.118259 0.886830 0.284244
v 0.117052 0.890575 0.286050
v 0.117935 0.888992 0.284728
v 0.123000 0.891154 0.293729
v 0.126072 0.886830 0.290656
v 0.124536 0.890575 0.292193
v 0.125661 0.888992 0.291068
v 0.128872 0.891154 0.300884
v 0.132485 0.886830 0.298470
v 0.130678 0.890575 0.299677
v 0.132001 0.888992 0.298793
v 0.133235 0.891154 0.309047
v 0.137249 0.886830 0.307384
v 0.135242 0.890575 0.308216
v 0.136712 0.888992 0.307607
v 0.135922 0.891154 0.317905
v 0.140184 0.886830 0.317057
v 0.138053 0.890575 0.317481
v 0.139613 0.888992 0.317170
v 0.136829 0.891154 0.327116
v 0.141174 0.886830 0.327116
v 0.139002 0.890575 0.327116
v 0.140592 0.888992 0.327116
v 0.135922 0.891154 0.336328
v 0.140184 0.886830 0.337175
v 0.138053 0.890575 0.336752
v 0.139613 0.888992 0.337062
v 0.133235 0.891154 0.345185
v 0.137249 0.886830 0.346848
v 0.135242 0.890575 0.346017
v 0.136712 0.888992 0.346625
v 0.128872 0.891154 0.353348
v 0.132485 0.886830 0.355762
v 0.130678 0.890575 0.354555
v 0.132001 0.888992 0.355439
v 0.123000 0.891154 0.360504
v 0.126072 0.886830 0.363576
v 0.124536 0.890575 0.362040
v 0.125661 0.888992 0.363164
v 0.115845 0.891154 0.366376
v 0.118259 0.886830 0.369988
v 0.117052 0.890575 0.368182
v 0.117935 0.888992 0.369504
v 0.107682 0.891154 0.370739
v 0.109344 0.886830 0.374753
v 0.108513 0.890575 0.372746
v 0.109122 0.888992 0.374215
v 0.098824 0.891154 0.373426
v 0.099672 0.886830 0.377687
v 0.099248 0.890575 0.375557
v 0.099558 0.888992 0.377116
v 0.089613 0.891154 0.374333
v 0.089613 0.886830 0.378678
v 0.089613 0.890575 0.376506
v 0.089613 0.888992 0.378096
v 0.080401 0.891154 0.373426
v 0.079553 0.886830 0.377687
v 0.079977 0.890575 0.375557
v 0.079667 0.888992 0.377116
v 0.071543 0.891154 0.370739
v 0.069881 0.886830 0.374753
v 0.070712 0.890575 0.372746
v 0.070103 0.888992 0.374215
v 0.063380 0.891154 0.366376
v 0.060966 0.886830 0.369988
v 0.062173 0.890575 0.368182
v 0.061290 0.888992 0.369504
v 0.056225 0.891154 0.360504
v 0.053153 0.886830 0.363576
v 0.054689 0.890575 0.362040
v 0.053564 0.888992 0.363164
v 0.050353 0.891154 0.353348
v 0.046740 0.886830 0.355762
v 0.048547 0.890575 0.354555
v 0.047224 0.888992 0.355439
v 0.045990 0.891154 0.345185
v 0.041976 0.886830 0.346848
v 0.043983 0.890575 0.346017
v 0.042513 0.888992 0.346625
v 0.043303 0.891154 0.336328
v 0.039041 0.886830 0.337175
v 0.041172 0.890575 0.336751
v 0.039612 0.888992 0.337062
v 0.042396 0.891154 0.327116
v 0.038051 0.886830 0.327116
v 0.040223 0.890575 0.327116
v 0.038633 0.888992 0.327116
v 0.043303 0.891154 0.317905
v 0.039041 0.886830 0.317057
v 0.041172 0.890575 0.317481
v 0.039612 0.888992 0.317170
v 0.045990 0.891154 0.309047
v 0.041976 0.886830 0.307384
v 0.043983 0.890575 0.308216
v 0.042513 0.888992 0.307607
v 0.050353 0.891154 0.300884
v 0.046740 0.886830 0.298470
v 0.048547 0.890575 0.299677
v 0.047224 0.888992 0.298793
v 0.056225 0.891154 0.293729
v 0.053153 0.886830 0.290656
v 0.054689 0.890575 0.292193
v 0.053564 0.888992 0.291068
v 0.063380 0.891154 0.287857
v 0.060966 0.886830 0.284244
v 0.062173 0.890575 0.286050
v 0.061290 0.888992 0.284728
v 0.071543 0.891154 0.283493
v 0.069881 0.886830 0.279479
v 0.070712 0.890575 0.281486
v 0.070103 0.888992 0.280017
v 0.080401 0.891154 0.280806
v 0.079553 0.886830 0.276545
v 0.079977 0.890575 0.278676
v 0.079667 0.888992 0.277116
vn 0.4714 0.0000 -0.8819
vn 0.6344 0.0000 -0.7730
vn 0.7730 0.0000 -0.6344
vn 0.8819 0.0000 -0.4714
vn 0.9569 0.0000 -0.2903
vn 0.9952 0.0000 -0.0980
vn 0.9952 0.0000 0.0980
vn 0.9569 0.0000 0.2903
vn 0.8819 0.0000 0.4714
vn 0.7730 0.0000 0.6344
vn 0.6344 0.0000 0.7730
vn 0.4714 0.0000 0.8819
vn 0.2903 0.0000 0.9569
vn 0.0980 0.0000 0.9952
vn -0.0980 0.0000 0.9952
vn -0.2903 0.0000 0.9569
vn -0.4714 0.0000 0.8819
vn -0.6344 0.0000 0.7730
vn -0.7730 0.0000 0.6344
vn -0.8819 0.0000 0.4714
vn -0.9569 0.0000 0.2903
vn -0.9952 0.0000 0.0980
vn -0.9952 0.0000 -0.0980
vn -0.9569 0.0000 -0.2903
vn -0.8819 0.0000 -0.4714
vn -0.7730 0.0000 -0.6344
vn -0.6344 0.0000 -0.7730
vn -0.4714 0.0000 -0.8819
vn -0.2903 0.0000 -0.9569
vn -0.0980 0.0000 -0.9952
vn 0.2903 0.0000 -0.9569
vn 0.0968 -0.1564 -0.9829
vn 0.0873 -0.4540 -0.8867
vn 0.0693 -0.7071 -0.7037
vn 0.0445 -0.8910 -0.4518
vn 0.0153 -0.9877 -0.1557
vn 0.2867 -0.1564 -0.9452
vn 0.2586 -0.4540 -0.8526
vn 0.2053 -0.7071 -0.6767
vn 0.1318 -0.8910 -0.4345
vn 0.0454 -0.9877 -0.1497
vn 0.4656 -0.1564 -0.8711
vn 0.4200 -0.4540 -0.7858
vn 0.3333 -0.7071 -0.6236
vn 0.2140 -0.8910 -0.4004
vn 0.0737 -0.9877 -0.1379
vn 0.6266 -0.1564 -0.7635
vn 0.5652 -0.4540 -0.6888
vn 0.4486 -0.7071 -0.5466
vn 0.2880 -0.8910 -0.3509
vn 0.0992 -0.9877 -0.1209
vn 0.7635 -0.1564 -0.6266
vn 0.6888 -0.4540 -0.5652
vn 0.5466 -0.7071 -0.4486
vn 0.3509 -0.8910 -0.2880
vn 0.1209 -0.9877 -0.0992
vn 0.8711 -0.1564 -0.4656
vn 0.7858 -0.4540 -0.4200
vn 0.6236 -0.7071 -0.3333
vn 0.4004 -0.8910 -0.2140
vn 0.1380 -0.9877 -0.0737
vn 0.9452 -0.1564 -0.2867
vn 0.8526 -0.4540 -0.2586
vn 0.6767 -0.7071 -0.2053
vn 0.4345 -0.8910 -0.1318
vn 0.1497 -0.9877 -0.0454
vn 0.9829 -0.1564 -0.0968
vn 0.8867 -0.4540 -0.0873
vn 0.7037 -0.7071 -0.0693
vn 0.4518 -0.8910 -0.0445
vn 0.1557 -0.9877 -0.0153
vn 0.9829 -0.1564 0.0968
vn 0.8867 -0.4540 0.0873
vn 0.7037 -0.7071 0.0693
vn 0.4518 -0.8910 0.0445
vn 0.1557 -0.9877 0.0153
vn 0.9452 -0.1564 0.2867
vn 0.8526 -0.4540 0.2586
vn 0.6767 -0.7071 0.2053
vn 0.4345 -0.8910 0.1318
vn 0.1497 -0.9877 0.0454
vn 0.8711 -0.1564 0.4656
vn 0.7858 -0.4540 0.4200
vn 0.6236 -0.7071 0.3333
vn 0.4004 -0.8910 0.2140
vn 0.1380 -0.9877 0.0737
vn 0.7635 -0.1564 0.6266
vn 0.6888 -0.4540 0.5652
vn 0.5466 -0.7071 0.4486
vn 0.3509 -0.8910 0.2880
vn 0.1209 -0.9877 0.0992
vn 0.6266 -0.1564 0.7635
vn 0.5652 -0.4540 0.6888
vn 0.4486 -0.7071 0.5466
vn 0.2880 -0.8910 0.3509
vn 0.0992 -0.9877 0.1209
vn 0.4656 -0.1564 0.8711
vn 0.4200 -0.4540 0.7858
vn 0.3333 -0.7071 0.6236
vn 0.2140 -0.8910 0.4004
vn 0.0737 -0.9877 0.1379
vn 0.2867 -0.1564 0.9452
vn 0.2586 -0.4540 0.8526
vn 0.2053 -0.7071 0.6767
vn 0.1318 -0.8910 0.4345
vn 0.0454 -0.9877 0.1497
vn 0.0968 -0.1564 0.9829
vn 0.0873 -0.4540 0.8867
vn 0.0693 -0.7071 0.7037
vn 0.0445 -0.8910 0.4518
vn 0.0153 -0.9877 0.1557
vn -0.0968 -0.1564 0.9829
vn -0.0873 -0.4540 0.8867
vn -0.0693 -0.7071 0.7037
vn -0.0445 -0.8910 0.4518
vn -0.0153 -0.9877 0.1557
vn -0.2867 -0.1564 0.9452
vn -0.2586 -0.4540 0.8526
vn -0.2053 -0.7071 0.6767
vn -0.1318 -0.8910 0.4344
vn -0.0454 -0.9877 0.1497
vn -0.4656 -0.1564 0.8711
vn -0.4200 -0.4540 0.7858
vn -0.3333 -0.7071 0.6236
vn -0.2140 -0.8910 0.4004
vn -0.0737 -0.9877 0.1379
vn -0.6266 -0.1564 0.7635
vn -0.5652 -0.4540 0.6888
vn -0.4486 -0.7071 0.5466
vn -0.2880 -0.8910 0.3509
vn -0.0992 -0.9877 0.1209
vn -0.7635 -0.1564 0.6266
vn -0.6888 -0.4540 0.5652
vn -0.5466 -0.7071 0.4486
vn -0.3509 -0.8910 0.2880
vn -0.1209 -0.9877 0.0992
vn -0.8711 -0.1564 0.4656
vn -0.7858 -0.4540 0.4200
vn -0.6236 -0.7071 0.3333
vn -0.4004 -0.8910 0.2140
vn -0.1380 -0.9877 0.0737
vn -0.9452 -0.1564 0.2867
vn -0.8526 -0.4540 0.2586
vn -0.6767 -0.7071 0.2053
vn -0.4345 -0.8910 0.1318
vn -0.1497 -0.9877 0.0454
vn -0.9829 -0.1564 0.0968
vn -0.8867 -0.4540 0.0873
vn -0.7037 -0.7071 0.0693
vn -0.4518 -0.8910 0.0445
vn -0.1557 -0.9877 0.0153
vn -0.9829 -0.1564 -0.0968
vn -0.8867 -0.4540 -0.0873
vn -0.7037 -0.7071 -0.0693
vn -0.4518 -0.8910 -0.0445
vn -0.1557 -0.9877 -0.0153
vn -0.9452 -0.1564 -0.2867
vn -0.8526 -0.4540 -0.2586
vn -0.6767 -0.7071 -0.2053
vn -0.4345 -0.8910 -0.1318
vn -0.1497 -0.9877 -0.0454
vn -0.8711 -0.1564 -0.4656
vn -0.7858 -0.4540 -0.4200
vn -0.6236 -0.7071 -0.3333
vn -0.4004 -0.8910 -0.2140
vn -0.1380 -0.9877 -0.0737
vn -0.7635 -0.1564 -0.6266
vn -0.6888 -0.4540 -0.5653
vn -0.5466 -0.7071 -0.4486
vn -0.3509 -0.8910 -0.2880
vn -0.1209 -0.9877 -0.0992
vn -0.6266 -0.1564 -0.7635
vn -0.5652 -0.4540 -0.6888
vn -0.4486 -0.7071 -0.5466
vn -0.2880 -0.8910 -0.3510
vn -0.0992 -0.9877 -0.1209
vn -0.4656 -0.1564 -0.8711
vn -0.4200 -0.4540 -0.7858
vn -0.3333 -0.7071 -0.6236
vn -0.2140 -0.8910 -0.4004
vn -0.0737 -0.9877 -0.1379
vn -0.2867 -0.1564 -0.9452
vn -0.2586 -0.4540 -0.8526
vn -0.2053 -0.7071 -0.6767
vn -0.1318 -0.8910 -0.4345
vn -0.0454 -0.9877 -0.1497
vn -0.0968 -0.1564 -0.9829
vn -0.0873 -0.4540 -0.8867
vn -0.0693 -0.7071 -0.7037
vn -0.0445 -0.8910 -0.4518
vn -0.0153 -0.9877 -0.1557
vn 0.0000 -1.0000 -0.0000
vn 0.0000 1.0000 0.0000
vn 0.0980 0.0000 -0.9952
vn 0.0947 0.2588 -0.9613
vn 0.0693 0.7071 -0.7037
vn 0.0254 0.9659 -0.2575
vn 0.2804 0.2588 -0.9243
vn 0.2053 0.7071 -0.6766
vn 0.0751 0.9659 -0.2477
vn 0.4553 0.2588 -0.8519
vn 0.3333 0.7071 -0.6236
vn 0.1220 0.9659 -0.2283
vn 0.6128 0.2588 -0.7467
vn 0.4486 0.7071 -0.5466
vn 0.1642 0.9659 -0.2000
vn 0.7467 0.2588 -0.6128
vn 0.5466 0.7071 -0.4486
vn 0.2001 0.9659 -0.1642
vn 0.8519 0.2588 -0.4553
vn 0.6236 0.7071 -0.3333
vn 0.2283 0.9659 -0.1220
vn 0.9243 0.2588 -0.2804
vn 0.6767 0.7071 -0.2053
vn 0.2477 0.9659 -0.0751
vn 0.9613 0.2588 -0.0947
vn 0.7037 0.7071 -0.0693
vn 0.2576 0.9659 -0.0254
vn 0.9613 0.2588 0.0947
vn 0.7037 0.7071 0.0693
vn 0.2576 0.9659 0.0254
vn 0.9243 0.2588 0.2804
vn 0.6767 0.7071 0.2053
vn 0.2477 0.9659 0.0751
vn 0.8519 0.2588 0.4553
vn 0.6236 0.7071 0.3333
vn 0.2283 0.9659 0.1220
vn 0.7467 0.2588 0.6128
vn 0.5466 0.7071 0.4486
vn 0.2001 0.9659 0.1642
vn 0.6128 0.2588 0.7467
vn 0.4486 0.7071 0.5466
vn 0.1642 0.9659 0.2001
vn 0.4553 0.2588 0.8519
vn 0.3333 0.7071 0.6236
vn 0.1220 0.9659 0.2283
vn 0.2804 0.2588 0.9243
vn 0.2053 0.7071 0.6766
vn 0.0751 0.9659 0.2477
vn 0.0947 0.2588 0.9613
vn 0.0693 0.7071 0.7037
vn 0.0254 0.9659 0.2575
vn -0.0947 0.2588 0.9613
vn -0.0693 0.7071 0.7037
vn -0.0254 0.9659 0.2575
vn -0.2804 0.2588 0.9243
vn -0.2053 0.7071 0.6767
vn -0.0751 0.9659 0.2477
vn -0.4553 0.2588 0.8519
vn -0.3333 0.7071 0.6236
vn -0.1220 0.9659 0.2283
vn -0.6128 0.2588 0.7467
vn -0.4486 0.7071 0.5466
vn -0.1642 0.9659 0.2001
vn -0.7467 0.2588 0.6128
vn -0.5466 0.7071 0.4486
vn -0.2001 0.9659 0.1642
vn -0.8519 0.2588 0.4553
vn -0.6236 0.7071 0.3333
vn -0.2283 0.9659 0.1220
vn -0.9243 0.2588 0.2804
vn -0.6767 0.7071 0.2053
vn -0.2477 0.9659 0.0751
vn -0.9613 0.2588 0.0947
vn -0.7037 0.7071 0.0693
vn -0.2576 0.9659 0.0254
vn -0.9613 0.2588 -0.0947
vn -0.7037 0.7071 -0.0693
vn -0.2576 0.9659 -0.0254
vn -0.9243 0.2588 -0.2804
vn -0.6767 0.7071 -0.2053
vn -0.2477 0.9659 -0.0751
vn -0.8519 0.2588 -0.4553
vn -0.6236 0.7071 -0.3333
vn -0.2283 0.9659 -0.1220
vn -0.7467 0.2588 -0.6128
vn -0.5466 0.7071 -0.4486
vn -0.2001 0.9659 -0.1642
vn -0.6128 0.2588 -0.7467
vn -0.4486 0.7071 -0.5466
vn -0.1642 0.9659 -0.2001
vn -0.4553 0.2588 -0.8519
vn -0.3333 0.7071 -0.6236
vn -0.1220 0.9659 -0.2282
vn -0.2804 0.2588 -0.9243
vn -0.2053 0.7071 -0.6766
vn -0.0751 0.9659 -0.2477
vn -0.0947 0.2588 -0.9613
vn -0.0693 0.7071 -0.7037
vn -0.0254 0.9659 -0.2575
vn -0.0254 0.9659 0.2576
vn -0.2053 0.7071 -0.6767
vn -0.0254 0.9659 -0.2576
vn 0.0254 0.9659 -0.2576
vn 0.2053 0.7071 -0.6767
vn 0.1642 0.9659 -0.2001
vn 0.1220 0.9659 0.2282
vn 0.2053 0.7071 0.6767
vn 0.0254 0.9659 0.2576
usemtl cup
s off
f 5436//3221 5784//3221 5788//3221 5442//3221
f 5442//3222 5788//3222 5792//3222 5448//3222
f 5448//3223 5792//3223 5796//3223 5454//3223
f 5454//3224 5796//3224 5800//3224 5460//3224
f 5460//3225 5800//3225 5804//3225 5466//3225
f 5466//3226 5804//3226 5808//3226 5472//3226
f 5472//3227 5808//3227 5812//3227 5478//3227
f 5478//3228 5812//3228 5816//3228 5484//3228
f 5484//3229 5816//3229 5820//3229 5490//3229
f 5490//3230 5820//3230 5824//3230 5496//3230
f 5496//3231 5824//3231 5828//3231 5502//3231
f 5502//3232 5828//3232 5832//3232 5508//3232
f 5508//3233 5832//3233 5836//3233 5514//3233
f 5514//3234 5836//3234 5840//3234 5520//3234
f 5520//3235 5840//3235 5844//3235 5526//3235
f 5526//3236 5844//3236 5848//3236 5532//3236
f 5532//3237 5848//3237 5852//3237 5538//3237
f 5538//3238 5852//3238 5856//3238 5544//3238
f 5544//3239 5856//3239 5860//3239 5550//3239
f 5550//3240 5860//3240 5864//3240 5556//3240
f 5556//3241 5864//3241 5868//3241 5562//3241
f 5562//3242 5868//3242 5872//3242 5568//3242
f 5568//3243 5872//3243 5876//3243 5574//3243
f 5574//3244 5876//3244 5880//3244 5580//3244
f 5580//3245 5880//3245 5884//3245 5586//3245
f 5586//3246 5884//3246 5888//3246 5592//3246
f 5592//3247 5888//3247 5892//3247 5598//3247
f 5598//3248 5892//3248 5896//3248 5604//3248
f 5604//3249 5896//3249 5900//3249 5610//3249
f 5679//3242 5675//3242 5622//3242 5623//3242
f 5610//3250 5900//3250 5779//3250 5424//3250
f 5430//3251 5776//3251 5784//3251 5436//3251
f 5424//3252 5430//3252 5434//3252 5428//3252
f 5428//3253 5434//3253 5433//3253 5427//3253
f 5427//3254 5433//3254 5432//3254 5426//3254
f 5426//3255 5432//3255 5431//3255 5425//3255
f 5425//3256 5431//3256 5429//3256 5423//3256
f 5430//3257 5436//3257 5440//3257 5434//3257
f 5434//3258 5440//3258 5439//3258 5433//3258
f 5433//3259 5439//3259 5438//3259 5432//3259
f 5432//3260 5438//3260 5437//3260 5431//3260
f 5431//3261 5437//3261 5435//3261 5429//3261
f 5436//3262 5442//3262 5446//3262 5440//3262
f 5440//3263 5446//3263 5445//3263 5439//3263
f 5439//3264 5445//3264 5444//3264 5438//3264
f 5438//3265 5444//3265 5443//3265 5437//3265
f 5437//3266 5443//3266 5441//3266 5435//3266
f 5442//3267 5448//3267 5452//3267 5446//3267
f 5446//3268 5452//3268 5451//3268 5445//3268
f 5445//3269 5451//3269 5450//3269 5444//3269
f 5444//3270 5450//3270 5449//3270 5443//3270
f 5443//3271 5449//3271 5447//3271 5441//3271
f 5448//3272 5454//3272 5458//3272 5452//3272
f 5452//3273 5458//3273 5457//3273 5451//3273
f 5451//3274 5457//3274 5456//3274 5450//3274
f 5450//3275 5456//3275 5455//3275 5449//3275
f 5449//3276 5455//3276 5453//3276 5447//3276
f 5454//3277 5460//3277 5464//3277 5458//3277
f 5458//3278 5464//3278 5463//3278 5457//3278
f 5457//3279 5463//3279 5462//3279 5456//3279
f 5456//3280 5462//3280 5461//3280 5455//3280
f 5455//3281 5461//3281 5459//3281 5453//3281
f 5460//3282 5466//3282 5470//3282 5464//3282
f 5464//3283 5470//3283 5469//3283 5463//3283
f 5463//3284 5469//3284 5468//3284 5462//3284
f 5462//3285 5468//3285 5467//3285 5461//3285
f 5461//3286 5467//3286 5465//3286 5459//3286
f 5466//3287 5472//3287 5476//3287 5470//3287
f 5470//3288 5476//3288 5475//3288 5469//3288
f 5469//3289 5475//3289 5474//3289 5468//3289
f 5468//3290 5474//3290 5473//3290 5467//3290
f 5467//3291 5473//3291 5471//3291 5465//3291
f 5472//3292 5478//3292 5482//3292 5476//3292
f 5476//3293 5482//3293 5481//3293 5475//3293
f 5475//3294 5481//3294 5480//3294 5474//3294
f 5474//3295 5480//3295 5479//3295 5473//3295
f 5473//3296 5479//3296 5477//3296 5471//3296
f 5478//3297 5484//3297 5488//3297 5482//3297
f 5482//3298 5488//3298 5487//3298 5481//3298
f 5481//3299 5487//3299 5486//3299 5480//3299
f 5480//3300 5486//3300 5485//3300 5479//3300
f 5479//3301 5485//3301 5483//3301 5477//3301
f 5484//3302 5490//3302 5494//3302 5488//3302
f 5488//3303 5494//3303 5493//3303 5487//3303
f 5487//3304 5493//3304 5492//3304 5486//3304
f 5486//3305 5492//3305 5491//3305 5485//3305
f 5485//3306 5491//3306 5489//3306 5483//3306
f 5490//3307 5496//3307 5500//3307 5494//3307
f 5494//3308 5500//3308 5499//3308 5493//3308
f 5493//3309 5499//3309 5498//3309 5492//3309
f 5492//3310 5498//3310 5497//3310 5491//3310
f 5491//3311 5497//3311 5495//3311 5489//3311
f 5496//3312 5502//3312 5506//3312 5500//3312
f 5500//3313 5506//3313 5505//3313 5499//3313
f 5499//3314 5505//3314 5504//3314 5498//3314
f 5498//3315 5504//3315 5503//3315 5497//3315
f 5497//3316 5503//3316 5501//3316 5495//3316
f 5502//3317 5508//3317 5512//3317 5506//3317
f 5506//3318 5512//3318 5511//3318 5505//3318
f 5505//3319 5511//3319 5510//3319 5504//3319
f 5504//3320 5510//3320 5509//3320 5503//3320
f 5503//3321 5509//3321 5507//3321 5501//3321
f 5508//3322 5514//3322 5518//3322 5512//3322
f 5512//3323 5518//3323 5517//3323 5511//3323
f 5511//3324 5517//3324 5516//3324 5510//3324
f 5510//3325 5516//3325 5515//3325 5509//3325
f 5509//3326 5515//3326 5513//3326 5507//3326
f 5514//3327 5520//3327 5524//3327 5518//3327
f 5518//3328 5524//3328 5523//3328 5517//3328
f 5517//3329 5523//3329 5522//3329 5516//3329
f 5516//3330 5522//3330 5521//3330 5515//3330
f 5515//3331 5521//3331 5519//3331 5513//3331
f 5520//3332 5526//3332 5530//3332 5524//3332
f 5524//3333 5530//3333 5529//3333 5523//3333
f 5523//3334 5529//3334 5528//3334 5522//3334
f 5522//3335 5528//3335 5527//3335 5521//3335
f 5521//3336 5527//3336 5525//3336 5519//3336
f 5526//3337 5532//3337 5536//3337 5530//3337
f 5530//3338 5536//3338 5535//3338 5529//3338
f 5529//3339 5535//3339 5534//3339 5528//3339
f 5528//3340 5534//3340 5533//3340 5527//3340
f 5527//3341 5533//3341 5531//3341 5525//3341
f 5532//3342 5538//3342 5542//3342 5536//3342
f 5536//3343 5542//3343 5541//3343 5535//3343
f 5535//3344 5541//3344 5540//3344 5534//3344
f 5534//3345 5540//3345 5539//3345 5533//3345
f 5533//3346 5539//3346 5537//3346 5531//3346
f 5538//3347 5544//3347 5548//3347 5542//3347
f 5542//3348 5548//3348 5547//3348 5541//3348
f 5541//3349 5547//3349 5546//3349 5540//3349
f 5540//3350 5546//3350 5545//3350 5539//3350
f 5539//3351 5545//3351 5543//3351 5537//3351
f 5544//3352 5550//3352 5554//3352 5548//3352
f 5548//3353 5554//3353 5553//3353 5547//3353
f 5547//3354 5553//3354 5552//3354 5546//3354
f 5546//3355 5552//3355 5551//3355 5545//3355
f 5545//3356 5551//3356 5549//3356 5543//3356
f 5550//3357 5556//3357 5560//3357 5554//3357
f 5554//3358 5560//3358 5559//3358 5553//3358
f 5553//3359 5559//3359 5558//3359 5552//3359
f 5552//3360 5558//3360 5557//3360 5551//3360
f 5551//3361 5557//3361 5555//3361 5549//3361
f 5556//3362 5562//3362 5566//3362 5560//3362
f 5560//3363 5566//3363 5565//3363 5559//3363
f 5559//3364 5565//3364 5564//3364 5558//3364
f 5558//3365 5564//3365 5563//3365 5557//3365
f 5557//3366 5563//3366 5561//3366 5555//3366
f 5562//3367 5568//3367 5572//3367 5566//3367
f 5566//3368 5572//3368 5571//3368 5565//3368
f 5565//3369 5571//3369 5570//3369 5564//3369
f 5564//3370 5570//3370 5569//3370 5563//3370
f 5563//3371 5569//3371 5567//3371 5561//3371
f 5568//3372 5574//3372 5578//3372 5572//3372
f 5572//3373 5578//3373 5577//3373 5571//3373
f 5571//3374 5577//3374 5576//3374 5570//3374
f 5570//3375 5576//3375 5575//3375 5569//3375
f 5569//3376 5575//3376 5573//3376 5567//3376
f 5574//3377 5580//3377 5584//3377 5578//3377
f 5578//3378 5584//3378 5583//3378 5577//3378
f 5577//3379 5583//3379 5582//3379 5576//3379
f 5576//3380 5582//3380 5581//3380 5575//3380
f 5575//3381 5581//3381 5579//3381 5573//3381
f 5580//3382 5586//3382 5590//3382 5584//3382
f 5584//3383 5590//3383 5589//3383 5583//3383
f 5583//3384 5589//3384 5588//3384 5582//3384
f 5582//3385 5588//3385 5587//3385 5581//3385
f 5581//3386 5587//3386 5585//3386 5579//3386
f 5586//3387 5592//3387 5596//3387 5590//3387
f 5590//3388 5596//3388 5595//3388 5589//3388
f 5589//3389 5595//3389 5594//3389 5588//3389
f 5588//3390 5594//3390 5593//3390 5587//3390
f 5587//3391 5593//3391 5591//3391 5585//3391
f 5592//3392 5598//3392 5602//3392 5596//3392
f 5596//3393 5602//3393 5601//3393 5595//3393
f 5595//3394 5601//3394 5600//3394 5594//3394
f 5594//3395 5600//3395 5599//3395 5593//3395
f 5593//3396 5599//3396 5597//3396 5591//3396
f 5598//3397 5604//3397 5608//3397 5602//3397
f 5602//3398 5608//3398 5607//3398 5601//3398
f 5601//3399 5607//3399 5606//3399 5600//3399
f 5600//3400 5606//3400 5605//3400 5599//3400
f 5599//3401 5605//3401 5603//3401 5597//3401
f 5604//3402 5610//3402 5614//3402 5608//3402
f 5608//3403 5614//3403 5613//3403 5607//3403
f 5607//3404 5613//3404 5612//3404 5606//3404
f 5606//3405 5612//3405 5611//3405 5605//3405
f 5605//3406 5611//3406 5609//3406 5603//3406
f 5610//3407 5424//3407 5428//3407 5614//3407
f 5614//3408 5428//3408 5427//3408 5613//3408
f 5613//3409 5427//3409 5426//3409 5612//3409
f 5612//3410 5426//3410 5425//3410 5611//3410
f 5611//3411 5425//3411 5423//3411 5609//3411
f 5423//3412 5429//3412 5435//3412 5441//3412 5447//3412 5453//3412 5459//3412 5465//3412 5471//3412 5477//3412 5483//3412 5489//3412 5495//3412 5501//3412 5507//3412 5513//3412 5519//3412 5525//3412 5531//3412 5537//3412 5543//3412 5549//3412 5555//3412 5561//3412 5567//3412 5573//3412 5579//3412 5585//3412 5591//3412 5597//3412 5603//3412 5609//3412
f 5648//3234 5771//3234 5646//3234 5616//3234
f 5659//3237 5655//3237 5617//3237 5618//3237
f 5663//3238 5659//3238 5618//3238 5619//3238
f 5667//3239 5663//3239 5619//3239 5620//3239
f 5671//3240 5667//3240 5620//3240 5621//3240
f 5672//3413 5676//3413 5803//3413 5799//3413
f 5675//3241 5671//3241 5621//3241 5622//3241
f 5683//3243 5679//3243 5623//3243 5624//3243
f 5687//3244 5683//3244 5624//3244 5625//3244
f 5691//3245 5687//3245 5625//3245 5626//3245
f 5695//3246 5691//3246 5626//3246 5627//3246
f 5699//3247 5695//3247 5627//3247 5628//3247
f 5703//3248 5699//3248 5628//3248 5629//3248
f 5707//3249 5703//3249 5629//3249 5630//3249
f 5711//3250 5707//3250 5630//3250 5631//3250
f 5715//3414 5711//3414 5631//3414 5632//3414
f 5719//3251 5715//3251 5632//3251 5633//3251
f 5723//3221 5719//3221 5633//3221 5634//3221
f 5727//3222 5723//3222 5634//3222 5635//3222
f 5731//3223 5727//3223 5635//3223 5636//3223
f 5735//3224 5731//3224 5636//3224 5637//3224
f 5739//3225 5735//3225 5637//3225 5638//3225
f 5743//3226 5739//3226 5638//3226 5639//3226
f 5747//3227 5743//3227 5639//3227 5640//3227
f 5751//3228 5747//3228 5640//3228 5641//3228
f 5755//3229 5751//3229 5641//3229 5642//3229
f 5759//3230 5755//3230 5642//3230 5643//3230
f 5763//3231 5759//3231 5643//3231 5644//3231
f 5767//3232 5763//3232 5644//3232 5645//3232
f 5771//3233 5767//3233 5645//3233 5646//3233
f 5424//3414 5779//3414 5776//3414 5430//3414
f 5655//3236 5651//3236 5615//3236 5617//3236
f 5615//3413 5616//3413 5646//3413 5645//3413 5644//3413 5643//3413 5642//3413 5641//3413 5640//3413 5639//3413 5638//3413 5637//3413 5636//3413 5635//3413 5634//3413 5633//3413 5632//3413 5631//3413 5630//3413 5629//3413 5628//3413 5627//3413 5626//3413 5625//3413 5624//3413 5623//3413 5622//3413 5621//3413 5620//3413 5619//3413 5618//3413 5617//3413
f 5728//3413 5732//3413 5859//3413 5855//3413
f 5676//3413 5680//3413 5807//3413 5803//3413
f 5732//3413 5736//3413 5863//3413 5859//3413
f 5680//3413 5684//3413 5811//3413 5807//3413
f 5736//3413 5740//3413 5867//3413 5863//3413
f 5684//3413 5688//3413 5815//3413 5811//3413
f 5740//3413 5744//3413 5871//3413 5867//3413
f 5688//3413 5692//3413 5819//3413 5815//3413
f 5744//3413 5748//3413 5875//3413 5871//3413
f 5692//3413 5696//3413 5823//3413 5819//3413
f 5748//3413 5752//3413 5879//3413 5875//3413
f 5696//3413 5700//3413 5827//3413 5823//3413
f 5752//3413 5756//3413 5883//3413 5879//3413
f 5700//3413 5704//3413 5831//3413 5827//3413
f 5647//3413 5652//3413 5775//3413 5780//3413
f 5756//3413 5760//3413 5887//3413 5883//3413
f 5704//3413 5708//3413 5835//3413 5831//3413
f 5652//3413 5656//3413 5783//3413 5775//3413
f 5760//3413 5764//3413 5891//3413 5887//3413
f 5708//3413 5712//3413 5839//3413 5835//3413
f 5656//3413 5660//3413 5787//3413 5783//3413
f 5764//3413 5768//3413 5895//3413 5891//3413
f 5712//3413 5716//3413 5843//3413 5839//3413
f 5660//3413 5664//3413 5791//3413 5787//3413
f 5768//3413 5772//3413 5899//3413 5895//3413
f 5716//3413 5720//3413 5847//3413 5843//3413
f 5664//3413 5668//3413 5795//3413 5791//3413
f 5772//3413 5647//3413 5780//3413 5899//3413
f 5720//3413 5724//3413 5851//3413 5847//3413
f 5668//3413 5672//3413 5799//3413 5795//3413
f 5724//3413 5728//3413 5855//3413 5851//3413
f 5776//3415 5779//3415 5781//3415 5778//3415
f 5778//3416 5781//3416 5782//3416 5777//3416
f 5777//3417 5782//3417 5780//3417 5775//3417
f 5784//3418 5776//3418 5778//3418 5786//3418
f 5786//3419 5778//3419 5777//3419 5785//3419
f 5785//3420 5777//3420 5775//3420 5783//3420
f 5788//3421 5784//3421 5786//3421 5790//3421
f 5790//3422 5786//3422 5785//3422 5789//3422
f 5789//3423 5785//3423 5783//3423 5787//3423
f 5792//3424 5788//3424 5790//3424 5794//3424
f 5794//3425 5790//3425 5789//3425 5793//3425
f 5793//3426 5789//3426 5787//3426 5791//3426
f 5796//3427 5792//3427 5794//3427 5798//3427
f 5798//3428 5794//3428 5793//3428 5797//3428
f 5797//3429 5793//3429 5791//3429 5795//3429
f 5800//3430 5796//3430 5798//3430 5802//3430
f 5802//3431 5798//3431 5797//3431 5801//3431
f 5801//3432 5797//3432 5795//3432 5799//3432
f 5804//3433 5800//3433 5802//3433 5806//3433
f 5806//3434 5802//3434 5801//3434 5805//3434
f 5805//3435 5801//3435 5799//3435 5803//3435
f 5808//3436 5804//3436 5806//3436 5810//3436
f 5810//3437 5806//3437 5805//3437 5809//3437
f 5809//3438 5805//3438 5803//3438 5807//3438
f 5812//3439 5808//3439 5810//3439 5814//3439
f 5814//3440 5810//3440 5809//3440 5813//3440
f 5813//3441 5809//3441 5807//3441 5811//3441
f 5816//3442 5812//3442 5814//3442 5818//3442
f 5818//3443 5814//3443 5813//3443 5817//3443
f 5817//3444 5813//3444 5811//3444 5815//3444
f 5820//3445 5816//3445 5818//3445 5822//3445
f 5822//3446 5818//3446 5817//3446 5821//3446
f 5821//3447 5817//3447 5815//3447 5819//3447
f 5824//3448 5820//3448 5822//3448 5826//3448
f 5826//3449 5822//3449 5821//3449 5825//3449
f 5825//3450 5821//3450 5819//3450 5823//3450
f 5828//3451 5824//3451 5826//3451 5830//3451
f 5830//3452 5826//3452 5825//3452 5829//3452
f 5829//3453 5825//3453 5823//3453 5827//3453
f 5832//3454 5828//3454 5830//3454 5834//3454
f 5834//3455 5830//3455 5829//3455 5833//3455
f 5833//3456 5829//3456 5827//3456 5831//3456
f 5836//3457 5832//3457 5834//3457 5838//3457
f 5838//3458 5834//3458 5833//3458 5837//3458
f 5837//3459 5833//3459 5831//3459 5835//3459
f 5840//3460 5836//3460 5838//3460 5842//3460
f 5842//3461 5838//3461 5837//3461 5841//3461
f 5841//3462 5837//3462 5835//3462 5839//3462
f 5844//3463 5840//3463 5842//3463 5846//3463
f 5846//3464 5842//3464 5841//3464 5845//3464
f 5845//3465 5841//3465 5839//3465 5843//3465
f 5848//3466 5844//3466 5846//3466 5850//3466
f 5850//3467 5846//3467 5845//3467 5849//3467
f 5849//3468 5845//3468 5843//3468 5847//3468
f 5852//3469 5848//3469 5850//3469 5854//3469
f 5854//3470 5850//3470 5849//3470 5853//3470
f 5853//3471 5849//3471 5847//3471 5851//3471
f 5856//3472 5852//3472 5854//3472 5858//3472
f 5858//3473 5854//3473 5853//3473 5857//3473
f 5857//3474 5853//3474 5851//3474 5855//3474
f 5860//3475 5856//3475 5858//3475 5862//3475
f 5862//3476 5858//3476 5857//3476 5861//3476
f 5861//3477 5857//3477 5855//3477 5859//3477
f 5864//3478 5860//3478 5862//3478 5866//3478
f 5866//3479 5862//3479 5861//3479 5865//3479
f 5865//3480 5861//3480 5859//3480 5863//3480
f 5868//3481 5864//3481 5866//3481 5870//3481
f 5870//3482 5866//3482 5865//3482 5869//3482
f 5869//3483 5865//3483 5863//3483 5867//3483
f 5872//3484 5868//3484 5870//3484 5874//3484
f 5874//3485 5870//3485 5869//3485 5873//3485
f 5873//3486 5869//3486 5867//3486 5871//3486
f 5876//3487 5872//3487 5874//3487 5878//3487
f 5878//3488 5874//3488 5873//3488 5877//3488
f 5877//3489 5873//3489 5871//3489 5875//3489
f 5880//3490 5876//3490 5878//3490 5882//3490
f 5882//3491 5878//3491 5877//3491 5881//3491
f 5881//3492 5877//3492 5875//3492 5879//3492
f 5884//3493 5880//3493 5882//3493 5886//3493
f 5886//3494 5882//3494 5881//3494 5885//3494
f 5885//3495 5881//3495 5879//3495 5883//3495
f 5888//3496 5884//3496 5886//3496 5890//3496
f 5890//3497 5886//3497 5885//3497 5889//3497
f 5889//3498 5885//3498 5883//3498 5887//3498
f 5892//3499 5888//3499 5890//3499 5894//3499
f 5894//3500 5890//3500 5889//3500 5893//3500
f 5893//3501 5889//3501 5887//3501 5891//3501
f 5896//3502 5892//3502 5894//3502 5898//3502
f 5898//3503 5894//3503 5893//3503 5897//3503
f 5897//3504 5893//3504 5891//3504 5895//3504
f 5900//3505 5896//3505 5898//3505 5902//3505
f 5902//3506 5898//3506 5897//3506 5901//3506
f 5901//3507 5897//3507 5895//3507 5899//3507
f 5779//3508 5900//3508 5902//3508 5781//3508
f 5781//3509 5902//3509 5901//3509 5782//3509
f 5782//3510 5901//3510 5899//3510 5780//3510
f 5652//3511 5647//3511 5649//3511 5654//3511
f 5654//3464 5649//3464 5650//3464 5653//3464
f 5653//3463 5650//3463 5648//3463 5651//3463
f 5656//3468 5652//3468 5654//3468 5658//3468
f 5658//3467 5654//3467 5653//3467 5657//3467
f 5657//3466 5653//3466 5651//3466 5655//3466
f 5660//3471 5656//3471 5658//3471 5662//3471
f 5662//3470 5658//3470 5657//3470 5661//3470
f 5661//3469 5657//3469 5655//3469 5659//3469
f 5664//3474 5660//3474 5662//3474 5666//3474
f 5666//3473 5662//3473 5661//3473 5665//3473
f 5665//3472 5661//3472 5659//3472 5663//3472
f 5668//3477 5664//3477 5666//3477 5670//3477
f 5670//3476 5666//3476 5665//3476 5669//3476
f 5669//3475 5665//3475 5663//3475 5667//3475
f 5672//3480 5668//3480 5670//3480 5674//3480
f 5674//3479 5670//3479 5669//3479 5673//3479
f 5673//3478 5669//3478 5667//3478 5671//3478
f 5676//3483 5672//3483 5674//3483 5678//3483
f 5678//3482 5674//3482 5673//3482 5677//3482
f 5677//3481 5673//3481 5671//3481 5675//3481
f 5680//3486 5676//3486 5678//3486 5682//3486
f 5682//3485 5678//3485 5677//3485 5681//3485
f 5681//3484 5677//3484 5675//3484 5679//3484
f 5684//3489 5680//3489 5682//3489 5686//3489
f 5686//3488 5682//3488 5681//3488 5685//3488
f 5685//3487 5681//3487 5679//3487 5683//3487
f 5688//3492 5684//3492 5686//3492 5690//3492
f 5690//3491 5686//3491 5685//3491 5689//3491
f 5689//3490 5685//3490 5683//3490 5687//3490
f 5692//3495 5688//3495 5690//3495 5694//3495
f 5694//3494 5690//3494 5689//3494 5693//3494
f 5693//3493 5689//3493 5687//3493 5691//3493
f 5696//3498 5692//3498 5694//3498 5698//3498
f 5698//3497 5694//3497 5693//3497 5697//3497
f 5697//3496 5693//3496 5691//3496 5695//3496
f 5700//3501 5696//3501 5698//3501 5702//3501
f 5702//3500 5698//3500 5697//3500 5701//3500
f 5701//3499 5697//3499 5695//3499 5699//3499
f 5704//3504 5700//3504 5702//3504 5706//3504
f 5706//3503 5702//3503 5701//3503 5705//3503
f 5705//3502 5701//3502 5699//3502 5703//3502
f 5708//3507 5704//3507 5706//3507 5710//3507
f 5710//3512 5706//3512 5705//3512 5709//3512
f 5709//3505 5705//3505 5703//3505 5707//3505
f 5712//3513 5708//3513 5710//3513 5714//3513
f 5714//3509 5710//3509 5709//3509 5713//3509
f 5713//3508 5709//3508 5707//3508 5711//3508
f 5716//3514 5712//3514 5714//3514 5718//3514
f 5718//3416 5714//3416 5713//3416 5717//3416
f 5717//3415 5713//3415 5711//3415 5715//3415
f 5720//3420 5716//3420 5718//3420 5722//3420
f 5722//3515 5718//3515 5717//3515 5721//3515
f 5721//3418 5717//3418 5715//3418 5719//3418
f 5724//3423 5720//3423 5722//3423 5726//3423
f 5726//3422 5722//3422 5721//3422 5725//3422
f 5725//3421 5721//3421 5719//3421 5723//3421
f 5728//3516 5724//3516 5726//3516 5730//3516
f 5730//3425 5726//3425 5725//3425 5729//3425
f 5729//3424 5725//3424 5723//3424 5727//3424
f 5732//3429 5728//3429 5730//3429 5734//3429
f 5734//3428 5730//3428 5729//3428 5733//3428
f 5733//3427 5729//3427 5727//3427 5731//3427
f 5736//3432 5732//3432 5734//3432 5738//3432
f 5738//3431 5734//3431 5733//3431 5737//3431
f 5737//3430 5733//3430 5731//3430 5735//3430
f 5740//3435 5736//3435 5738//3435 5742//3435
f 5742//3434 5738//3434 5737//3434 5741//3434
f 5741//3433 5737//3433 5735//3433 5739//3433
f 5744//3438 5740//3438 5742//3438 5746//3438
f 5746//3437 5742//3437 5741//3437 5745//3437
f 5745//3436 5741//3436 5739//3436 5743//3436
f 5748//3441 5744//3441 5746//3441 5750//3441
f 5750//3440 5746//3440 5745//3440 5749//3440
f 5749//3439 5745//3439 5743//3439 5747//3439
f 5752//3444 5748//3444 5750//3444 5754//3444
f 5754//3443 5750//3443 5749//3443 5753//3443
f 5753//3442 5749//3442 5747//3442 5751//3442
f 5756//3447 5752//3447 5754//3447 5758//3447
f 5758//3446 5754//3446 5753//3446 5757//3446
f 5757//3445 5753//3445 5751//3445 5755//3445
f 5760//3450 5756//3450 5758//3450 5762//3450
f 5762//3449 5758//3449 5757//3449 5761//3449
f 5761//3448 5757//3448 5755//3448 5759//3448
f 5764//3453 5760//3453 5762//3453 5766//3453
f 5766//3452 5762//3452 5761//3452 5765//3452
f 5765//3451 5761//3451 5759//3451 5763//3451
f 5768//3517 5764//3517 5766//3517 5770//3517
f 5770//3455 5766//3455 5765//3455 5769//3455
f 5769//3454 5765//3454 5763//3454 5767//3454
f 5772//3459 5768//3459 5770//3459 5774//3459
f 5774//3518 5770//3518 5769//3518 5773//3518
f 5773//3457 5769//3457 5767//3457 5771//3457
f 5647//3519 5772//3519 5774//3519 5649//3519
f 5649//3461 5774//3461 5773//3461 5650//3461
f 5650//3460 5773//3460 5771//3460 5648//3460
f 5651//3235 5648//3235 5616//3235 5615//3235
o Cylinder.004
v 0.207555 0.743983 0.161003
v 0.207555 0.753012 0.151930
v 0.207555 0.744425 0.158199
v 0.207555 0.745707 0.155670
v 0.207555 0.747705 0.153663
v 0.207555 0.750222 0.152374
v 0.215844 0.743983 0.161819
v 0.217614 0.753012 0.152921
v 0.216391 0.744425 0.159069
v 0.216884 0.745707 0.156589
v 0.217276 0.747705 0.154620
v 0.217527 0.750222 0.153357
v 0.223815 0.743983 0.164237
v 0.227287 0.753012 0.155855
v 0.224888 0.744425 0.161647
v 0.225855 0.745707 0.159310
v 0.226623 0.747705 0.157456
v 0.227117 0.750222 0.156265
v 0.231161 0.743983 0.168163
v 0.236201 0.753012 0.160620
v 0.232718 0.744425 0.165832
v 0.234123 0.745707 0.163730
v 0.235238 0.747705 0.162061
v 0.235954 0.750222 0.160989
v 0.237599 0.743983 0.173448
v 0.244014 0.753012 0.167032
v 0.239582 0.744425 0.171465
v 0.241370 0.745707 0.169677
v 0.242789 0.747705 0.168258
v 0.243700 0.750222 0.167346
v 0.242883 0.743983 0.179886
v 0.250427 0.753012 0.174846
v 0.245214 0.744425 0.178329
v 0.247317 0.745707 0.176924
v 0.248986 0.747705 0.175809
v 0.250058 0.750222 0.175093
v 0.246810 0.743983 0.187232
v 0.255192 0.753012 0.183760
v 0.249400 0.744425 0.186159
v 0.251737 0.745707 0.185191
v 0.253591 0.747705 0.184423
v 0.254781 0.750222 0.183930
v 0.249228 0.743983 0.195203
v 0.258126 0.753012 0.193433
v 0.251977 0.744425 0.194656
v 0.254458 0.745707 0.194163
v 0.256426 0.747705 0.193771
v 0.257690 0.750222 0.193520
v 0.250044 0.743983 0.203492
v 0.259117 0.753012 0.203492
v 0.252848 0.744425 0.203492
v 0.255377 0.745707 0.203492
v 0.257384 0.747705 0.203492
v 0.258672 0.750222 0.203492
v 0.249228 0.743983 0.211782
v 0.258126 0.753012 0.213551
v 0.251977 0.744425 0.212328
v 0.254458 0.745707 0.212822
v 0.256426 0.747705 0.213213
v 0.257690 0.750222 0.213465
v 0.246810 0.743983 0.219752
v 0.255192 0.753012 0.223224
v 0.249400 0.744425 0.220825
v 0.251737 0.745707 0.221793
v 0.253591 0.747705 0.222561
v 0.254781 0.750222 0.223054
v 0.242883 0.743983 0.227098
v 0.250427 0.753012 0.232138
v 0.245214 0.744425 0.228656
v 0.247317 0.745707 0.230061
v 0.248986 0.747705 0.231176
v 0.250058 0.750222 0.231892
v 0.237599 0.743983 0.233537
v 0.244014 0.753012 0.239952
v 0.239582 0.744425 0.235519
v 0.241370 0.745707 0.237308
v 0.242789 0.747705 0.238727
v 0.243700 0.750222 0.239638
v 0.231161 0.743983 0.238821
v 0.236201 0.753012 0.246364
v 0.232718 0.744425 0.241152
v 0.234123 0.745707 0.243255
v 0.235238 0.747705 0.244924
v 0.235954 0.750222 0.245995
v 0.223815 0.743983 0.242747
v 0.227287 0.753012 0.251129
v 0.224888 0.744425 0.245338
v 0.225855 0.745707 0.247674
v 0.226623 0.747705 0.249528
v 0.227117 0.750222 0.250719
v 0.215844 0.743983 0.245165
v 0.217614 0.753012 0.254063
v 0.216391 0.744425 0.247915
v 0.216884 0.745707 0.250395
v 0.217276 0.747705 0.252364
v 0.217527 0.750222 0.253628
v 0.207555 0.743983 0.245982
v 0.207555 0.753012 0.255054
v 0.207555 0.744425 0.248785
v 0.207555 0.745707 0.251314
v 0.207555 0.747705 0.253321
v 0.207555 0.750222 0.254610
v 0.199265 0.743983 0.245165
v 0.197495 0.753012 0.254063
v 0.198718 0.744425 0.247915
v 0.198225 0.745707 0.250395
v 0.197833 0.747705 0.252364
v 0.197582 0.750222 0.253628
v 0.191295 0.743983 0.242747
v 0.187823 0.753012 0.251129
v 0.190222 0.744425 0.245338
v 0.189254 0.745707 0.247674
v 0.188486 0.747705 0.249528
v 0.187993 0.750222 0.250719
v 0.183949 0.743983 0.238821
v 0.178908 0.753012 0.246364
v 0.182391 0.744425 0.241152
v 0.180986 0.745707 0.243255
v 0.179871 0.747705 0.244924
v 0.179155 0.750222 0.245995
v 0.177510 0.743983 0.233537
v 0.171095 0.753012 0.239952
v 0.175528 0.744425 0.235519
v 0.173739 0.745707 0.237308
v 0.172320 0.747705 0.238727
v 0.171409 0.750222 0.239638
v 0.172226 0.743983 0.227098
v 0.164683 0.753012 0.232138
v 0.169895 0.744425 0.228656
v 0.167792 0.745707 0.230061
v 0.166123 0.747705 0.231176
v 0.165052 0.750222 0.231892
v 0.168299 0.743983 0.219752
v 0.159918 0.753012 0.223224
v 0.165709 0.744425 0.220825
v 0.163373 0.745707 0.221793
v 0.161518 0.747705 0.222561
v 0.160328 0.750222 0.223054
v 0.165881 0.743983 0.211781
v 0.156984 0.753012 0.213551
v 0.163132 0.744425 0.212328
v 0.160651 0.745707 0.212822
v 0.158683 0.747705 0.213213
v 0.157419 0.750222 0.213465
v 0.165065 0.743983 0.203492
v 0.155993 0.753012 0.203492
v 0.162262 0.744425 0.203492
v 0.159733 0.745707 0.203492
v 0.157725 0.747705 0.203492
v 0.156437 0.750222 0.203492
v 0.165881 0.743983 0.195203
v 0.156984 0.753012 0.193433
v 0.163132 0.744425 0.194656
v 0.160651 0.745707 0.194163
v 0.158683 0.747705 0.193771
v 0.157419 0.750222 0.193520
v 0.168299 0.743983 0.187232
v 0.159918 0.753012 0.183760
v 0.165709 0.744425 0.186159
v 0.163373 0.745707 0.185191
v 0.161519 0.747705 0.184423
v 0.160328 0.750222 0.183930
v 0.172226 0.743983 0.179886
v 0.164683 0.753012 0.174846
v 0.169895 0.744425 0.178329
v 0.167792 0.745707 0.176924
v 0.166123 0.747705 0.175809
v 0.165052 0.750222 0.175093
v 0.177510 0.743983 0.173447
v 0.171095 0.753012 0.167032
v 0.175528 0.744425 0.171465
v 0.173739 0.745707 0.169677
v 0.172320 0.747705 0.168258
v 0.171409 0.750222 0.167346
v 0.183949 0.743983 0.168163
v 0.178908 0.753012 0.160620
v 0.182391 0.744425 0.165832
v 0.180986 0.745707 0.163730
v 0.179871 0.747705 0.162061
v 0.179155 0.750222 0.160989
v 0.191295 0.743983 0.164237
v 0.187823 0.753012 0.155855
v 0.190222 0.744425 0.161647
v 0.189254 0.745707 0.159310
v 0.188486 0.747705 0.157456
v 0.187993 0.750222 0.156265
v 0.199265 0.743983 0.161819
v 0.197496 0.753012 0.152921
v 0.198718 0.744425 0.159069
v 0.198225 0.745707 0.156589
v 0.197834 0.747705 0.154620
v 0.197582 0.750222 0.153357
v 0.215393 0.861456 0.164084
v 0.207555 0.861456 0.163312
v 0.222931 0.861456 0.166371
v 0.229877 0.861456 0.170084
v 0.235966 0.861456 0.175081
v 0.240963 0.861456 0.181169
v 0.244676 0.861456 0.188116
v 0.246962 0.861456 0.195653
v 0.247735 0.861456 0.203492
v 0.246962 0.861456 0.211331
v 0.244676 0.861456 0.218868
v 0.240963 0.861456 0.225815
v 0.235966 0.861456 0.231904
v 0.229877 0.861456 0.236901
v 0.222931 0.861456 0.240614
v 0.215393 0.861456 0.242900
v 0.207555 0.861456 0.243672
v 0.199716 0.861456 0.242900
v 0.192178 0.861456 0.240614
v 0.185232 0.861456 0.236900
v 0.179143 0.861456 0.231904
v 0.174146 0.861456 0.225815
v 0.170433 0.861456 0.218868
v 0.168147 0.861456 0.211331
v 0.167375 0.861456 0.203492
v 0.168147 0.861456 0.195653
v 0.170433 0.861456 0.188116
v 0.174146 0.861456 0.181169
v 0.179143 0.861456 0.175081
v 0.185232 0.861456 0.170084
v 0.192179 0.861456 0.166371
v 0.199716 0.861456 0.164084
v 0.207555 0.891305 0.158967
v 0.207555 0.886981 0.163312
v 0.207555 0.890726 0.161140
v 0.207555 0.889143 0.162730
v 0.215393 0.886981 0.164084
v 0.216241 0.891305 0.159823
v 0.215507 0.889143 0.163513
v 0.215817 0.890726 0.161954
v 0.222931 0.886981 0.166371
v 0.224594 0.891305 0.162357
v 0.223154 0.889143 0.165833
v 0.223762 0.890726 0.164364
v 0.229877 0.886981 0.170084
v 0.232291 0.891305 0.166471
v 0.230201 0.889143 0.169600
v 0.231084 0.890726 0.168278
v 0.235966 0.886981 0.175081
v 0.239038 0.891305 0.172008
v 0.236378 0.889143 0.174669
v 0.237502 0.890726 0.173545
v 0.240963 0.886981 0.181169
v 0.244576 0.891305 0.178756
v 0.241447 0.889143 0.180846
v 0.242769 0.890726 0.179963
v 0.244676 0.886981 0.188116
v 0.248690 0.891305 0.186453
v 0.245214 0.889143 0.187893
v 0.246683 0.890726 0.187285
v 0.246962 0.886981 0.195653
v 0.251224 0.891305 0.194806
v 0.247533 0.889143 0.195540
v 0.249093 0.890726 0.195230
v 0.247735 0.886981 0.203492
v 0.252079 0.891305 0.203492
v 0.248317 0.889143 0.203492
v 0.249907 0.890726 0.203492
v 0.246962 0.886981 0.211331
v 0.251224 0.891305 0.212179
v 0.247533 0.889143 0.211444
v 0.249093 0.890726 0.211755
v 0.244676 0.886981 0.218868
v 0.248690 0.891305 0.220531
v 0.245214 0.889143 0.219091
v 0.246683 0.890726 0.219700
v 0.240963 0.886981 0.225815
v 0.244576 0.891305 0.228229
v 0.241447 0.889143 0.226138
v 0.242769 0.890726 0.227022
v 0.235966 0.886981 0.231904
v 0.239038 0.891305 0.234976
v 0.236378 0.889143 0.232315
v 0.237502 0.890726 0.233440
v 0.229877 0.886981 0.236901
v 0.232291 0.891305 0.240513
v 0.230201 0.889143 0.237385
v 0.231084 0.890726 0.238707
v 0.222931 0.886981 0.240614
v 0.224594 0.891305 0.244628
v 0.223154 0.889143 0.241151
v 0.223762 0.890726 0.242621
v 0.215393 0.886981 0.242900
v 0.216241 0.891305 0.247161
v 0.215507 0.889143 0.243471
v 0.215817 0.890726 0.245031
v 0.207555 0.886981 0.243672
v 0.207555 0.891305 0.248017
v 0.207555 0.889143 0.244254
v 0.207555 0.890726 0.245844
v 0.199716 0.886981 0.242900
v 0.198868 0.891305 0.247161
v 0.199602 0.889143 0.243471
v 0.199292 0.890726 0.245031
v 0.192178 0.886981 0.240614
v 0.190516 0.891305 0.244628
v 0.191956 0.889143 0.241151
v 0.191347 0.890726 0.242621
v 0.185232 0.886981 0.236900
v 0.182818 0.891305 0.240513
v 0.184909 0.889143 0.237384
v 0.184025 0.890726 0.238707
v 0.179143 0.886981 0.231904
v 0.176071 0.891305 0.234976
v 0.178732 0.889143 0.232315
v 0.177607 0.890726 0.233440
v 0.174146 0.886981 0.225815
v 0.170534 0.891305 0.228229
v 0.173662 0.889143 0.226138
v 0.172340 0.890726 0.227022
v 0.170433 0.886981 0.218868
v 0.166419 0.891305 0.220531
v 0.169896 0.889143 0.219091
v 0.168426 0.890726 0.219700
v 0.168147 0.886981 0.211331
v 0.163885 0.891305 0.212178
v 0.167576 0.889143 0.211444
v 0.166016 0.890726 0.211755
v 0.167375 0.886981 0.203492
v 0.163030 0.891305 0.203492
v 0.166793 0.889143 0.203492
v 0.165202 0.890726 0.203492
v 0.168147 0.886981 0.195653
v 0.163885 0.891305 0.194806
v 0.167576 0.889143 0.195540
v 0.166016 0.890726 0.195230
v 0.170433 0.886981 0.188116
v 0.166419 0.891305 0.186453
v 0.169896 0.889143 0.187893
v 0.168426 0.890726 0.187285
v 0.174146 0.886981 0.181169
v 0.170534 0.891305 0.178756
v 0.173662 0.889143 0.180846
v 0.172340 0.890726 0.179962
v 0.179143 0.886981 0.175081
v 0.176071 0.891305 0.172008
v 0.178732 0.889143 0.174669
v 0.177607 0.890726 0.173545
v 0.185232 0.886981 0.170084
v 0.182818 0.891305 0.166471
v 0.184909 0.889143 0.169600
v 0.184025 0.890726 0.168278
v 0.192179 0.886981 0.166371
v 0.190516 0.891305 0.162357
v 0.191956 0.889143 0.165833
v 0.191347 0.890726 0.164364
v 0.199716 0.886981 0.164084
v 0.198868 0.891305 0.159823
v 0.199602 0.889143 0.163513
v 0.199292 0.890726 0.161954
v 0.216766 0.891305 0.157182
v 0.217614 0.886981 0.152921
v 0.217190 0.890726 0.155052
v 0.217500 0.889143 0.153492
v 0.207555 0.886981 0.151930
v 0.207555 0.891305 0.156275
v 0.207555 0.889143 0.152512
v 0.207555 0.890726 0.154103
v 0.225624 0.891305 0.159869
v 0.227287 0.886981 0.155855
v 0.226455 0.890726 0.157862
v 0.227064 0.889143 0.156393
v 0.233787 0.891305 0.164233
v 0.236201 0.886981 0.160620
v 0.234994 0.890726 0.162426
v 0.235877 0.889143 0.161104
v 0.240942 0.891305 0.170105
v 0.244014 0.886981 0.167032
v 0.242478 0.890726 0.168569
v 0.243603 0.889143 0.167444
v 0.246814 0.891305 0.177260
v 0.250427 0.886981 0.174846
v 0.248620 0.890726 0.176053
v 0.249943 0.889143 0.175169
v 0.251177 0.891305 0.185423
v 0.255192 0.886981 0.183760
v 0.253185 0.890726 0.184592
v 0.254654 0.889143 0.183983
v 0.253864 0.891305 0.194281
v 0.258126 0.886981 0.193433
v 0.255995 0.890726 0.193857
v 0.257555 0.889143 0.193547
v 0.254772 0.891305 0.203492
v 0.259117 0.886981 0.203492
v 0.256944 0.890726 0.203492
v 0.258534 0.889143 0.203492
v 0.253864 0.891305 0.212704
v 0.258126 0.886981 0.213551
v 0.255995 0.890726 0.213128
v 0.257555 0.889143 0.213438
v 0.251177 0.891305 0.221561
v 0.255192 0.886981 0.223224
v 0.253185 0.890726 0.222393
v 0.254654 0.889143 0.223001
v 0.246814 0.891305 0.229725
v 0.250427 0.886981 0.232138
v 0.248620 0.890726 0.230931
v 0.249943 0.889143 0.231815
v 0.240942 0.891305 0.236880
v 0.244014 0.886981 0.239952
v 0.242478 0.890726 0.238416
v 0.243603 0.889143 0.239540
v 0.233787 0.891305 0.242752
v 0.236201 0.886981 0.246364
v 0.234994 0.890726 0.244558
v 0.235877 0.889143 0.245880
v 0.225624 0.891305 0.247115
v 0.227287 0.886981 0.251129
v 0.226455 0.890726 0.249122
v 0.227064 0.889143 0.250591
v 0.216766 0.891305 0.249802
v 0.217614 0.886981 0.254063
v 0.217190 0.890726 0.251933
v 0.217500 0.889143 0.253492
v 0.207555 0.891305 0.250709
v 0.207555 0.886981 0.255054
v 0.207555 0.890726 0.252882
v 0.207555 0.889143 0.254472
v 0.198343 0.891305 0.249802
v 0.197495 0.886981 0.254063
v 0.197919 0.890726 0.251933
v 0.197609 0.889143 0.253492
v 0.189485 0.891305 0.247115
v 0.187823 0.886981 0.251129
v 0.188654 0.890726 0.249122
v 0.188046 0.889143 0.250591
v 0.181322 0.891305 0.242752
v 0.178908 0.886981 0.246364
v 0.180115 0.890726 0.244558
v 0.179232 0.889143 0.245880
v 0.174167 0.891305 0.236880
v 0.171095 0.886981 0.239952
v 0.172631 0.890726 0.238416
v 0.171507 0.889143 0.239540
v 0.168295 0.891305 0.229725
v 0.164683 0.886981 0.232138
v 0.166489 0.890726 0.230931
v 0.165167 0.889143 0.231815
v 0.163932 0.891305 0.221561
v 0.159918 0.886981 0.223224
v 0.161925 0.890726 0.222393
v 0.160456 0.889143 0.223001
v 0.161245 0.891305 0.212704
v 0.156984 0.886981 0.213551
v 0.159114 0.890726 0.213128
v 0.157554 0.889143 0.213438
v 0.160338 0.891305 0.203492
v 0.155993 0.886981 0.203492
v 0.158165 0.890726 0.203492
v 0.156575 0.889143 0.203492
v 0.161245 0.891305 0.194281
v 0.156984 0.886981 0.193433
v 0.159114 0.890726 0.193857
v 0.157555 0.889143 0.193546
v 0.163932 0.891305 0.185423
v 0.159918 0.886981 0.183760
v 0.161925 0.890726 0.184592
v 0.160456 0.889143 0.183983
v 0.168295 0.891305 0.177260
v 0.164683 0.886981 0.174846
v 0.166489 0.890726 0.176053
v 0.165167 0.889143 0.175169
v 0.174167 0.891305 0.170105
v 0.171095 0.886981 0.167032
v 0.172631 0.890726 0.168569
v 0.171507 0.889143 0.167444
v 0.181322 0.891305 0.164233
v 0.178908 0.886981 0.160620
v 0.180115 0.890726 0.162426
v 0.179232 0.889143 0.161104
v 0.189486 0.891305 0.159869
v 0.187823 0.886981 0.155855
v 0.188654 0.890726 0.157862
v 0.188046 0.889143 0.156393
v 0.198343 0.891305 0.157182
v 0.197496 0.886981 0.152921
v 0.197919 0.890726 0.155052
v 0.197609 0.889143 0.153492
vn 0.4714 0.0000 -0.8819
vn 0.6344 0.0000 -0.7730
vn 0.7730 0.0000 -0.6344
vn 0.8819 0.0000 -0.4714
vn 0.9569 0.0000 -0.2903
vn 0.9952 0.0000 -0.0980
vn 0.9952 0.0000 0.0980
vn 0.9569 0.0000 0.2903
vn 0.8819 0.0000 0.4714
vn 0.7730 0.0000 0.6344
vn 0.6344 0.0000 0.7730
vn 0.4714 0.0000 0.8819
vn 0.2903 0.0000 0.9569
vn 0.0980 0.0000 0.9952
vn -0.0980 0.0000 0.9952
vn -0.2903 0.0000 0.9569
vn -0.4714 0.0000 0.8819
vn -0.6344 0.0000 0.7730
vn -0.7730 0.0000 0.6344
vn -0.8819 0.0000 0.4714
vn -0.9569 0.0000 0.2903
vn -0.9952 0.0000 0.0980
vn -0.9952 0.0000 -0.0980
vn -0.9569 0.0000 -0.2903
vn -0.8819 0.0000 -0.4714
vn -0.7730 0.0000 -0.6344
vn -0.6344 0.0000 -0.7730
vn -0.4714 0.0000 -0.8819
vn -0.2903 0.0000 -0.9569
vn -0.0980 0.0000 -0.9952
vn 0.2903 0.0000 -0.9569
vn 0.0968 -0.1564 -0.9829
vn 0.0873 -0.4540 -0.8867
vn 0.0693 -0.7071 -0.7037
vn 0.0445 -0.8910 -0.4518
vn 0.0153 -0.9877 -0.1557
vn 0.2867 -0.1564 -0.9452
vn 0.2586 -0.4540 -0.8526
vn 0.2053 -0.7071 -0.6767
vn 0.1318 -0.8910 -0.4344
vn 0.0454 -0.9877 -0.1497
vn 0.4656 -0.1564 -0.8711
vn 0.4200 -0.4540 -0.7858
vn 0.3333 -0.7071 -0.6236
vn 0.2140 -0.8910 -0.4004
vn 0.0737 -0.9877 -0.1380
vn 0.6266 -0.1564 -0.7635
vn 0.5652 -0.4540 -0.6888
vn 0.4486 -0.7071 -0.5466
vn 0.2880 -0.8910 -0.3509
vn 0.0992 -0.9877 -0.1209
vn 0.7635 -0.1564 -0.6266
vn 0.6888 -0.4540 -0.5653
vn 0.5466 -0.7071 -0.4486
vn 0.3510 -0.8910 -0.2880
vn 0.1209 -0.9877 -0.0992
vn 0.8711 -0.1564 -0.4656
vn 0.7858 -0.4540 -0.4200
vn 0.6236 -0.7071 -0.3333
vn 0.4004 -0.8910 -0.2140
vn 0.1380 -0.9877 -0.0737
vn 0.9452 -0.1564 -0.2867
vn 0.8526 -0.4540 -0.2587
vn 0.6767 -0.7071 -0.2053
vn 0.4345 -0.8910 -0.1318
vn 0.1497 -0.9877 -0.0454
vn 0.9829 -0.1564 -0.0968
vn 0.8867 -0.4540 -0.0873
vn 0.7037 -0.7071 -0.0693
vn 0.4518 -0.8910 -0.0445
vn 0.1557 -0.9877 -0.0153
vn 0.9829 -0.1564 0.0968
vn 0.8867 -0.4540 0.0873
vn 0.7037 -0.7071 0.0693
vn 0.4518 -0.8910 0.0445
vn 0.1557 -0.9877 0.0153
vn 0.9452 -0.1564 0.2867
vn 0.8526 -0.4540 0.2586
vn 0.6767 -0.7071 0.2053
vn 0.4345 -0.8910 0.1318
vn 0.1497 -0.9877 0.0454
vn 0.8711 -0.1564 0.4656
vn 0.7858 -0.4540 0.4200
vn 0.6236 -0.7071 0.3333
vn 0.4004 -0.8910 0.2140
vn 0.1380 -0.9877 0.0737
vn 0.7635 -0.1564 0.6266
vn 0.6888 -0.4540 0.5653
vn 0.5466 -0.7071 0.4486
vn 0.3509 -0.8910 0.2880
vn 0.1209 -0.9877 0.0992
vn 0.6266 -0.1564 0.7635
vn 0.5652 -0.4540 0.6888
vn 0.4486 -0.7071 0.5466
vn 0.2880 -0.8910 0.3509
vn 0.0992 -0.9877 0.1209
vn 0.4656 -0.1564 0.8711
vn 0.4200 -0.4540 0.7858
vn 0.3333 -0.7071 0.6236
vn 0.2140 -0.8910 0.4004
vn 0.0737 -0.9877 0.1380
vn 0.2867 -0.1564 0.9452
vn 0.2586 -0.4540 0.8526
vn 0.2053 -0.7071 0.6767
vn 0.1318 -0.8910 0.4344
vn 0.0454 -0.9877 0.1497
vn 0.0968 -0.1564 0.9829
vn 0.0873 -0.4540 0.8867
vn 0.0693 -0.7071 0.7037
vn 0.0445 -0.8910 0.4518
vn 0.0153 -0.9877 0.1557
vn -0.0968 -0.1564 0.9829
vn -0.0873 -0.4540 0.8867
vn -0.0693 -0.7071 0.7037
vn -0.0445 -0.8910 0.4518
vn -0.0153 -0.9877 0.1557
vn -0.2867 -0.1564 0.9452
vn -0.2586 -0.4540 0.8526
vn -0.2053 -0.7071 0.6766
vn -0.1318 -0.8910 0.4345
vn -0.0454 -0.9877 0.1497
vn -0.4656 -0.1564 0.8711
vn -0.4200 -0.4540 0.7858
vn -0.3333 -0.7071 0.6236
vn -0.2140 -0.8910 0.4004
vn -0.0737 -0.9877 0.1380
vn -0.6266 -0.1564 0.7635
vn -0.5653 -0.4540 0.6888
vn -0.4486 -0.7071 0.5466
vn -0.2880 -0.8910 0.3509
vn -0.0992 -0.9877 0.1209
vn -0.7635 -0.1564 0.6266
vn -0.6888 -0.4540 0.5652
vn -0.5466 -0.7071 0.4486
vn -0.3509 -0.8910 0.2880
vn -0.1209 -0.9877 0.0992
vn -0.8711 -0.1564 0.4656
vn -0.7858 -0.4540 0.4200
vn -0.6236 -0.7071 0.3333
vn -0.4004 -0.8910 0.2140
vn -0.1380 -0.9877 0.0737
vn -0.9452 -0.1564 0.2867
vn -0.8526 -0.4540 0.2586
vn -0.6767 -0.7071 0.2053
vn -0.4345 -0.8910 0.1318
vn -0.1497 -0.9877 0.0454
vn -0.9829 -0.1564 0.0968
vn -0.8867 -0.4540 0.0873
vn -0.7037 -0.7071 0.0693
vn -0.4518 -0.8910 0.0445
vn -0.1557 -0.9877 0.0153
vn -0.9829 -0.1564 -0.0968
vn -0.8867 -0.4540 -0.0873
vn -0.7037 -0.7071 -0.0693
vn -0.4518 -0.8910 -0.0445
vn -0.1557 -0.9877 -0.0153
vn -0.9452 -0.1564 -0.2867
vn -0.8526 -0.4540 -0.2586
vn -0.6767 -0.7071 -0.2053
vn -0.4345 -0.8910 -0.1318
vn -0.1497 -0.9877 -0.0454
vn -0.8711 -0.1564 -0.4656
vn -0.7858 -0.4540 -0.4200
vn -0.6236 -0.7071 -0.3333
vn -0.4004 -0.8910 -0.2140
vn -0.1380 -0.9877 -0.0737
vn -0.7635 -0.1564 -0.6266
vn -0.6888 -0.4540 -0.5652
vn -0.5466 -0.7071 -0.4486
vn -0.3509 -0.8910 -0.2880
vn -0.1209 -0.9877 -0.0992
vn -0.6266 -0.1564 -0.7635
vn -0.5652 -0.4540 -0.6888
vn -0.4486 -0.7071 -0.5466
vn -0.2880 -0.8910 -0.3510
vn -0.0992 -0.9877 -0.1209
vn -0.4656 -0.1564 -0.8711
vn -0.4200 -0.4540 -0.7858
vn -0.3333 -0.7071 -0.6236
vn -0.2140 -0.8910 -0.4004
vn -0.0737 -0.9877 -0.1379
vn -0.2867 -0.1564 -0.9452
vn -0.2586 -0.4540 -0.8526
vn -0.2053 -0.7071 -0.6767
vn -0.1318 -0.8910 -0.4344
vn -0.0454 -0.9877 -0.1497
vn -0.0968 -0.1564 -0.9829
vn -0.0873 -0.4540 -0.8867
vn -0.0693 -0.7071 -0.7037
vn -0.0445 -0.8910 -0.4518
vn -0.0153 -0.9877 -0.1557
vn 0.0000 -1.0000 -0.0000
vn 0.0000 1.0000 -0.0000
vn 0.0980 0.0000 -0.9952
vn 0.0947 0.2588 -0.9613
vn 0.0693 0.7071 -0.7037
vn 0.0254 0.9659 -0.2576
vn 0.2804 0.2588 -0.9243
vn 0.2053 0.7071 -0.6766
vn 0.0751 0.9659 -0.2477
vn 0.4553 0.2588 -0.8519
vn 0.3333 0.7071 -0.6236
vn 0.1220 0.9659 -0.2283
vn 0.6128 0.2588 -0.7467
vn 0.4486 0.7071 -0.5466
vn 0.1642 0.9659 -0.2001
vn 0.7467 0.2588 -0.6128
vn 0.5466 0.7071 -0.4486
vn 0.2001 0.9659 -0.1642
vn 0.8519 0.2588 -0.4553
vn 0.6236 0.7071 -0.3333
vn 0.2283 0.9659 -0.1220
vn 0.9243 0.2588 -0.2804
vn 0.6767 0.7071 -0.2052
vn 0.2477 0.9659 -0.0751
vn 0.9613 0.2588 -0.0947
vn 0.7037 0.7071 -0.0693
vn 0.2576 0.9659 -0.0254
vn 0.9613 0.2588 0.0947
vn 0.7037 0.7071 0.0693
vn 0.2576 0.9659 0.0254
vn 0.9243 0.2588 0.2804
vn 0.6767 0.7071 0.2052
vn 0.2477 0.9659 0.0751
vn 0.8519 0.2588 0.4553
vn 0.6236 0.7071 0.3333
vn 0.2283 0.9659 0.1220
vn 0.7467 0.2588 0.6128
vn 0.5466 0.7071 0.4486
vn 0.2001 0.9659 0.1642
vn 0.6128 0.2588 0.7467
vn 0.4486 0.7071 0.5466
vn 0.1642 0.9659 0.2001
vn 0.4553 0.2588 0.8519
vn 0.3333 0.7071 0.6236
vn 0.1220 0.9659 0.2283
vn 0.2804 0.2588 0.9243
vn 0.2053 0.7071 0.6766
vn 0.0751 0.9659 0.2477
vn 0.0947 0.2588 0.9613
vn 0.0693 0.7071 0.7037
vn 0.0254 0.9659 0.2575
vn -0.0947 0.2588 0.9613
vn -0.0693 0.7071 0.7037
vn -0.0254 0.9659 0.2575
vn -0.2804 0.2588 0.9243
vn -0.2053 0.7071 0.6766
vn -0.0751 0.9659 0.2477
vn -0.4553 0.2588 0.8519
vn -0.3333 0.7071 0.6236
vn -0.1220 0.9659 0.2283
vn -0.6128 0.2588 0.7467
vn -0.4486 0.7071 0.5466
vn -0.1642 0.9659 0.2001
vn -0.7467 0.2588 0.6128
vn -0.5466 0.7071 0.4486
vn -0.2001 0.9659 0.1642
vn -0.8519 0.2588 0.4553
vn -0.6236 0.7071 0.3333
vn -0.2283 0.9659 0.1220
vn -0.9243 0.2588 0.2804
vn -0.6767 0.7071 0.2052
vn -0.2477 0.9659 0.0751
vn -0.9613 0.2588 0.0947
vn -0.7037 0.7071 0.0693
vn -0.2576 0.9659 0.0254
vn -0.9613 0.2588 -0.0947
vn -0.7037 0.7071 -0.0693
vn -0.2576 0.9659 -0.0254
vn -0.9243 0.2588 -0.2804
vn -0.6767 0.7071 -0.2053
vn -0.2477 0.9659 -0.0751
vn -0.8519 0.2588 -0.4553
vn -0.6236 0.7071 -0.3333
vn -0.2283 0.9659 -0.1220
vn -0.7467 0.2588 -0.6128
vn -0.5466 0.7071 -0.4486
vn -0.2001 0.9659 -0.1642
vn -0.6128 0.2588 -0.7467
vn -0.4486 0.7071 -0.5466
vn -0.1642 0.9659 -0.2001
vn -0.4553 0.2588 -0.8519
vn -0.3333 0.7071 -0.6236
vn -0.1220 0.9659 -0.2283
vn -0.2804 0.2588 -0.9243
vn -0.2053 0.7071 -0.6766
vn -0.0751 0.9659 -0.2477
vn -0.0947 0.2588 -0.9613
vn -0.0693 0.7071 -0.7037
vn -0.0254 0.9659 -0.2576
vn -0.0254 0.9659 0.2576
vn -0.0751 0.9659 0.2476
vn -0.2053 0.7071 0.6767
vn -0.6767 0.7071 0.2053
vn -0.0751 0.9659 -0.2476
vn -0.2053 0.7071 -0.6767
vn 0.2053 0.7071 -0.6767
vn 0.1220 0.9659 -0.2282
vn 0.6767 0.7071 -0.2053
vn 0.6767 0.7071 0.2053
vn 0.0751 0.9659 0.2476
vn 0.2053 0.7071 0.6767
vn 0.0254 0.9659 0.2576
usemtl cup
s off
f 5916//3520 6264//3520 6268//3520 5922//3520
f 5922//3521 6268//3521 6272//3521 5928//3521
f 5928//3522 6272//3522 6276//3522 5934//3522
f 5934//3523 6276//3523 6280//3523 5940//3523
f 5940//3524 6280//3524 6284//3524 5946//3524
f 5946//3525 6284//3525 6288//3525 5952//3525
f 5952//3526 6288//3526 6292//3526 5958//3526
f 5958//3527 6292//3527 6296//3527 5964//3527
f 5964//3528 6296//3528 6300//3528 5970//3528
f 5970//3529 6300//3529 6304//3529 5976//3529
f 5976//3530 6304//3530 6308//3530 5982//3530
f 5982//3531 6308//3531 6312//3531 5988//3531
f 5988//3532 6312//3532 6316//3532 5994//3532
f 5994//3533 6316//3533 6320//3533 6000//3533
f 6000//3534 6320//3534 6324//3534 6006//3534
f 6006//3535 6324//3535 6328//3535 6012//3535
f 6012//3536 6328//3536 6332//3536 6018//3536
f 6018//3537 6332//3537 6336//3537 6024//3537
f 6024//3538 6336//3538 6340//3538 6030//3538
f 6030//3539 6340//3539 6344//3539 6036//3539
f 6036//3540 6344//3540 6348//3540 6042//3540
f 6042//3541 6348//3541 6352//3541 6048//3541
f 6048//3542 6352//3542 6356//3542 6054//3542
f 6054//3543 6356//3543 6360//3543 6060//3543
f 6060//3544 6360//3544 6364//3544 6066//3544
f 6066//3545 6364//3545 6368//3545 6072//3545
f 6072//3546 6368//3546 6372//3546 6078//3546
f 6078//3547 6372//3547 6376//3547 6084//3547
f 6084//3548 6376//3548 6380//3548 6090//3548
f 6159//3541 6155//3541 6102//3541 6103//3541
f 6090//3549 6380//3549 6259//3549 5904//3549
f 5910//3550 6256//3550 6264//3550 5916//3550
f 5904//3551 5910//3551 5914//3551 5908//3551
f 5908//3552 5914//3552 5913//3552 5907//3552
f 5907//3553 5913//3553 5912//3553 5906//3553
f 5906//3554 5912//3554 5911//3554 5905//3554
f 5905//3555 5911//3555 5909//3555 5903//3555
f 5910//3556 5916//3556 5920//3556 5914//3556
f 5914//3557 5920//3557 5919//3557 5913//3557
f 5913//3558 5919//3558 5918//3558 5912//3558
f 5912//3559 5918//3559 5917//3559 5911//3559
f 5911//3560 5917//3560 5915//3560 5909//3560
f 5916//3561 5922//3561 5926//3561 5920//3561
f 5920//3562 5926//3562 5925//3562 5919//3562
f 5919//3563 5925//3563 5924//3563 5918//3563
f 5918//3564 5924//3564 5923//3564 5917//3564
f 5917//3565 5923//3565 5921//3565 5915//3565
f 5922//3566 5928//3566 5932//3566 5926//3566
f 5926//3567 5932//3567 5931//3567 5925//3567
f 5925//3568 5931//3568 5930//3568 5924//3568
f 5924//3569 5930//3569 5929//3569 5923//3569
f 5923//3570 5929//3570 5927//3570 5921//3570
f 5928//3571 5934//3571 5938//3571 5932//3571
f 5932//3572 5938//3572 5937//3572 5931//3572
f 5931//3573 5937//3573 5936//3573 5930//3573
f 5930//3574 5936//3574 5935//3574 5929//3574
f 5929//3575 5935//3575 5933//3575 5927//3575
f 5934//3576 5940//3576 5944//3576 5938//3576
f 5938//3577 5944//3577 5943//3577 5937//3577
f 5937//3578 5943//3578 5942//3578 5936//3578
f 5936//3579 5942//3579 5941//3579 5935//3579
f 5935//3580 5941//3580 5939//3580 5933//3580
f 5940//3581 5946//3581 5950//3581 5944//3581
f 5944//3582 5950//3582 5949//3582 5943//3582
f 5943//3583 5949//3583 5948//3583 5942//3583
f 5942//3584 5948//3584 5947//3584 5941//3584
f 5941//3585 5947//3585 5945//3585 5939//3585
f 5946//3586 5952//3586 5956//3586 5950//3586
f 5950//3587 5956//3587 5955//3587 5949//3587
f 5949//3588 5955//3588 5954//3588 5948//3588
f 5948//3589 5954//3589 5953//3589 5947//3589
f 5947//3590 5953//3590 5951//3590 5945//3590
f 5952//3591 5958//3591 5962//3591 5956//3591
f 5956//3592 5962//3592 5961//3592 5955//3592
f 5955//3593 5961//3593 5960//3593 5954//3593
f 5954//3594 5960//3594 5959//3594 5953//3594
f 5953//3595 5959//3595 5957//3595 5951//3595
f 5958//3596 5964//3596 5968//3596 5962//3596
f 5962//3597 5968//3597 5967//3597 5961//3597
f 5961//3598 5967//3598 5966//3598 5960//3598
f 5960//3599 5966//3599 5965//3599 5959//3599
f 5959//3600 5965//3600 5963//3600 5957//3600
f 5964//3601 5970//3601 5974//3601 5968//3601
f 5968//3602 5974//3602 5973//3602 5967//3602
f 5967//3603 5973//3603 5972//3603 5966//3603
f 5966//3604 5972//3604 5971//3604 5965//3604
f 5965//3605 5971//3605 5969//3605 5963//3605
f 5970//3606 5976//3606 5980//3606 5974//3606
f 5974//3607 5980//3607 5979//3607 5973//3607
f 5973//3608 5979//3608 5978//3608 5972//3608
f 5972//3609 5978//3609 5977//3609 5971//3609
f 5971//3610 5977//3610 5975//3610 5969//3610
f 5976//3611 5982//3611 5986//3611 5980//3611
f 5980//3612 5986//3612 5985//3612 5979//3612
f 5979//3613 5985//3613 5984//3613 5978//3613
f 5978//3614 5984//3614 5983//3614 5977//3614
f 5977//3615 5983//3615 5981//3615 5975//3615
f 5982//3616 5988//3616 5992//3616 5986//3616
f 5986//3617 5992//3617 5991//3617 5985//3617
f 5985//3618 5991//3618 5990//3618 5984//3618
f 5984//3619 5990//3619 5989//3619 5983//3619
f 5983//3620 5989//3620 5987//3620 5981//3620
f 5988//3621 5994//3621 5998//3621 5992//3621
f 5992//3622 5998//3622 5997//3622 5991//3622
f 5991//3623 5997//3623 5996//3623 5990//3623
f 5990//3624 5996//3624 5995//3624 5989//3624
f 5989//3625 5995//3625 5993//3625 5987//3625
f 5994//3626 6000//3626 6004//3626 5998//3626
f 5998//3627 6004//3627 6003//3627 5997//3627
f 5997//3628 6003//3628 6002//3628 5996//3628
f 5996//3629 6002//3629 6001//3629 5995//3629
f 5995//3630 6001//3630 5999//3630 5993//3630
f 6000//3631 6006//3631 6010//3631 6004//3631
f 6004//3632 6010//3632 6009//3632 6003//3632
f 6003//3633 6009//3633 6008//3633 6002//3633
f 6002//3634 6008//3634 6007//3634 6001//3634
f 6001//3635 6007//3635 6005//3635 5999//3635
f 6006//3636 6012//3636 6016//3636 6010//3636
f 6010//3637 6016//3637 6015//3637 6009//3637
f 6009//3638 6015//3638 6014//3638 6008//3638
f 6008//3639 6014//3639 6013//3639 6007//3639
f 6007//3640 6013//3640 6011//3640 6005//3640
f 6012//3641 6018//3641 6022//3641 6016//3641
f 6016//3642 6022//3642 6021//3642 6015//3642
f 6015//3643 6021//3643 6020//3643 6014//3643
f 6014//3644 6020//3644 6019//3644 6013//3644
f 6013//3645 6019//3645 6017//3645 6011//3645
f 6018//3646 6024//3646 6028//3646 6022//3646
f 6022//3647 6028//3647 6027//3647 6021//3647
f 6021//3648 6027//3648 6026//3648 6020//3648
f 6020//3649 6026//3649 6025//3649 6019//3649
f 6019//3650 6025//3650 6023//3650 6017//3650
f 6024//3651 6030//3651 6034//3651 6028//3651
f 6028//3652 6034//3652 6033//3652 6027//3652
f 6027//3653 6033//3653 6032//3653 6026//3653
f 6026//3654 6032//3654 6031//3654 6025//3654
f 6025//3655 6031//3655 6029//3655 6023//3655
f 6030//3656 6036//3656 6040//3656 6034//3656
f 6034//3657 6040//3657 6039//3657 6033//3657
f 6033//3658 6039//3658 6038//3658 6032//3658
f 6032//3659 6038//3659 6037//3659 6031//3659
f 6031//3660 6037//3660 6035//3660 6029//3660
f 6036//3661 6042//3661 6046//3661 6040//3661
f 6040//3662 6046//3662 6045//3662 6039//3662
f 6039//3663 6045//3663 6044//3663 6038//3663
f 6038//3664 6044//3664 6043//3664 6037//3664
f 6037//3665 6043//3665 6041//3665 6035//3665
f 6042//3666 6048//3666 6052//3666 6046//3666
f 6046//3667 6052//3667 6051//3667 6045//3667
f 6045//3668 6051//3668 6050//3668 6044//3668
f 6044//3669 6050//3669 6049//3669 6043//3669
f 6043//3670 6049//3670 6047//3670 6041//3670
f 6048//3671 6054//3671 6058//3671 6052//3671
f 6052//3672 6058//3672 6057//3672 6051//3672
f 6051//3673 6057//3673 6056//3673 6050//3673
f 6050//3674 6056//3674 6055//3674 6049//3674
f 6049//3675 6055//3675 6053//3675 6047//3675
f 6054//3676 6060//3676 6064//3676 6058//3676
f 6058//3677 6064//3677 6063//3677 6057//3677
f 6057//3678 6063//3678 6062//3678 6056//3678
f 6056//3679 6062//3679 6061//3679 6055//3679
f 6055//3680 6061//3680 6059//3680 6053//3680
f 6060//3681 6066//3681 6070//3681 6064//3681
f 6064//3682 6070//3682 6069//3682 6063//3682
f 6063//3683 6069//3683 6068//3683 6062//3683
f 6062//3684 6068//3684 6067//3684 6061//3684
f 6061//3685 6067//3685 6065//3685 6059//3685
f 6066//3686 6072//3686 6076//3686 6070//3686
f 6070//3687 6076//3687 6075//3687 6069//3687
f 6069//3688 6075//3688 6074//3688 6068//3688
f 6068//3689 6074//3689 6073//3689 6067//3689
f 6067//3690 6073//3690 6071//3690 6065//3690
f 6072//3691 6078//3691 6082//3691 6076//3691
f 6076//3692 6082//3692 6081//3692 6075//3692
f 6075//3693 6081//3693 6080//3693 6074//3693
f 6074//3694 6080//3694 6079//3694 6073//3694
f 6073//3695 6079//3695 6077//3695 6071//3695
f 6078//3696 6084//3696 6088//3696 6082//3696
f 6082//3697 6088//3697 6087//3697 6081//3697
f 6081//3698 6087//3698 6086//3698 6080//3698
f 6080//3699 6086//3699 6085//3699 6079//3699
f 6079//3700 6085//3700 6083//3700 6077//3700
f 6084//3701 6090//3701 6094//3701 6088//3701
f 6088//3702 6094//3702 6093//3702 6087//3702
f 6087//3703 6093//3703 6092//3703 6086//3703
f 6086//3704 6092//3704 6091//3704 6085//3704
f 6085//3705 6091//3705 6089//3705 6083//3705
f 6090//3706 5904//3706 5908//3706 6094//3706
f 6094//3707 5908//3707 5907//3707 6093//3707
f 6093//3708 5907//3708 5906//3708 6092//3708
f 6092//3709 5906//3709 5905//3709 6091//3709
f 6091//3710 5905//3710 5903//3710 6089//3710
f 5903//3711 5909//3711 5915//3711 5921//3711 5927//3711 5933//3711 5939//3711 5945//3711 5951//3711 5957//3711 5963//3711 5969//3711 5975//3711 5981//3711 5987//3711 5993//3711 5999//3711 6005//3711 6011//3711 6017//3711 6023//3711 6029//3711 6035//3711 6041//3711 6047//3711 6053//3711 6059//3711 6065//3711 6071//3711 6077//3711 6083//3711 6089//3711
f 6128//3533 6251//3533 6126//3533 6096//3533
f 6139//3536 6135//3536 6097//3536 6098//3536
f 6143//3537 6139//3537 6098//3537 6099//3537
f 6147//3538 6143//3538 6099//3538 6100//3538
f 6151//3539 6147//3539 6100//3539 6101//3539
f 6152//3712 6156//3712 6283//3712 6279//3712
f 6155//3540 6151//3540 6101//3540 6102//3540
f 6163//3542 6159//3542 6103//3542 6104//3542
f 6167//3543 6163//3543 6104//3543 6105//3543
f 6171//3544 6167//3544 6105//3544 6106//3544
f 6175//3545 6171//3545 6106//3545 6107//3545
f 6179//3546 6175//3546 6107//3546 6108//3546
f 6183//3547 6179//3547 6108//3547 6109//3547
f 6187//3548 6183//3548 6109//3548 6110//3548
f 6191//3549 6187//3549 6110//3549 6111//3549
f 6195//3713 6191//3713 6111//3713 6112//3713
f 6199//3550 6195//3550 6112//3550 6113//3550
f 6203//3520 6199//3520 6113//3520 6114//3520
f 6207//3521 6203//3521 6114//3521 6115//3521
f 6211//3522 6207//3522 6115//3522 6116//3522
f 6215//3523 6211//3523 6116//3523 6117//3523
f 6219//3524 6215//3524 6117//3524 6118//3524
f 6223//3525 6219//3525 6118//3525 6119//3525
f 6227//3526 6223//3526 6119//3526 6120//3526
f 6231//3527 6227//3527 6120//3527 6121//3527
f 6235//3528 6231//3528 6121//3528 6122//3528
f 6239//3529 6235//3529 6122//3529 6123//3529
f 6243//3530 6239//3530 6123//3530 6124//3530
f 6247//3531 6243//3531 6124//3531 6125//3531
f 6251//3532 6247//3532 6125//3532 6126//3532
f 5904//3713 6259//3713 6256//3713 5910//3713
f 6135//3535 6131//3535 6095//3535 6097//3535
f 6095//3712 6096//3712 6126//3712 6125//3712 6124//3712 6123//3712 6122//3712 6121//3712 6120//3712 6119//3712 6118//3712 6117//3712 6116//3712 6115//3712 6114//3712 6113//3712 6112//3712 6111//3712 6110//3712 6109//3712 6108//3712 6107//3712 6106//3712 6105//3712 6104//3712 6103//3712 6102//3712 6101//3712 6100//3712 6099//3712 6098//3712 6097//3712
f 6208//3712 6212//3712 6339//3712 6335//3712
f 6156//3712 6160//3712 6287//3712 6283//3712
f 6212//3712 6216//3712 6343//3712 6339//3712
f 6160//3712 6164//3712 6291//3712 6287//3712
f 6216//3712 6220//3712 6347//3712 6343//3712
f 6164//3712 6168//3712 6295//3712 6291//3712
f 6220//3712 6224//3712 6351//3712 6347//3712
f 6168//3712 6172//3712 6299//3712 6295//3712
f 6224//3712 6228//3712 6355//3712 6351//3712
f 6172//3712 6176//3712 6303//3712 6299//3712
f 6228//3712 6232//3712 6359//3712 6355//3712
f 6176//3712 6180//3712 6307//3712 6303//3712
f 6232//3712 6236//3712 6363//3712 6359//3712
f 6180//3712 6184//3712 6311//3712 6307//3712
f 6127//3712 6132//3712 6255//3712 6260//3712
f 6236//3712 6240//3712 6367//3712 6363//3712
f 6184//3712 6188//3712 6315//3712 6311//3712
f 6132//3712 6136//3712 6263//3712 6255//3712
f 6240//3712 6244//3712 6371//3712 6367//3712
f 6188//3712 6192//3712 6319//3712 6315//3712
f 6136//3712 6140//3712 6267//3712 6263//3712
f 6244//3712 6248//3712 6375//3712 6371//3712
f 6192//3712 6196//3712 6323//3712 6319//3712
f 6140//3712 6144//3712 6271//3712 6267//3712
f 6248//3712 6252//3712 6379//3712 6375//3712
f 6196//3712 6200//3712 6327//3712 6323//3712
f 6144//3712 6148//3712 6275//3712 6271//3712
f 6252//3712 6127//3712 6260//3712 6379//3712
f 6200//3712 6204//3712 6331//3712 6327//3712
f 6148//3712 6152//3712 6279//3712 6275//3712
f 6204//3712 6208//3712 6335//3712 6331//3712
f 6256//3714 6259//3714 6261//3714 6258//3714
f 6258//3715 6261//3715 6262//3715 6257//3715
f 6257//3716 6262//3716 6260//3716 6255//3716
f 6264//3717 6256//3717 6258//3717 6266//3717
f 6266//3718 6258//3718 6257//3718 6265//3718
f 6265//3719 6257//3719 6255//3719 6263//3719
f 6268//3720 6264//3720 6266//3720 6270//3720
f 6270//3721 6266//3721 6265//3721 6269//3721
f 6269//3722 6265//3722 6263//3722 6267//3722
f 6272//3723 6268//3723 6270//3723 6274//3723
f 6274//3724 6270//3724 6269//3724 6273//3724
f 6273//3725 6269//3725 6267//3725 6271//3725
f 6276//3726 6272//3726 6274//3726 6278//3726
f 6278//3727 6274//3727 6273//3727 6277//3727
f 6277//3728 6273//3728 6271//3728 6275//3728
f 6280//3729 6276//3729 6278//3729 6282//3729
f 6282//3730 6278//3730 6277//3730 6281//3730
f 6281//3731 6277//3731 6275//3731 6279//3731
f 6284//3732 6280//3732 6282//3732 6286//3732
f 6286//3733 6282//3733 6281//3733 6285//3733
f 6285//3734 6281//3734 6279//3734 6283//3734
f 6288//3735 6284//3735 6286//3735 6290//3735
f 6290//3736 6286//3736 6285//3736 6289//3736
f 6289//3737 6285//3737 6283//3737 6287//3737
f 6292//3738 6288//3738 6290//3738 6294//3738
f 6294//3739 6290//3739 6289//3739 6293//3739
f 6293//3740 6289//3740 6287//3740 6291//3740
f 6296//3741 6292//3741 6294//3741 6298//3741
f 6298//3742 6294//3742 6293//3742 6297//3742
f 6297//3743 6293//3743 6291//3743 6295//3743
f 6300//3744 6296//3744 6298//3744 6302//3744
f 6302//3745 6298//3745 6297//3745 6301//3745
f 6301//3746 6297//3746 6295//3746 6299//3746
f 6304//3747 6300//3747 6302//3747 6306//3747
f 6306//3748 6302//3748 6301//3748 6305//3748
f 6305//3749 6301//3749 6299//3749 6303//3749
f 6308//3750 6304//3750 6306//3750 6310//3750
f 6310//3751 6306//3751 6305//3751 6309//3751
f 6309//3752 6305//3752 6303//3752 6307//3752
f 6312//3753 6308//3753 6310//3753 6314//3753
f 6314//3754 6310//3754 6309//3754 6313//3754
f 6313//3755 6309//3755 6307//3755 6311//3755
f 6316//3756 6312//3756 6314//3756 6318//3756
f 6318//3757 6314//3757 6313//3757 6317//3757
f 6317//3758 6313//3758 6311//3758 6315//3758
f 6320//3759 6316//3759 6318//3759 6322//3759
f 6322//3760 6318//3760 6317//3760 6321//3760
f 6321//3761 6317//3761 6315//3761 6319//3761
f 6324//3762 6320//3762 6322//3762 6326//3762
f 6326//3763 6322//3763 6321//3763 6325//3763
f 6325//3764 6321//3764 6319//3764 6323//3764
f 6328//3765 6324//3765 6326//3765 6330//3765
f 6330//3766 6326//3766 6325//3766 6329//3766
f 6329//3767 6325//3767 6323//3767 6327//3767
f 6332//3768 6328//3768 6330//3768 6334//3768
f 6334//3769 6330//3769 6329//3769 6333//3769
f 6333//3770 6329//3770 6327//3770 6331//3770
f 6336//3771 6332//3771 6334//3771 6338//3771
f 6338//3772 6334//3772 6333//3772 6337//3772
f 6337//3773 6333//3773 6331//3773 6335//3773
f 6340//3774 6336//3774 6338//3774 6342//3774
f 6342//3775 6338//3775 6337//3775 6341//3775
f 6341//3776 6337//3776 6335//3776 6339//3776
f 6344//3777 6340//3777 6342//3777 6346//3777
f 6346//3778 6342//3778 6341//3778 6345//3778
f 6345//3779 6341//3779 6339//3779 6343//3779
f 6348//3780 6344//3780 6346//3780 6350//3780
f 6350//3781 6346//3781 6345//3781 6349//3781
f 6349//3782 6345//3782 6343//3782 6347//3782
f 6352//3783 6348//3783 6350//3783 6354//3783
f 6354//3784 6350//3784 6349//3784 6353//3784
f 6353//3785 6349//3785 6347//3785 6351//3785
f 6356//3786 6352//3786 6354//3786 6358//3786
f 6358//3787 6354//3787 6353//3787 6357//3787
f 6357//3788 6353//3788 6351//3788 6355//3788
f 6360//3789 6356//3789 6358//3789 6362//3789
f 6362//3790 6358//3790 6357//3790 6361//3790
f 6361//3791 6357//3791 6355//3791 6359//3791
f 6364//3792 6360//3792 6362//3792 6366//3792
f 6366//3793 6362//3793 6361//3793 6365//3793
f 6365//3794 6361//3794 6359//3794 6363//3794
f 6368//3795 6364//3795 6366//3795 6370//3795
f 6370//3796 6366//3796 6365//3796 6369//3796
f 6369//3797 6365//3797 6363//3797 6367//3797
f 6372//3798 6368//3798 6370//3798 6374//3798
f 6374//3799 6370//3799 6369//3799 6373//3799
f 6373//3800 6369//3800 6367//3800 6371//3800
f 6376//3801 6372//3801 6374//3801 6378//3801
f 6378//3802 6374//3802 6373//3802 6377//3802
f 6377//3803 6373//3803 6371//3803 6375//3803
f 6380//3804 6376//3804 6378//3804 6382//3804
f 6382//3805 6378//3805 6377//3805 6381//3805
f 6381//3806 6377//3806 6375//3806 6379//3806
f 6259//3807 6380//3807 6382//3807 6261//3807
f 6261//3808 6382//3808 6381//3808 6262//3808
f 6262//3809 6381//3809 6379//3809 6260//3809
f 6132//3810 6127//3810 6129//3810 6134//3810
f 6134//3763 6129//3763 6130//3763 6133//3763
f 6133//3762 6130//3762 6128//3762 6131//3762
f 6136//3811 6132//3811 6134//3811 6138//3811
f 6138//3812 6134//3812 6133//3812 6137//3812
f 6137//3765 6133//3765 6131//3765 6135//3765
f 6140//3770 6136//3770 6138//3770 6142//3770
f 6142//3769 6138//3769 6137//3769 6141//3769
f 6141//3768 6137//3768 6135//3768 6139//3768
f 6144//3773 6140//3773 6142//3773 6146//3773
f 6146//3772 6142//3772 6141//3772 6145//3772
f 6145//3771 6141//3771 6139//3771 6143//3771
f 6148//3776 6144//3776 6146//3776 6150//3776
f 6150//3775 6146//3775 6145//3775 6149//3775
f 6149//3774 6145//3774 6143//3774 6147//3774
f 6152//3779 6148//3779 6150//3779 6154//3779
f 6154//3778 6150//3778 6149//3778 6153//3778
f 6153//3777 6149//3777 6147//3777 6151//3777
f 6156//3782 6152//3782 6154//3782 6158//3782
f 6158//3813 6154//3813 6153//3813 6157//3813
f 6157//3780 6153//3780 6151//3780 6155//3780
f 6160//3785 6156//3785 6158//3785 6162//3785
f 6162//3784 6158//3784 6157//3784 6161//3784
f 6161//3783 6157//3783 6155//3783 6159//3783
f 6164//3788 6160//3788 6162//3788 6166//3788
f 6166//3787 6162//3787 6161//3787 6165//3787
f 6165//3786 6161//3786 6159//3786 6163//3786
f 6168//3791 6164//3791 6166//3791 6170//3791
f 6170//3790 6166//3790 6165//3790 6169//3790
f 6169//3789 6165//3789 6163//3789 6167//3789
f 6172//3794 6168//3794 6170//3794 6174//3794
f 6174//3793 6170//3793 6169//3793 6173//3793
f 6173//3792 6169//3792 6167//3792 6171//3792
f 6176//3797 6172//3797 6174//3797 6178//3797
f 6178//3796 6174//3796 6173//3796 6177//3796
f 6177//3795 6173//3795 6171//3795 6175//3795
f 6180//3800 6176//3800 6178//3800 6182//3800
f 6182//3799 6178//3799 6177//3799 6181//3799
f 6181//3798 6177//3798 6175//3798 6179//3798
f 6184//3803 6180//3803 6182//3803 6186//3803
f 6186//3802 6182//3802 6181//3802 6185//3802
f 6185//3801 6181//3801 6179//3801 6183//3801
f 6188//3814 6184//3814 6186//3814 6190//3814
f 6190//3815 6186//3815 6185//3815 6189//3815
f 6189//3804 6185//3804 6183//3804 6187//3804
f 6192//3809 6188//3809 6190//3809 6194//3809
f 6194//3808 6190//3808 6189//3808 6193//3808
f 6193//3807 6189//3807 6187//3807 6191//3807
f 6196//3716 6192//3716 6194//3716 6198//3716
f 6198//3715 6194//3715 6193//3715 6197//3715
f 6197//3714 6193//3714 6191//3714 6195//3714
f 6200//3719 6196//3719 6198//3719 6202//3719
f 6202//3816 6198//3816 6197//3816 6201//3816
f 6201//3717 6197//3717 6195//3717 6199//3717
f 6204//3817 6200//3817 6202//3817 6206//3817
f 6206//3721 6202//3721 6201//3721 6205//3721
f 6205//3720 6201//3720 6199//3720 6203//3720
f 6208//3725 6204//3725 6206//3725 6210//3725
f 6210//3724 6206//3724 6205//3724 6209//3724
f 6209//3723 6205//3723 6203//3723 6207//3723
f 6212//3728 6208//3728 6210//3728 6214//3728
f 6214//3727 6210//3727 6209//3727 6213//3727
f 6213//3726 6209//3726 6207//3726 6211//3726
f 6216//3731 6212//3731 6214//3731 6218//3731
f 6218//3730 6214//3730 6213//3730 6217//3730
f 6217//3729 6213//3729 6211//3729 6215//3729
f 6220//3734 6216//3734 6218//3734 6222//3734
f 6222//3818 6218//3818 6217//3818 6221//3818
f 6221//3732 6217//3732 6215//3732 6219//3732
f 6224//3737 6220//3737 6222//3737 6226//3737
f 6226//3736 6222//3736 6221//3736 6225//3736
f 6225//3735 6221//3735 6219//3735 6223//3735
f 6228//3740 6224//3740 6226//3740 6230//3740
f 6230//3739 6226//3739 6225//3739 6229//3739
f 6229//3738 6225//3738 6223//3738 6227//3738
f 6232//3743 6228//3743 6230//3743 6234//3743
f 6234//3819 6230//3819 6229//3819 6233//3819
f 6233//3741 6229//3741 6227//3741 6231//3741
f 6236//3746 6232//3746 6234//3746 6238//3746
f 6238//3745 6234//3745 6233//3745 6237//3745
f 6237//3744 6233//3744 6231//3744 6235//3744
f 6240//3749 6236//3749 6238//3749 6242//3749
f 6242//3748 6238//3748 6237//3748 6241//3748
f 6241//3747 6237//3747 6235//3747 6239//3747
f 6244//3752 6240//3752 6242//3752 6246//3752
f 6246//3751 6242//3751 6241//3751 6245//3751
f 6245//3750 6241//3750 6239//3750 6243//3750
f 6248//3755 6244//3755 6246//3755 6250//3755
f 6250//3754 6246//3754 6245//3754 6249//3754
f 6249//3753 6245//3753 6243//3753 6247//3753
f 6252//3820 6248//3820 6250//3820 6254//3820
f 6254//3821 6250//3821 6249//3821 6253//3821
f 6253//3756 6249//3756 6247//3756 6251//3756
f 6127//3822 6252//3822 6254//3822 6129//3822
f 6129//3760 6254//3760 6253//3760 6130//3760
f 6130//3759 6253//3759 6251//3759 6128//3759
f 6131//3534 6128//3534 6096//3534 6095//3534
o Cylinder.003
v 0.084355 0.743900 0.161720
v 0.084355 0.752928 0.152648
v 0.084355 0.744342 0.158917
v 0.084355 0.745624 0.156388
v 0.084355 0.747621 0.154380
v 0.084355 0.750138 0.153092
v 0.092644 0.743900 0.162536
v 0.094414 0.752928 0.153639
v 0.093191 0.744342 0.159787
v 0.093685 0.745624 0.157306
v 0.094076 0.747621 0.155338
v 0.094328 0.750138 0.154074
v 0.100615 0.743900 0.164954
v 0.104087 0.752928 0.156573
v 0.101688 0.744342 0.162364
v 0.102656 0.745624 0.160028
v 0.103424 0.747621 0.158173
v 0.103917 0.750138 0.156983
v 0.107961 0.743900 0.168881
v 0.113001 0.752928 0.161338
v 0.109519 0.744342 0.166550
v 0.110924 0.745624 0.164447
v 0.112039 0.747621 0.162778
v 0.112755 0.750138 0.161707
v 0.114400 0.743900 0.174165
v 0.120815 0.752928 0.167750
v 0.116382 0.744342 0.172183
v 0.118170 0.745624 0.170394
v 0.119590 0.747621 0.168975
v 0.120501 0.750138 0.168064
v 0.119684 0.743900 0.180604
v 0.127227 0.752928 0.175563
v 0.122015 0.744342 0.179046
v 0.124118 0.745624 0.177641
v 0.125786 0.747621 0.176526
v 0.126858 0.750138 0.175810
v 0.123610 0.743900 0.187950
v 0.131992 0.752928 0.184478
v 0.126200 0.744342 0.186877
v 0.128537 0.745624 0.185909
v 0.130391 0.747621 0.185141
v 0.131582 0.750138 0.184648
v 0.126028 0.743900 0.195920
v 0.134926 0.752928 0.194150
v 0.128778 0.744342 0.195373
v 0.131258 0.745624 0.194880
v 0.133227 0.747621 0.194488
v 0.134491 0.750138 0.194237
v 0.126845 0.743900 0.204210
v 0.135917 0.752928 0.204210
v 0.129648 0.744342 0.204210
v 0.132177 0.745624 0.204210
v 0.134184 0.747621 0.204210
v 0.135473 0.750138 0.204210
v 0.126028 0.743900 0.212499
v 0.134926 0.752928 0.214269
v 0.128778 0.744342 0.213046
v 0.131258 0.745624 0.213539
v 0.133227 0.747621 0.213931
v 0.134491 0.750138 0.214182
v 0.123610 0.743900 0.220470
v 0.131992 0.752928 0.223941
v 0.126200 0.744342 0.221543
v 0.128537 0.745624 0.222510
v 0.130391 0.747621 0.223278
v 0.131582 0.750138 0.223772
v 0.119684 0.743900 0.227816
v 0.127227 0.752928 0.232856
v 0.122015 0.744342 0.229373
v 0.124118 0.745624 0.230778
v 0.125786 0.747621 0.231893
v 0.126858 0.750138 0.232609
v 0.114400 0.743900 0.234254
v 0.120815 0.752928 0.240669
v 0.116382 0.744342 0.236237
v 0.118170 0.745624 0.238025
v 0.119590 0.747621 0.239444
v 0.120501 0.750138 0.240355
v 0.107961 0.743900 0.239538
v 0.113001 0.752928 0.247082
v 0.109519 0.744342 0.241869
v 0.110924 0.745624 0.243972
v 0.112039 0.747621 0.245641
v 0.112755 0.750138 0.246713
v 0.100615 0.743900 0.243465
v 0.104087 0.752928 0.251847
v 0.101688 0.744342 0.246055
v 0.102656 0.745624 0.248392
v 0.103424 0.747621 0.250246
v 0.103917 0.750138 0.251436
v 0.092644 0.743900 0.245883
v 0.094414 0.752928 0.254781
v 0.093191 0.744342 0.248632
v 0.093685 0.745624 0.251113
v 0.094076 0.747621 0.253081
v 0.094328 0.750138 0.254345
v 0.084355 0.743900 0.246699
v 0.084355 0.752928 0.255771
v 0.084355 0.744342 0.249503
v 0.084355 0.745624 0.252032
v 0.084355 0.747621 0.254039
v 0.084355 0.750138 0.255327
v 0.076066 0.743900 0.245883
v 0.074296 0.752928 0.254781
v 0.075519 0.744342 0.248632
v 0.075025 0.745624 0.251113
v 0.074634 0.747621 0.253081
v 0.074382 0.750138 0.254345
v 0.068095 0.743900 0.243465
v 0.064623 0.752928 0.251847
v 0.067022 0.744342 0.246055
v 0.066054 0.745624 0.248392
v 0.065286 0.747621 0.250246
v 0.064793 0.750138 0.251436
v 0.060749 0.743900 0.239538
v 0.055709 0.752928 0.247082
v 0.059192 0.744342 0.241869
v 0.057786 0.745624 0.243972
v 0.056671 0.747621 0.245641
v 0.055955 0.750138 0.246713
v 0.054310 0.743900 0.234254
v 0.047895 0.752928 0.240669
v 0.052328 0.744342 0.236237
v 0.050540 0.745624 0.238025
v 0.049120 0.747621 0.239444
v 0.048209 0.750138 0.240355
v 0.049026 0.743900 0.227816
v 0.041483 0.752928 0.232856
v 0.046695 0.744342 0.229373
v 0.044592 0.745624 0.230778
v 0.042924 0.747621 0.231893
v 0.041852 0.750138 0.232609
v 0.045100 0.743900 0.220470
v 0.036718 0.752928 0.223941
v 0.042510 0.744342 0.221543
v 0.040173 0.745624 0.222510
v 0.038319 0.747621 0.223278
v 0.037128 0.750138 0.223772
v 0.042682 0.743900 0.212499
v 0.033784 0.752928 0.214269
v 0.039932 0.744342 0.213046
v 0.037452 0.745624 0.213539
v 0.035483 0.747621 0.213931
v 0.034219 0.750138 0.214182
v 0.041865 0.743900 0.204210
v 0.032793 0.752928 0.204210
v 0.039062 0.744342 0.204210
v 0.036533 0.745624 0.204210
v 0.034526 0.747621 0.204210
v 0.033237 0.750138 0.204210
v 0.042682 0.743900 0.195920
v 0.033784 0.752928 0.194150
v 0.039932 0.744342 0.195373
v 0.037452 0.745624 0.194880
v 0.035483 0.747621 0.194488
v 0.034219 0.750138 0.194237
v 0.045100 0.743900 0.187950
v 0.036718 0.752928 0.184478
v 0.042510 0.744342 0.186877
v 0.040173 0.745624 0.185909
v 0.038319 0.747621 0.185141
v 0.037128 0.750138 0.184648
v 0.049026 0.743900 0.180604
v 0.041483 0.752928 0.175563
v 0.046695 0.744342 0.179046
v 0.044592 0.745624 0.177641
v 0.042924 0.747621 0.176526
v 0.041852 0.750138 0.175810
v 0.054310 0.743900 0.174165
v 0.047895 0.752928 0.167750
v 0.052328 0.744342 0.172183
v 0.050540 0.745624 0.170394
v 0.049121 0.747621 0.168975
v 0.048209 0.750138 0.168064
v 0.060749 0.743900 0.168881
v 0.055709 0.752928 0.161337
v 0.059192 0.744342 0.166550
v 0.057787 0.745624 0.164447
v 0.056671 0.747621 0.162778
v 0.055956 0.750138 0.161707
v 0.068095 0.743900 0.164954
v 0.064623 0.752928 0.156573
v 0.067022 0.744342 0.162364
v 0.066054 0.745624 0.160028
v 0.065286 0.747621 0.158173
v 0.064793 0.750138 0.156983
v 0.076066 0.743900 0.162536
v 0.074296 0.752928 0.153639
v 0.075519 0.744342 0.159787
v 0.075025 0.745624 0.157306
v 0.074634 0.747621 0.155338
v 0.074383 0.750138 0.154074
v 0.092194 0.861373 0.164802
v 0.084355 0.861373 0.164030
v 0.099731 0.861373 0.167088
v 0.106678 0.861373 0.170801
v 0.112766 0.861373 0.175798
v 0.117763 0.861373 0.181887
v 0.121476 0.861373 0.188833
v 0.123763 0.861373 0.196371
v 0.124535 0.861373 0.204210
v 0.123763 0.861373 0.212048
v 0.121476 0.861373 0.219586
v 0.117763 0.861373 0.226532
v 0.112766 0.861373 0.232621
v 0.106678 0.861373 0.237618
v 0.099731 0.861373 0.241331
v 0.092194 0.861373 0.243617
v 0.084355 0.861373 0.244389
v 0.076516 0.861373 0.243617
v 0.068979 0.861373 0.241331
v 0.062032 0.861373 0.237618
v 0.055944 0.861373 0.232621
v 0.050947 0.861373 0.226532
v 0.047234 0.861373 0.219586
v 0.044947 0.861373 0.212048
v 0.044175 0.861373 0.204210
v 0.044947 0.861373 0.196371
v 0.047234 0.861373 0.188833
v 0.050947 0.861373 0.181887
v 0.055944 0.861373 0.175798
v 0.062032 0.861373 0.170801
v 0.068979 0.861373 0.167088
v 0.076516 0.861373 0.164802
v 0.084355 0.891222 0.159685
v 0.084355 0.886898 0.164030
v 0.084355 0.890643 0.161857
v 0.084355 0.889060 0.163448
v 0.092194 0.886898 0.164802
v 0.093041 0.891222 0.160540
v 0.092307 0.889060 0.164231
v 0.092618 0.890643 0.162671
v 0.099731 0.886898 0.167088
v 0.101394 0.891222 0.163074
v 0.099954 0.889060 0.166551
v 0.100563 0.890643 0.165081
v 0.106678 0.886898 0.170801
v 0.109092 0.891222 0.167189
v 0.107001 0.889060 0.170317
v 0.107885 0.890643 0.168995
v 0.112766 0.886898 0.175798
v 0.115839 0.891222 0.172726
v 0.113178 0.889060 0.175387
v 0.114303 0.890643 0.174262
v 0.117763 0.886898 0.181887
v 0.121376 0.891222 0.179473
v 0.118247 0.889060 0.181564
v 0.119570 0.890643 0.180680
v 0.121476 0.886898 0.188833
v 0.125491 0.891222 0.187171
v 0.122014 0.889060 0.188611
v 0.123483 0.890643 0.188002
v 0.123763 0.886898 0.196371
v 0.128024 0.891222 0.195523
v 0.124334 0.889060 0.196257
v 0.125894 0.890643 0.195947
v 0.124535 0.886898 0.204210
v 0.128880 0.891222 0.204210
v 0.125117 0.889060 0.204210
v 0.126707 0.890643 0.204210
v 0.123763 0.886898 0.212048
v 0.128024 0.891222 0.212896
v 0.124334 0.889060 0.212162
v 0.125894 0.890643 0.212472
v 0.121476 0.886898 0.219586
v 0.125491 0.891222 0.221249
v 0.122014 0.889060 0.219809
v 0.123483 0.890643 0.220417
v 0.117763 0.886898 0.226532
v 0.121376 0.891222 0.228946
v 0.118247 0.889060 0.226856
v 0.119570 0.890643 0.227739
v 0.112766 0.886898 0.232621
v 0.115839 0.891222 0.235693
v 0.113178 0.889060 0.233033
v 0.114303 0.890643 0.234157
v 0.106678 0.886898 0.237618
v 0.109092 0.891222 0.241231
v 0.107001 0.889060 0.238102
v 0.107885 0.890643 0.239424
v 0.099731 0.886898 0.241331
v 0.101394 0.891222 0.245345
v 0.099954 0.889060 0.241869
v 0.100563 0.890643 0.243338
v 0.092194 0.886898 0.243617
v 0.093041 0.891222 0.247879
v 0.092307 0.889060 0.244188
v 0.092618 0.890643 0.245748
v 0.084355 0.886898 0.244389
v 0.084355 0.891222 0.248734
v 0.084355 0.889060 0.244972
v 0.084355 0.890643 0.246562
v 0.076516 0.886898 0.243617
v 0.075669 0.891222 0.247879
v 0.076403 0.889060 0.244188
v 0.076092 0.890643 0.245748
v 0.068979 0.886898 0.241331
v 0.067316 0.891222 0.245345
v 0.068756 0.889060 0.241869
v 0.068147 0.890643 0.243338
v 0.062032 0.886898 0.237618
v 0.059618 0.891222 0.241231
v 0.061709 0.889060 0.238102
v 0.060825 0.890643 0.239424
v 0.055944 0.886898 0.232621
v 0.052871 0.891222 0.235693
v 0.055532 0.889060 0.233033
v 0.054407 0.890643 0.234157
v 0.050947 0.886898 0.226532
v 0.047334 0.891222 0.228946
v 0.050463 0.889060 0.226856
v 0.049140 0.890643 0.227739
v 0.047234 0.886898 0.219586
v 0.043220 0.891222 0.221248
v 0.046696 0.889060 0.219809
v 0.045227 0.890643 0.220417
v 0.044947 0.886898 0.212048
v 0.040686 0.891222 0.212896
v 0.044376 0.889060 0.212162
v 0.042817 0.890643 0.212472
v 0.044175 0.886898 0.204210
v 0.039830 0.891222 0.204210
v 0.043593 0.889060 0.204210
v 0.042003 0.890643 0.204210
v 0.044947 0.886898 0.196371
v 0.040686 0.891222 0.195523
v 0.044376 0.889060 0.196257
v 0.042817 0.890643 0.195947
v 0.047234 0.886898 0.188833
v 0.043220 0.891222 0.187171
v 0.046696 0.889060 0.188611
v 0.045227 0.890643 0.188002
v 0.050947 0.886898 0.181887
v 0.047334 0.891222 0.179473
v 0.050463 0.889060 0.181563
v 0.049140 0.890643 0.180680
v 0.055944 0.886898 0.175798
v 0.052871 0.891222 0.172726
v 0.055532 0.889060 0.175387
v 0.054407 0.890643 0.174262
v 0.062032 0.886898 0.170801
v 0.059618 0.891222 0.167189
v 0.061709 0.889060 0.170317
v 0.060825 0.890643 0.168995
v 0.068979 0.886898 0.167088
v 0.067316 0.891222 0.163074
v 0.068756 0.889060 0.166550
v 0.068148 0.890643 0.165081
v 0.076516 0.886898 0.164802
v 0.075669 0.891222 0.160540
v 0.076403 0.889060 0.164231
v 0.076093 0.890643 0.162671
v 0.093567 0.891222 0.157900
v 0.094414 0.886898 0.153639
v 0.093990 0.890643 0.155769
v 0.094301 0.889060 0.154209
v 0.084355 0.886898 0.152648
v 0.084355 0.891222 0.156993
v 0.084355 0.889060 0.153230
v 0.084355 0.890643 0.154820
v 0.102424 0.891222 0.160587
v 0.104087 0.886898 0.156573
v 0.103256 0.890643 0.158580
v 0.103864 0.889060 0.157111
v 0.110587 0.891222 0.164950
v 0.113001 0.886898 0.161338
v 0.111794 0.890643 0.163144
v 0.112678 0.889060 0.161822
v 0.117742 0.891222 0.170822
v 0.120815 0.886898 0.167750
v 0.119279 0.890643 0.169286
v 0.120403 0.889060 0.168162
v 0.123615 0.891222 0.177977
v 0.127227 0.886898 0.175563
v 0.125421 0.890643 0.176770
v 0.126743 0.889060 0.175887
v 0.127978 0.891222 0.186140
v 0.131992 0.886898 0.184478
v 0.129985 0.890643 0.185309
v 0.131454 0.889060 0.184701
v 0.130665 0.891222 0.194998
v 0.134926 0.886898 0.194150
v 0.132795 0.890643 0.194574
v 0.134355 0.889060 0.194264
v 0.131572 0.891222 0.204210
v 0.135917 0.886898 0.204210
v 0.133744 0.890643 0.204210
v 0.135335 0.889060 0.204210
v 0.130665 0.891222 0.213421
v 0.134926 0.886898 0.214269
v 0.132795 0.890643 0.213845
v 0.134355 0.889060 0.214155
v 0.127978 0.891222 0.222279
v 0.131992 0.886898 0.223941
v 0.129985 0.890643 0.223110
v 0.131454 0.889060 0.223719
v 0.123615 0.891222 0.230442
v 0.127227 0.886898 0.232856
v 0.125421 0.890643 0.231649
v 0.126743 0.889060 0.232532
v 0.117742 0.891222 0.237597
v 0.120815 0.886898 0.240669
v 0.119279 0.890643 0.239133
v 0.120403 0.889060 0.240258
v 0.110587 0.891222 0.243469
v 0.113001 0.886898 0.247082
v 0.111794 0.890643 0.245275
v 0.112678 0.889060 0.246598
v 0.102424 0.891222 0.247832
v 0.104087 0.886898 0.251847
v 0.103256 0.890643 0.249840
v 0.103864 0.889060 0.251309
v 0.093567 0.891222 0.250519
v 0.094414 0.886898 0.254781
v 0.093990 0.890643 0.252650
v 0.094301 0.889060 0.254210
v 0.084355 0.891222 0.251427
v 0.084355 0.886898 0.255771
v 0.084355 0.890643 0.253599
v 0.084355 0.889060 0.255189
v 0.075143 0.891222 0.250519
v 0.074296 0.886898 0.254781
v 0.074720 0.890643 0.252650
v 0.074409 0.889060 0.254210
v 0.066286 0.891222 0.247832
v 0.064623 0.886898 0.251847
v 0.065454 0.890643 0.249839
v 0.064846 0.889060 0.251309
v 0.058123 0.891222 0.243469
v 0.055709 0.886898 0.247082
v 0.056916 0.890643 0.245275
v 0.056032 0.889060 0.246598
v 0.050968 0.891222 0.237597
v 0.047895 0.886898 0.240669
v 0.049431 0.890643 0.239133
v 0.048307 0.889060 0.240258
v 0.045096 0.891222 0.230442
v 0.041483 0.886898 0.232856
v 0.043289 0.890643 0.231649
v 0.041967 0.889060 0.232532
v 0.040732 0.891222 0.222279
v 0.036718 0.886898 0.223941
v 0.038725 0.890643 0.223110
v 0.037256 0.889060 0.223719
v 0.038045 0.891222 0.213421
v 0.033784 0.886898 0.214269
v 0.035915 0.890643 0.213845
v 0.034355 0.889060 0.214155
v 0.037138 0.891222 0.204210
v 0.032793 0.886898 0.204210
v 0.034966 0.890643 0.204210
v 0.033375 0.889060 0.204210
v 0.038045 0.891222 0.194998
v 0.033784 0.886898 0.194150
v 0.035915 0.890643 0.194574
v 0.034355 0.889060 0.194264
v 0.040732 0.891222 0.186140
v 0.036718 0.886898 0.184478
v 0.038725 0.890643 0.185309
v 0.037256 0.889060 0.184700
v 0.045096 0.891222 0.177977
v 0.041483 0.886898 0.175563
v 0.043289 0.890643 0.176770
v 0.041967 0.889060 0.175887
v 0.050968 0.891222 0.170822
v 0.047895 0.886898 0.167750
v 0.049431 0.890643 0.169286
v 0.048307 0.889060 0.168161
v 0.058123 0.891222 0.164950
v 0.055709 0.886898 0.161337
v 0.056916 0.890643 0.163144
v 0.056032 0.889060 0.161821
v 0.066286 0.891222 0.160587
v 0.064623 0.886898 0.156573
v 0.065455 0.890643 0.158580
v 0.064846 0.889060 0.157110
v 0.075144 0.891222 0.157900
v 0.074296 0.886898 0.153639
v 0.074720 0.890643 0.155769
v 0.074409 0.889060 0.154209
vn 0.4714 0.0000 -0.8819
vn 0.6344 0.0000 -0.7730
vn 0.7730 0.0000 -0.6344
vn 0.8819 0.0000 -0.4714
vn 0.9569 0.0000 -0.2903
vn 0.9952 0.0000 -0.0980
vn 0.9952 0.0000 0.0980
vn 0.9569 0.0000 0.2903
vn 0.8819 0.0000 0.4714
vn 0.7730 0.0000 0.6344
vn 0.6344 0.0000 0.7730
vn 0.4714 0.0000 0.8819
vn 0.2903 0.0000 0.9569
vn 0.0980 0.0000 0.9952
vn -0.0980 0.0000 0.9952
vn -0.2903 0.0000 0.9569
vn -0.4714 0.0000 0.8819
vn -0.6344 0.0000 0.7730
vn -0.7730 0.0000 0.6344
vn -0.8819 0.0000 0.4714
vn -0.9569 0.0000 0.2903
vn -0.9952 0.0000 0.0980
vn -0.9952 0.0000 -0.0980
vn -0.9569 0.0000 -0.2903
vn -0.8819 0.0000 -0.4714
vn -0.7730 0.0000 -0.6344
vn -0.6344 0.0000 -0.7730
vn -0.4714 0.0000 -0.8819
vn -0.2903 0.0000 -0.9569
vn -0.0980 0.0000 -0.9952
vn 0.2903 0.0000 -0.9569
vn 0.0968 -0.1564 -0.9829
vn 0.0873 -0.4540 -0.8867
vn 0.0693 -0.7071 -0.7037
vn 0.0445 -0.8910 -0.4518
vn 0.0153 -0.9877 -0.1557
vn 0.2867 -0.1564 -0.9452
vn 0.2586 -0.4540 -0.8526
vn 0.2053 -0.7071 -0.6767
vn 0.1318 -0.8910 -0.4345
vn 0.0454 -0.9877 -0.1497
vn 0.4656 -0.1564 -0.8711
vn 0.4200 -0.4540 -0.7858
vn 0.3333 -0.7071 -0.6236
vn 0.2140 -0.8910 -0.4004
vn 0.0737 -0.9877 -0.1379
vn 0.6266 -0.1564 -0.7635
vn 0.5652 -0.4540 -0.6888
vn 0.4486 -0.7071 -0.5466
vn 0.2880 -0.8910 -0.3509
vn 0.0992 -0.9877 -0.1209
vn 0.7635 -0.1564 -0.6266
vn 0.6888 -0.4540 -0.5652
vn 0.5466 -0.7071 -0.4486
vn 0.3509 -0.8910 -0.2880
vn 0.1209 -0.9877 -0.0992
vn 0.8711 -0.1564 -0.4656
vn 0.7858 -0.4540 -0.4200
vn 0.6236 -0.7071 -0.3333
vn 0.4004 -0.8910 -0.2140
vn 0.1380 -0.9877 -0.0737
vn 0.9452 -0.1564 -0.2867
vn 0.8526 -0.4540 -0.2586
vn 0.6767 -0.7071 -0.2053
vn 0.4345 -0.8910 -0.1318
vn 0.1497 -0.9877 -0.0454
vn 0.9829 -0.1564 -0.0968
vn 0.8867 -0.4540 -0.0873
vn 0.7037 -0.7071 -0.0693
vn 0.4518 -0.8910 -0.0445
vn 0.1557 -0.9877 -0.0153
vn 0.9829 -0.1564 0.0968
vn 0.8867 -0.4540 0.0873
vn 0.7037 -0.7071 0.0693
vn 0.4518 -0.8910 0.0445
vn 0.1557 -0.9877 0.0153
vn 0.9452 -0.1564 0.2867
vn 0.8526 -0.4540 0.2587
vn 0.6767 -0.7071 0.2053
vn 0.4345 -0.8910 0.1318
vn 0.1497 -0.9877 0.0454
vn 0.8711 -0.1564 0.4656
vn 0.7858 -0.4540 0.4200
vn 0.6236 -0.7071 0.3333
vn 0.4004 -0.8910 0.2140
vn 0.1380 -0.9877 0.0737
vn 0.7635 -0.1564 0.6266
vn 0.6888 -0.4540 0.5652
vn 0.5466 -0.7071 0.4486
vn 0.3509 -0.8910 0.2880
vn 0.1209 -0.9877 0.0992
vn 0.6266 -0.1564 0.7635
vn 0.5652 -0.4540 0.6888
vn 0.4486 -0.7071 0.5466
vn 0.2880 -0.8910 0.3509
vn 0.0992 -0.9877 0.1209
vn 0.4656 -0.1564 0.8711
vn 0.4200 -0.4540 0.7858
vn 0.3333 -0.7071 0.6236
vn 0.2140 -0.8910 0.4004
vn 0.0737 -0.9877 0.1379
vn 0.2867 -0.1564 0.9452
vn 0.2586 -0.4540 0.8526
vn 0.2053 -0.7071 0.6767
vn 0.1318 -0.8910 0.4345
vn 0.0454 -0.9877 0.1497
vn 0.0968 -0.1564 0.9829
vn 0.0873 -0.4540 0.8867
vn 0.0693 -0.7071 0.7037
vn 0.0445 -0.8910 0.4518
vn 0.0153 -0.9877 0.1557
vn -0.0968 -0.1564 0.9829
vn -0.0873 -0.4540 0.8867
vn -0.0693 -0.7071 0.7037
vn -0.0445 -0.8910 0.4518
vn -0.0153 -0.9877 0.1557
vn -0.2867 -0.1564 0.9452
vn -0.2586 -0.4540 0.8526
vn -0.2053 -0.7071 0.6767
vn -0.1318 -0.8910 0.4345
vn -0.0454 -0.9877 0.1497
vn -0.4656 -0.1564 0.8711
vn -0.4200 -0.4540 0.7858
vn -0.3333 -0.7071 0.6236
vn -0.2140 -0.8910 0.4004
vn -0.0737 -0.9877 0.1379
vn -0.6266 -0.1564 0.7635
vn -0.5652 -0.4540 0.6888
vn -0.4486 -0.7071 0.5466
vn -0.2880 -0.8910 0.3509
vn -0.0992 -0.9877 0.1209
vn -0.7635 -0.1564 0.6266
vn -0.6888 -0.4540 0.5652
vn -0.5466 -0.7071 0.4486
vn -0.3509 -0.8910 0.2880
vn -0.1209 -0.9877 0.0992
vn -0.8711 -0.1564 0.4656
vn -0.7858 -0.4540 0.4200
vn -0.6236 -0.7071 0.3333
vn -0.4004 -0.8910 0.2140
vn -0.1380 -0.9877 0.0737
vn -0.9452 -0.1564 0.2867
vn -0.8526 -0.4540 0.2586
vn -0.6767 -0.7071 0.2053
vn -0.4345 -0.8910 0.1318
vn -0.1497 -0.9877 0.0454
vn -0.9829 -0.1564 0.0968
vn -0.8867 -0.4540 0.0873
vn -0.7037 -0.7071 0.0693
vn -0.4518 -0.8910 0.0445
vn -0.1557 -0.9877 0.0153
vn -0.9829 -0.1564 -0.0968
vn -0.8867 -0.4540 -0.0873
vn -0.7037 -0.7071 -0.0693
vn -0.4518 -0.8910 -0.0445
vn -0.1557 -0.9877 -0.0153
vn -0.9452 -0.1564 -0.2867
vn -0.8526 -0.4540 -0.2586
vn -0.6767 -0.7071 -0.2053
vn -0.4345 -0.8910 -0.1318
vn -0.1497 -0.9877 -0.0454
vn -0.8711 -0.1564 -0.4656
vn -0.7858 -0.4540 -0.4200
vn -0.6236 -0.7071 -0.3333
vn -0.4004 -0.8910 -0.2140
vn -0.1380 -0.9877 -0.0737
vn -0.7635 -0.1564 -0.6266
vn -0.6888 -0.4540 -0.5652
vn -0.5466 -0.7071 -0.4486
vn -0.3509 -0.8910 -0.2880
vn -0.1209 -0.9877 -0.0992
vn -0.6266 -0.1564 -0.7635
vn -0.5652 -0.4540 -0.6888
vn -0.4486 -0.7071 -0.5466
vn -0.2880 -0.8910 -0.3509
vn -0.0992 -0.9877 -0.1209
vn -0.4656 -0.1564 -0.8711
vn -0.4200 -0.4540 -0.7858
vn -0.3333 -0.7071 -0.6236
vn -0.2140 -0.8910 -0.4004
vn -0.0737 -0.9877 -0.1379
vn -0.2867 -0.1564 -0.9452
vn -0.2586 -0.4540 -0.8526
vn -0.2053 -0.7071 -0.6767
vn -0.1318 -0.8910 -0.4345
vn -0.0454 -0.9877 -0.1497
vn -0.0968 -0.1564 -0.9829
vn -0.0873 -0.4540 -0.8867
vn -0.0693 -0.7071 -0.7037
vn -0.0445 -0.8910 -0.4518
vn -0.0153 -0.9877 -0.1557
vn 0.0000 -1.0000 0.0000
vn 0.0000 1.0000 -0.0000
vn 0.0980 0.0000 -0.9952
vn 0.0947 0.2588 -0.9613
vn 0.0693 0.7071 -0.7037
vn 0.0254 0.9659 -0.2576
vn 0.2804 0.2588 -0.9243
vn 0.2053 0.7071 -0.6767
vn 0.0751 0.9659 -0.2477
vn 0.4553 0.2588 -0.8519
vn 0.3333 0.7071 -0.6236
vn 0.1220 0.9659 -0.2283
vn 0.6128 0.2588 -0.7467
vn 0.4486 0.7071 -0.5466
vn 0.1642 0.9659 -0.2001
vn 0.7467 0.2588 -0.6128
vn 0.5466 0.7071 -0.4486
vn 0.2001 0.9659 -0.1642
vn 0.8519 0.2588 -0.4553
vn 0.6236 0.7071 -0.3333
vn 0.2283 0.9659 -0.1220
vn 0.9243 0.2588 -0.2804
vn 0.6767 0.7071 -0.2053
vn 0.2477 0.9659 -0.0751
vn 0.9613 0.2588 -0.0947
vn 0.7037 0.7071 -0.0693
vn 0.2576 0.9659 -0.0254
vn 0.9613 0.2588 0.0947
vn 0.7037 0.7071 0.0693
vn 0.2576 0.9659 0.0254
vn 0.9243 0.2588 0.2804
vn 0.6767 0.7071 0.2053
vn 0.2477 0.9659 0.0751
vn 0.8519 0.2588 0.4553
vn 0.6236 0.7071 0.3333
vn 0.2283 0.9659 0.1220
vn 0.7467 0.2588 0.6128
vn 0.5466 0.7071 0.4486
vn 0.2001 0.9659 0.1642
vn 0.6128 0.2588 0.7467
vn 0.4486 0.7071 0.5466
vn 0.1642 0.9659 0.2001
vn 0.4553 0.2588 0.8519
vn 0.3333 0.7071 0.6236
vn 0.1220 0.9659 0.2282
vn 0.2804 0.2588 0.9243
vn 0.2053 0.7071 0.6767
vn 0.0751 0.9659 0.2477
vn 0.0947 0.2588 0.9613
vn 0.0693 0.7071 0.7037
vn 0.0254 0.9659 0.2576
vn -0.0947 0.2588 0.9613
vn -0.0693 0.7071 0.7037
vn -0.0254 0.9659 0.2576
vn -0.2804 0.2588 0.9243
vn -0.2053 0.7071 0.6766
vn -0.0751 0.9659 0.2477
vn -0.4553 0.2588 0.8519
vn -0.3333 0.7071 0.6236
vn -0.1220 0.9659 0.2283
vn -0.6128 0.2588 0.7467
vn -0.4486 0.7071 0.5466
vn -0.1642 0.9659 0.2001
vn -0.7467 0.2588 0.6128
vn -0.5466 0.7071 0.4486
vn -0.2001 0.9659 0.1642
vn -0.8519 0.2588 0.4553
vn -0.6236 0.7071 0.3333
vn -0.2283 0.9659 0.1220
vn -0.9243 0.2588 0.2804
vn -0.6767 0.7071 0.2053
vn -0.2477 0.9659 0.0751
vn -0.9613 0.2588 0.0947
vn -0.7037 0.7071 0.0693
vn -0.2576 0.9659 0.0254
vn -0.9613 0.2588 -0.0947
vn -0.7037 0.7071 -0.0693
vn -0.2576 0.9659 -0.0254
vn -0.9243 0.2588 -0.2804
vn -0.6767 0.7071 -0.2053
vn -0.2477 0.9659 -0.0751
vn -0.8519 0.2588 -0.4553
vn -0.6236 0.7071 -0.3333
vn -0.2283 0.9659 -0.1220
vn -0.7467 0.2588 -0.6128
vn -0.5466 0.7071 -0.4486
vn -0.2001 0.9659 -0.1642
vn -0.6128 0.2588 -0.7467
vn -0.4486 0.7071 -0.5466
vn -0.1642 0.9659 -0.2001
vn -0.4553 0.2588 -0.8519
vn -0.3333 0.7071 -0.6236
vn -0.1220 0.9659 -0.2282
vn -0.2804 0.2588 -0.9243
vn -0.2053 0.7071 -0.6767
vn -0.0751 0.9659 -0.2477
vn -0.0947 0.2588 -0.9613
vn -0.0693 0.7071 -0.7037
vn -0.0254 0.9659 -0.2576
vn -0.2053 0.7071 0.6767
vn -0.1220 0.9659 0.2282
vn 0.1220 0.9659 -0.2282
vn 0.6767 0.7071 -0.2052
vn 0.1220 0.9659 0.2283
usemtl cup
s off
f 6396//3823 6744//3823 6748//3823 6402//3823
f 6402//3824 6748//3824 6752//3824 6408//3824
f 6408//3825 6752//3825 6756//3825 6414//3825
f 6414//3826 6756//3826 6760//3826 6420//3826
f 6420//3827 6760//3827 6764//3827 6426//3827
f 6426//3828 6764//3828 6768//3828 6432//3828
f 6432//3829 6768//3829 6772//3829 6438//3829
f 6438//3830 6772//3830 6776//3830 6444//3830
f 6444//3831 6776//3831 6780//3831 6450//3831
f 6450//3832 6780//3832 6784//3832 6456//3832
f 6456//3833 6784//3833 6788//3833 6462//3833
f 6462//3834 6788//3834 6792//3834 6468//3834
f 6468//3835 6792//3835 6796//3835 6474//3835
f 6474//3836 6796//3836 6800//3836 6480//3836
f 6480//3837 6800//3837 6804//3837 6486//3837
f 6486//3838 6804//3838 6808//3838 6492//3838
f 6492//3839 6808//3839 6812//3839 6498//3839
f 6498//3840 6812//3840 6816//3840 6504//3840
f 6504//3841 6816//3841 6820//3841 6510//3841
f 6510//3842 6820//3842 6824//3842 6516//3842
f 6516//3843 6824//3843 6828//3843 6522//3843
f 6522//3844 6828//3844 6832//3844 6528//3844
f 6528//3845 6832//3845 6836//3845 6534//3845
f 6534//3846 6836//3846 6840//3846 6540//3846
f 6540//3847 6840//3847 6844//3847 6546//3847
f 6546//3848 6844//3848 6848//3848 6552//3848
f 6552//3849 6848//3849 6852//3849 6558//3849
f 6558//3850 6852//3850 6856//3850 6564//3850
f 6564//3851 6856//3851 6860//3851 6570//3851
f 6639//3844 6635//3844 6582//3844 6583//3844
f 6570//3852 6860//3852 6739//3852 6384//3852
f 6390//3853 6736//3853 6744//3853 6396//3853
f 6384//3854 6390//3854 6394//3854 6388//3854
f 6388//3855 6394//3855 6393//3855 6387//3855
f 6387//3856 6393//3856 6392//3856 6386//3856
f 6386//3857 6392//3857 6391//3857 6385//3857
f 6385//3858 6391//3858 6389//3858 6383//3858
f 6390//3859 6396//3859 6400//3859 6394//3859
f 6394//3860 6400//3860 6399//3860 6393//3860
f 6393//3861 6399//3861 6398//3861 6392//3861
f 6392//3862 6398//3862 6397//3862 6391//3862
f 6391//3863 6397//3863 6395//3863 6389//3863
f 6396//3864 6402//3864 6406//3864 6400//3864
f 6400//3865 6406//3865 6405//3865 6399//3865
f 6399//3866 6405//3866 6404//3866 6398//3866
f 6398//3867 6404//3867 6403//3867 6397//3867
f 6397//3868 6403//3868 6401//3868 6395//3868
f 6402//3869 6408//3869 6412//3869 6406//3869
f 6406//3870 6412//3870 6411//3870 6405//3870
f 6405//3871 6411//3871 6410//3871 6404//3871
f 6404//3872 6410//3872 6409//3872 6403//3872
f 6403//3873 6409//3873 6407//3873 6401//3873
f 6408//3874 6414//3874 6418//3874 6412//3874
f 6412//3875 6418//3875 6417//3875 6411//3875
f 6411//3876 6417//3876 6416//3876 6410//3876
f 6410//3877 6416//3877 6415//3877 6409//3877
f 6409//3878 6415//3878 6413//3878 6407//3878
f 6414//3879 6420//3879 6424//3879 6418//3879
f 6418//3880 6424//3880 6423//3880 6417//3880
f 6417//3881 6423//3881 6422//3881 6416//3881
f 6416//3882 6422//3882 6421//3882 6415//3882
f 6415//3883 6421//3883 6419//3883 6413//3883
f 6420//3884 6426//3884 6430//3884 6424//3884
f 6424//3885 6430//3885 6429//3885 6423//3885
f 6423//3886 6429//3886 6428//3886 6422//3886
f 6422//3887 6428//3887 6427//3887 6421//3887
f 6421//3888 6427//3888 6425//3888 6419//3888
f 6426//3889 6432//3889 6436//3889 6430//3889
f 6430//3890 6436//3890 6435//3890 6429//3890
f 6429//3891 6435//3891 6434//3891 6428//3891
f 6428//3892 6434//3892 6433//3892 6427//3892
f 6427//3893 6433//3893 6431//3893 6425//3893
f 6432//3894 6438//3894 6442//3894 6436//3894
f 6436//3895 6442//3895 6441//3895 6435//3895
f 6435//3896 6441//3896 6440//3896 6434//3896
f 6434//3897 6440//3897 6439//3897 6433//3897
f 6433//3898 6439//3898 6437//3898 6431//3898
f 6438//3899 6444//3899 6448//3899 6442//3899
f 6442//3900 6448//3900 6447//3900 6441//3900
f 6441//3901 6447//3901 6446//3901 6440//3901
f 6440//3902 6446//3902 6445//3902 6439//3902
f 6439//3903 6445//3903 6443//3903 6437//3903
f 6444//3904 6450//3904 6454//3904 6448//3904
f 6448//3905 6454//3905 6453//3905 6447//3905
f 6447//3906 6453//3906 6452//3906 6446//3906
f 6446//3907 6452//3907 6451//3907 6445//3907
f 6445//3908 6451//3908 6449//3908 6443//3908
f 6450//3909 6456//3909 6460//3909 6454//3909
f 6454//3910 6460//3910 6459//3910 6453//3910
f 6453//3911 6459//3911 6458//3911 6452//3911
f 6452//3912 6458//3912 6457//3912 6451//3912
f 6451//3913 6457//3913 6455//3913 6449//3913
f 6456//3914 6462//3914 6466//3914 6460//3914
f 6460//3915 6466//3915 6465//3915 6459//3915
f 6459//3916 6465//3916 6464//3916 6458//3916
f 6458//3917 6464//3917 6463//3917 6457//3917
f 6457//3918 6463//3918 6461//3918 6455//3918
f 6462//3919 6468//3919 6472//3919 6466//3919
f 6466//3920 6472//3920 6471//3920 6465//3920
f 6465//3921 6471//3921 6470//3921 6464//3921
f 6464//3922 6470//3922 6469//3922 6463//3922
f 6463//3923 6469//3923 6467//3923 6461//3923
f 6468//3924 6474//3924 6478//3924 6472//3924
f 6472//3925 6478//3925 6477//3925 6471//3925
f 6471//3926 6477//3926 6476//3926 6470//3926
f 6470//3927 6476//3927 6475//3927 6469//3927
f 6469//3928 6475//3928 6473//3928 6467//3928
f 6474//3929 6480//3929 6484//3929 6478//3929
f 6478//3930 6484//3930 6483//3930 6477//3930
f 6477//3931 6483//3931 6482//3931 6476//3931
f 6476//3932 6482//3932 6481//3932 6475//3932
f 6475//3933 6481//3933 6479//3933 6473//3933
f 6480//3934 6486//3934 6490//3934 6484//3934
f 6484//3935 6490//3935 6489//3935 6483//3935
f 6483//3936 6489//3936 6488//3936 6482//3936
f 6482//3937 6488//3937 6487//3937 6481//3937
f 6481//3938 6487//3938 6485//3938 6479//3938
f 6486//3939 6492//3939 6496//3939 6490//3939
f 6490//3940 6496//3940 6495//3940 6489//3940
f 6489//3941 6495//3941 6494//3941 6488//3941
f 6488//3942 6494//3942 6493//3942 6487//3942
f 6487//3943 6493//3943 6491//3943 6485//3943
f 6492//3944 6498//3944 6502//3944 6496//3944
f 6496//3945 6502//3945 6501//3945 6495//3945
f 6495//3946 6501//3946 6500//3946 6494//3946
f 6494//3947 6500//3947 6499//3947 6493//3947
f 6493//3948 6499//3948 6497//3948 6491//3948
f 6498//3949 6504//3949 6508//3949 6502//3949
f 6502//3950 6508//3950 6507//3950 6501//3950
f 6501//3951 6507//3951 6506//3951 6500//3951
f 6500//3952 6506//3952 6505//3952 6499//3952
f 6499//3953 6505//3953 6503//3953 6497//3953
f 6504//3954 6510//3954 6514//3954 6508//3954
f 6508//3955 6514//3955 6513//3955 6507//3955
f 6507//3956 6513//3956 6512//3956 6506//3956
f 6506//3957 6512//3957 6511//3957 6505//3957
f 6505//3958 6511//3958 6509//3958 6503//3958
f 6510//3959 6516//3959 6520//3959 6514//3959
f 6514//3960 6520//3960 6519//3960 6513//3960
f 6513//3961 6519//3961 6518//3961 6512//3961
f 6512//3962 6518//3962 6517//3962 6511//3962
f 6511//3963 6517//3963 6515//3963 6509//3963
f 6516//3964 6522//3964 6526//3964 6520//3964
f 6520//3965 6526//3965 6525//3965 6519//3965
f 6519//3966 6525//3966 6524//3966 6518//3966
f 6518//3967 6524//3967 6523//3967 6517//3967
f 6517//3968 6523//3968 6521//3968 6515//3968
f 6522//3969 6528//3969 6532//3969 6526//3969
f 6526//3970 6532//3970 6531//3970 6525//3970
f 6525//3971 6531//3971 6530//3971 6524//3971
f 6524//3972 6530//3972 6529//3972 6523//3972
f 6523//3973 6529//3973 6527//3973 6521//3973
f 6528//3974 6534//3974 6538//3974 6532//3974
f 6532//3975 6538//3975 6537//3975 6531//3975
f 6531//3976 6537//3976 6536//3976 6530//3976
f 6530//3977 6536//3977 6535//3977 6529//3977
f 6529//3978 6535//3978 6533//3978 6527//3978
f 6534//3979 6540//3979 6544//3979 6538//3979
f 6538//3980 6544//3980 6543//3980 6537//3980
f 6537//3981 6543//3981 6542//3981 6536//3981
f 6536//3982 6542//3982 6541//3982 6535//3982
f 6535//3983 6541//3983 6539//3983 6533//3983
f 6540//3984 6546//3984 6550//3984 6544//3984
f 6544//3985 6550//3985 6549//3985 6543//3985
f 6543//3986 6549//3986 6548//3986 6542//3986
f 6542//3987 6548//3987 6547//3987 6541//3987
f 6541//3988 6547//3988 6545//3988 6539//3988
f 6546//3989 6552//3989 6556//3989 6550//3989
f 6550//3990 6556//3990 6555//3990 6549//3990
f 6549//3991 6555//3991 6554//3991 6548//3991
f 6548//3992 6554//3992 6553//3992 6547//3992
f 6547//3993 6553//3993 6551//3993 6545//3993
f 6552//3994 6558//3994 6562//3994 6556//3994
f 6556//3995 6562//3995 6561//3995 6555//3995
f 6555//3996 6561//3996 6560//3996 6554//3996
f 6554//3997 6560//3997 6559//3997 6553//3997
f 6553//3998 6559//3998 6557//3998 6551//3998
f 6558//3999 6564//3999 6568//3999 6562//3999
f 6562//4000 6568//4000 6567//4000 6561//4000
f 6561//4001 6567//4001 6566//4001 6560//4001
f 6560//4002 6566//4002 6565//4002 6559//4002
f 6559//4003 6565//4003 6563//4003 6557//4003
f 6564//4004 6570//4004 6574//4004 6568//4004
f 6568//4005 6574//4005 6573//4005 6567//4005
f 6567//4006 6573//4006 6572//4006 6566//4006
f 6566//4007 6572//4007 6571//4007 6565//4007
f 6565//4008 6571//4008 6569//4008 6563//4008
f 6570//4009 6384//4009 6388//4009 6574//4009
f 6574//4010 6388//4010 6387//4010 6573//4010
f 6573//4011 6387//4011 6386//4011 6572//4011
f 6572//4012 6386//4012 6385//4012 6571//4012
f 6571//4013 6385//4013 6383//4013 6569//4013
f 6383//4014 6389//4014 6395//4014 6401//4014 6407//4014 6413//4014 6419//4014 6425//4014 6431//4014 6437//4014 6443//4014 6449//4014 6455//4014 6461//4014 6467//4014 6473//4014 6479//4014 6485//4014 6491//4014 6497//4014 6503//4014 6509//4014 6515//4014 6521//4014 6527//4014 6533//4014 6539//4014 6545//4014 6551//4014 6557//4014 6563//4014 6569//4014
f 6608//3836 6731//3836 6606//3836 6576//3836
f 6619//3839 6615//3839 6577//3839 6578//3839
f 6623//3840 6619//3840 6578//3840 6579//3840
f 6627//3841 6623//3841 6579//3841 6580//3841
f 6631//3842 6627//3842 6580//3842 6581//3842
f 6632//4015 6636//4015 6763//4015 6759//4015
f 6635//3843 6631//3843 6581//3843 6582//3843
f 6643//3845 6639//3845 6583//3845 6584//3845
f 6647//3846 6643//3846 6584//3846 6585//3846
f 6651//3847 6647//3847 6585//3847 6586//3847
f 6655//3848 6651//3848 6586//3848 6587//3848
f 6659//3849 6655//3849 6587//3849 6588//3849
f 6663//3850 6659//3850 6588//3850 6589//3850
f 6667//3851 6663//3851 6589//3851 6590//3851
f 6671//3852 6667//3852 6590//3852 6591//3852
f 6675//4016 6671//4016 6591//4016 6592//4016
f 6679//3853 6675//3853 6592//3853 6593//3853
f 6683//3823 6679//3823 6593//3823 6594//3823
f 6687//3824 6683//3824 6594//3824 6595//3824
f 6691//3825 6687//3825 6595//3825 6596//3825
f 6695//3826 6691//3826 6596//3826 6597//3826
f 6699//3827 6695//3827 6597//3827 6598//3827
f 6703//3828 6699//3828 6598//3828 6599//3828
f 6707//3829 6703//3829 6599//3829 6600//3829
f 6711//3830 6707//3830 6600//3830 6601//3830
f 6715//3831 6711//3831 6601//3831 6602//3831
f 6719//3832 6715//3832 6602//3832 6603//3832
f 6723//3833 6719//3833 6603//3833 6604//3833
f 6727//3834 6723//3834 6604//3834 6605//3834
f 6731//3835 6727//3835 6605//3835 6606//3835
f 6384//4016 6739//4016 6736//4016 6390//4016
f 6615//3838 6611//3838 6575//3838 6577//3838
f 6575//4015 6576//4015 6606//4015 6605//4015 6604//4015 6603//4015 6602//4015 6601//4015 6600//4015 6599//4015 6598//4015 6597//4015 6596//4015 6595//4015 6594//4015 6593//4015 6592//4015 6591//4015 6590//4015 6589//4015 6588//4015 6587//4015 6586//4015 6585//4015 6584//4015 6583//4015 6582//4015 6581//4015 6580//4015 6579//4015 6578//4015 6577//4015
f 6688//4015 6692//4015 6819//4015 6815//4015
f 6636//4015 6640//4015 6767//4015 6763//4015
f 6692//4015 6696//4015 6823//4015 6819//4015
f 6640//4015 6644//4015 6771//4015 6767//4015
f 6696//4015 6700//4015 6827//4015 6823//4015
f 6644//4015 6648//4015 6775//4015 6771//4015
f 6700//4015 6704//4015 6831//4015 6827//4015
f 6648//4015 6652//4015 6779//4015 6775//4015
f 6704//4015 6708//4015 6835//4015 6831//4015
f 6652//4015 6656//4015 6783//4015 6779//4015
f 6708//4015 6712//4015 6839//4015 6835//4015
f 6656//4015 6660//4015 6787//4015 6783//4015
f 6712//4015 6716//4015 6843//4015 6839//4015
f 6660//4015 6664//4015 6791//4015 6787//4015
f 6607//4015 6612//4015 6735//4015 6740//4015
f 6716//4015 6720//4015 6847//4015 6843//4015
f 6664//4015 6668//4015 6795//4015 6791//4015
f 6612//4015 6616//4015 6743//4015 6735//4015
f 6720//4015 6724//4015 6851//4015 6847//4015
f 6668//4015 6672//4015 6799//4015 6795//4015
f 6616//4015 6620//4015 6747//4015 6743//4015
f 6724//4015 6728//4015 6855//4015 6851//4015
f 6672//4015 6676//4015 6803//4015 6799//4015
f 6620//4015 6624//4015 6751//4015 6747//4015
f 6728//4015 6732//4015 6859//4015 6855//4015
f 6676//4015 6680//4015 6807//4015 6803//4015
f 6624//4015 6628//4015 6755//4015 6751//4015
f 6732//4015 6607//4015 6740//4015 6859//4015
f 6680//4015 6684//4015 6811//4015 6807//4015
f 6628//4015 6632//4015 6759//4015 6755//4015
f 6684//4015 6688//4015 6815//4015 6811//4015
f 6736//4017 6739//4017 6741//4017 6738//4017
f 6738//4018 6741//4018 6742//4018 6737//4018
f 6737//4019 6742//4019 6740//4019 6735//4019
f 6744//4020 6736//4020 6738//4020 6746//4020
f 6746//4021 6738//4021 6737//4021 6745//4021
f 6745//4022 6737//4022 6735//4022 6743//4022
f 6748//4023 6744//4023 6746//4023 6750//4023
f 6750//4024 6746//4024 6745//4024 6749//4024
f 6749//4025 6745//4025 6743//4025 6747//4025
f 6752//4026 6748//4026 6750//4026 6754//4026
f 6754//4027 6750//4027 6749//4027 6753//4027
f 6753//4028 6749//4028 6747//4028 6751//4028
f 6756//4029 6752//4029 6754//4029 6758//4029
f 6758//4030 6754//4030 6753//4030 6757//4030
f 6757//4031 6753//4031 6751//4031 6755//4031
f 6760//4032 6756//4032 6758//4032 6762//4032
f 6762//4033 6758//4033 6757//4033 6761//4033
f 6761//4034 6757//4034 6755//4034 6759//4034
f 6764//4035 6760//4035 6762//4035 6766//4035
f 6766//4036 6762//4036 6761//4036 6765//4036
f 6765//4037 6761//4037 6759//4037 6763//4037
f 6768//4038 6764//4038 6766//4038 6770//4038
f 6770//4039 6766//4039 6765//4039 6769//4039
f 6769//4040 6765//4040 6763//4040 6767//4040
f 6772//4041 6768//4041 6770//4041 6774//4041
f 6774//4042 6770//4042 6769//4042 6773//4042
f 6773//4043 6769//4043 6767//4043 6771//4043
f 6776//4044 6772//4044 6774//4044 6778//4044
f 6778//4045 6774//4045 6773//4045 6777//4045
f 6777//4046 6773//4046 6771//4046 6775//4046
f 6780//4047 6776//4047 6778//4047 6782//4047
f 6782//4048 6778//4048 6777//4048 6781//4048
f 6781//4049 6777//4049 6775//4049 6779//4049
f 6784//4050 6780//4050 6782//4050 6786//4050
f 6786//4051 6782//4051 6781//4051 6785//4051
f 6785//4052 6781//4052 6779//4052 6783//4052
f 6788//4053 6784//4053 6786//4053 6790//4053
f 6790//4054 6786//4054 6785//4054 6789//4054
f 6789//4055 6785//4055 6783//4055 6787//4055
f 6792//4056 6788//4056 6790//4056 6794//4056
f 6794//4057 6790//4057 6789//4057 6793//4057
f 6793//4058 6789//4058 6787//4058 6791//4058
f 6796//4059 6792//4059 6794//4059 6798//4059
f 6798//4060 6794//4060 6793//4060 6797//4060
f 6797//4061 6793//4061 6791//4061 6795//4061
f 6800//4062 6796//4062 6798//4062 6802//4062
f 6802//4063 6798//4063 6797//4063 6801//4063
f 6801//4064 6797//4064 6795//4064 6799//4064
f 6804//4065 6800//4065 6802//4065 6806//4065
f 6806//4066 6802//4066 6801//4066 6805//4066
f 6805//4067 6801//4067 6799//4067 6803//4067
f 6808//4068 6804//4068 6806//4068 6810//4068
f 6810//4069 6806//4069 6805//4069 6809//4069
f 6809//4070 6805//4070 6803//4070 6807//4070
f 6812//4071 6808//4071 6810//4071 6814//4071
f 6814//4072 6810//4072 6809//4072 6813//4072
f 6813//4073 6809//4073 6807//4073 6811//4073
f 6816//4074 6812//4074 6814//4074 6818//4074
f 6818//4075 6814//4075 6813//4075 6817//4075
f 6817//4076 6813//4076 6811//4076 6815//4076
f 6820//4077 6816//4077 6818//4077 6822//4077
f 6822//4078 6818//4078 6817//4078 6821//4078
f 6821//4079 6817//4079 6815//4079 6819//4079
f 6824//4080 6820//4080 6822//4080 6826//4080
f 6826//4081 6822//4081 6821//4081 6825//4081
f 6825//4082 6821//4082 6819//4082 6823//4082
f 6828//4083 6824//4083 6826//4083 6830//4083
f 6830//4084 6826//4084 6825//4084 6829//4084
f 6829//4085 6825//4085 6823//4085 6827//4085
f 6832//4086 6828//4086 6830//4086 6834//4086
f 6834//4087 6830//4087 6829//4087 6833//4087
f 6833//4088 6829//4088 6827//4088 6831//4088
f 6836//4089 6832//4089 6834//4089 6838//4089
f 6838//4090 6834//4090 6833//4090 6837//4090
f 6837//4091 6833//4091 6831//4091 6835//4091
f 6840//4092 6836//4092 6838//4092 6842//4092
f 6842//4093 6838//4093 6837//4093 6841//4093
f 6841//4094 6837//4094 6835//4094 6839//4094
f 6844//4095 6840//4095 6842//4095 6846//4095
f 6846//4096 6842//4096 6841//4096 6845//4096
f 6845//4097 6841//4097 6839//4097 6843//4097
f 6848//4098 6844//4098 6846//4098 6850//4098
f 6850//4099 6846//4099 6845//4099 6849//4099
f 6849//4100 6845//4100 6843//4100 6847//4100
f 6852//4101 6848//4101 6850//4101 6854//4101
f 6854//4102 6850//4102 6849//4102 6853//4102
f 6853//4103 6849//4103 6847//4103 6851//4103
f 6856//4104 6852//4104 6854//4104 6858//4104
f 6858//4105 6854//4105 6853//4105 6857//4105
f 6857//4106 6853//4106 6851//4106 6855//4106
f 6860//4107 6856//4107 6858//4107 6862//4107
f 6862//4108 6858//4108 6857//4108 6861//4108
f 6861//4109 6857//4109 6855//4109 6859//4109
f 6739//4110 6860//4110 6862//4110 6741//4110
f 6741//4111 6862//4111 6861//4111 6742//4111
f 6742//4112 6861//4112 6859//4112 6740//4112
f 6612//4067 6607//4067 6609//4067 6614//4067
f 6614//4066 6609//4066 6610//4066 6613//4066
f 6613//4065 6610//4065 6608//4065 6611//4065
f 6616//4070 6612//4070 6614//4070 6618//4070
f 6618//4113 6614//4113 6613//4113 6617//4113
f 6617//4068 6613//4068 6611//4068 6615//4068
f 6620//4114 6616//4114 6618//4114 6622//4114
f 6622//4072 6618//4072 6617//4072 6621//4072
f 6621//4071 6617//4071 6615//4071 6619//4071
f 6624//4076 6620//4076 6622//4076 6626//4076
f 6626//4075 6622//4075 6621//4075 6625//4075
f 6625//4074 6621//4074 6619//4074 6623//4074
f 6628//4079 6624//4079 6626//4079 6630//4079
f 6630//4078 6626//4078 6625//4078 6629//4078
f 6629//4077 6625//4077 6623//4077 6627//4077
f 6632//4082 6628//4082 6630//4082 6634//4082
f 6634//4081 6630//4081 6629//4081 6633//4081
f 6633//4080 6629//4080 6627//4080 6631//4080
f 6636//4085 6632//4085 6634//4085 6638//4085
f 6638//4084 6634//4084 6633//4084 6637//4084
f 6637//4083 6633//4083 6631//4083 6635//4083
f 6640//4088 6636//4088 6638//4088 6642//4088
f 6642//4087 6638//4087 6637//4087 6641//4087
f 6641//4086 6637//4086 6635//4086 6639//4086
f 6644//4091 6640//4091 6642//4091 6646//4091
f 6646//4090 6642//4090 6641//4090 6645//4090
f 6645//4089 6641//4089 6639//4089 6643//4089
f 6648//4094 6644//4094 6646//4094 6650//4094
f 6650//4093 6646//4093 6645//4093 6649//4093
f 6649//4092 6645//4092 6643//4092 6647//4092
f 6652//4097 6648//4097 6650//4097 6654//4097
f 6654//4096 6650//4096 6649//4096 6653//4096
f 6653//4095 6649//4095 6647//4095 6651//4095
f 6656//4100 6652//4100 6654//4100 6658//4100
f 6658//4099 6654//4099 6653//4099 6657//4099
f 6657//4098 6653//4098 6651//4098 6655//4098
f 6660//4103 6656//4103 6658//4103 6662//4103
f 6662//4102 6658//4102 6657//4102 6661//4102
f 6661//4101 6657//4101 6655//4101 6659//4101
f 6664//4106 6660//4106 6662//4106 6666//4106
f 6666//4105 6662//4105 6661//4105 6665//4105
f 6665//4104 6661//4104 6659//4104 6663//4104
f 6668//4109 6664//4109 6666//4109 6670//4109
f 6670//4108 6666//4108 6665//4108 6669//4108
f 6669//4107 6665//4107 6663//4107 6667//4107
f 6672//4112 6668//4112 6670//4112 6674//4112
f 6674//4111 6670//4111 6669//4111 6673//4111
f 6673//4110 6669//4110 6667//4110 6671//4110
f 6676//4019 6672//4019 6674//4019 6678//4019
f 6678//4018 6674//4018 6673//4018 6677//4018
f 6677//4017 6673//4017 6671//4017 6675//4017
f 6680//4022 6676//4022 6678//4022 6682//4022
f 6682//4021 6678//4021 6677//4021 6681//4021
f 6681//4020 6677//4020 6675//4020 6679//4020
f 6684//4115 6680//4115 6682//4115 6686//4115
f 6686//4024 6682//4024 6681//4024 6685//4024
f 6685//4023 6681//4023 6679//4023 6683//4023
f 6688//4028 6684//4028 6686//4028 6690//4028
f 6690//4027 6686//4027 6685//4027 6689//4027
f 6689//4026 6685//4026 6683//4026 6687//4026
f 6692//4031 6688//4031 6690//4031 6694//4031
f 6694//4030 6690//4030 6689//4030 6693//4030
f 6693//4029 6689//4029 6687//4029 6691//4029
f 6696//4034 6692//4034 6694//4034 6698//4034
f 6698//4033 6694//4033 6693//4033 6697//4033
f 6697//4032 6693//4032 6691//4032 6695//4032
f 6700//4037 6696//4037 6698//4037 6702//4037
f 6702//4116 6698//4116 6697//4116 6701//4116
f 6701//4035 6697//4035 6695//4035 6699//4035
f 6704//4040 6700//4040 6702//4040 6706//4040
f 6706//4039 6702//4039 6701//4039 6705//4039
f 6705//4038 6701//4038 6699//4038 6703//4038
f 6708//4043 6704//4043 6706//4043 6710//4043
f 6710//4042 6706//4042 6705//4042 6709//4042
f 6709//4041 6705//4041 6703//4041 6707//4041
f 6712//4046 6708//4046 6710//4046 6714//4046
f 6714//4045 6710//4045 6709//4045 6713//4045
f 6713//4044 6709//4044 6707//4044 6711//4044
f 6716//4049 6712//4049 6714//4049 6718//4049
f 6718//4048 6714//4048 6713//4048 6717//4048
f 6717//4047 6713//4047 6711//4047 6715//4047
f 6720//4052 6716//4052 6718//4052 6722//4052
f 6722//4051 6718//4051 6717//4051 6721//4051
f 6721//4050 6717//4050 6715//4050 6719//4050
f 6724//4055 6720//4055 6722//4055 6726//4055
f 6726//4054 6722//4054 6721//4054 6725//4054
f 6725//4053 6721//4053 6719//4053 6723//4053
f 6728//4117 6724//4117 6726//4117 6730//4117
f 6730//4057 6726//4057 6725//4057 6729//4057
f 6729//4056 6725//4056 6723//4056 6727//4056
f 6732//4061 6728//4061 6730//4061 6734//4061
f 6734//4060 6730//4060 6729//4060 6733//4060
f 6733//4059 6729//4059 6727//4059 6731//4059
f 6607//4064 6732//4064 6734//4064 6609//4064
f 6609//4063 6734//4063 6733//4063 6610//4063
f 6610//4062 6733//4062 6731//4062 6608//4062
f 6611//3837 6608//3837 6576//3837 6575//3837
o Plane.008
v 2.784721 0.291517 2.995582
v 2.784721 0.291517 -2.849571
v 2.784721 4.008886 2.995582
v 2.784721 4.008886 -2.849571
v 2.784721 1.012569 -2.849571
v 2.784721 1.012569 2.995582
v 2.784721 4.008886 -2.728451
v 2.784721 1.012569 -2.728451
v 2.784721 0.291517 -2.728451
v 2.784721 4.008886 2.868119
v 2.784721 1.012569 2.868119
v 2.784721 0.291517 2.868119
v 2.784721 0.291517 1.118741
v 2.784721 0.291517 0.975654
v 2.784721 0.291517 -0.829644
v 2.784721 0.291517 -0.972730
v 2.784721 4.008886 0.975654
v 2.784721 4.008886 1.118741
v 2.784721 4.008886 -0.972730
v 2.784721 4.008886 -0.829644
v 2.784721 1.012569 1.118741
v 2.784721 1.012569 0.975654
v 2.784721 1.012569 -0.829644
v 2.784721 1.012569 -0.972730
v 2.784721 3.790405 2.868119
v 2.784721 3.790405 -2.849571
v 2.784721 3.790405 2.995582
v 2.784721 3.790405 -2.728451
v 2.784721 3.790405 -0.829644
v 2.784721 3.790405 -0.972730
v 2.784721 3.790405 1.118741
v 2.784721 3.790405 0.975654
v 2.862086 1.012569 -0.972730
v 2.862086 1.012569 -2.728451
v 2.862086 3.790405 -0.972730
v 2.862086 3.790405 0.975654
v 2.862086 1.012569 0.975654
v 2.862086 1.012569 2.868119
v 2.862086 1.012569 1.118741
v 2.862086 1.012569 -0.829644
v 2.862086 3.790405 2.868119
v 2.862086 3.790405 -2.728451
v 2.862086 3.790405 -0.829644
v 2.862086 3.790405 1.118741
v 2.784721 3.393571 -0.972730
v 2.784721 2.996737 -0.972730
v 2.784721 2.599904 -0.972730
v 2.784721 2.203070 -0.972730
v 2.784721 1.806237 -0.972730
v 2.784721 1.409403 -0.972730
v 2.784721 3.393571 0.975654
v 2.784721 2.996737 0.975654
v 2.784721 2.599904 0.975654
v 2.784721 2.203070 0.975654
v 2.784721 1.806237 0.975654
v 2.784721 1.409403 0.975654
v 2.784721 1.409403 2.868119
v 2.784721 1.806237 2.868119
v 2.784721 2.203070 2.868119
v 2.784721 2.599904 2.868119
v 2.784721 2.996737 2.868119
v 2.784721 3.393571 2.868119
v 2.784721 1.409403 -2.849571
v 2.784721 1.806237 -2.849571
v 2.784721 2.203070 -2.849571
v 2.784721 2.599904 -2.849571
v 2.784721 2.996737 -2.849571
v 2.784721 3.393571 -2.849571
v 2.784721 1.409403 2.995582
v 2.784721 1.806237 2.995582
v 2.784721 2.203070 2.995582
v 2.784721 2.599904 2.995582
v 2.784721 2.996737 2.995582
v 2.784721 3.393571 2.995582
v 2.784721 1.409403 -2.728451
v 2.784721 1.806237 -2.728451
v 2.784721 2.203070 -2.728451
v 2.784721 2.599904 -2.728451
v 2.784721 2.996737 -2.728451
v 2.784721 3.393571 -2.728451
v 2.784721 1.409403 -0.829644
v 2.784721 1.806237 -0.829644
v 2.784721 2.203070 -0.829644
v 2.784721 2.599904 -0.829644
v 2.784721 2.996737 -0.829644
v 2.784721 3.393571 -0.829644
v 2.784721 1.409403 1.118741
v 2.784721 1.806237 1.118741
v 2.784721 2.203070 1.118741
v 2.784721 2.599904 1.118741
v 2.784721 2.996737 1.118741
v 2.784721 3.393571 1.118741
v 2.821028 3.406499 1.118741
v 2.821028 3.380643 1.118741
v 2.808100 3.393571 1.118741
v 2.821028 3.009665 1.118741
v 2.821028 2.983809 1.118741
v 2.808100 2.996737 1.118741
v 2.821028 2.612832 1.118741
v 2.821028 2.586975 1.118741
v 2.808100 2.599904 1.118741
v 2.821028 2.215999 1.118741
v 2.821028 2.190142 1.118741
v 2.808100 2.203070 1.118741
v 2.821028 1.819165 1.118741
v 2.821028 1.793308 1.118741
v 2.808100 1.806237 1.118741
v 2.821028 1.422331 1.118741
v 2.821028 1.396475 1.118741
v 2.808100 1.409403 1.118741
v 2.821028 3.406499 -0.829644
v 2.821028 3.380643 -0.829644
v 2.808100 3.393571 -0.829644
v 2.821028 3.009665 -0.829644
v 2.821028 2.983809 -0.829644
v 2.808100 2.996737 -0.829644
v 2.821028 2.612832 -0.829644
v 2.821028 2.586975 -0.829644
v 2.808100 2.599904 -0.829644
v 2.821028 2.215999 -0.829644
v 2.821028 2.190142 -0.829644
v 2.808100 2.203070 -0.829644
v 2.821028 1.819165 -0.829644
v 2.821028 1.793308 -0.829644
v 2.808100 1.806237 -0.829644
v 2.821028 1.422331 -0.829644
v 2.821028 1.396475 -0.829644
v 2.808100 1.409403 -0.829644
v 2.784721 4.008886 -1.411661
v 2.784721 4.008886 -1.850591
v 2.784721 4.008886 -2.289521
v 2.784721 1.012569 -1.411661
v 2.784721 1.012569 -1.850591
v 2.784721 1.012569 -2.289521
v 2.784721 0.291517 -2.289521
v 2.784721 0.291517 -1.850591
v 2.784721 0.291517 -1.411661
v 2.784721 3.790405 -1.411661
v 2.784721 3.790405 -1.850591
v 2.784721 3.790405 -2.289521
v 2.821028 3.406499 -2.728451
v 2.821028 3.380643 -2.728451
v 2.808100 3.393571 -2.728451
v 2.821028 3.009665 -2.728451
v 2.821028 2.983809 -2.728451
v 2.808100 2.996737 -2.728451
v 2.821028 2.612832 -2.728451
v 2.821028 2.586975 -2.728451
v 2.808100 2.599904 -2.728451
v 2.821028 2.215999 -2.728451
v 2.821028 2.190142 -2.728451
v 2.808100 2.203070 -2.728451
v 2.821028 1.819165 -2.728451
v 2.821028 1.793308 -2.728451
v 2.808100 1.806237 -2.728451
v 2.821028 1.422331 -2.728451
v 2.821028 1.396475 -2.728451
v 2.808100 1.409403 -2.728451
v 2.821028 3.380643 2.868119
v 2.821028 3.406499 2.868119
v 2.808100 3.393571 2.868119
v 2.821028 2.983809 2.868119
v 2.821028 3.009665 2.868119
v 2.808100 2.996737 2.868119
v 2.784721 0.291517 -0.378319
v 2.784721 0.291517 0.073005
v 2.784721 0.291517 0.524330
v 2.784721 1.012569 0.524330
v 2.784721 1.012569 0.073005
v 2.784721 1.012569 -0.378319
v 2.784721 4.008886 0.524330
v 2.784721 4.008886 0.073005
v 2.784721 4.008886 -0.378319
v 2.784721 3.790405 0.524330
v 2.784721 3.790405 0.073005
v 2.784721 3.790405 -0.378319
v 2.821028 2.586975 2.868119
v 2.821028 2.612832 2.868119
v 2.808100 2.599904 2.868119
v 2.821028 2.190142 2.868119
v 2.821028 2.215999 2.868119
v 2.808100 2.203070 2.868119
v 2.821028 1.793308 2.868119
v 2.821028 1.819165 2.868119
v 2.808100 1.806237 2.868119
v 2.821028 1.396475 2.868119
v 2.821028 1.422331 2.868119
v 2.808100 1.409403 2.868119
v 2.821028 1.396475 0.975654
v 2.821028 1.422331 0.975654
v 2.808100 1.409403 0.975654
v 2.821028 1.793308 0.975654
v 2.821028 1.819165 0.975654
v 2.808100 1.806237 0.975654
v 2.821028 2.190142 0.975654
v 2.821028 2.215998 0.975654
v 2.808100 2.203070 0.975654
v 2.821028 2.586975 0.975654
v 2.821028 2.612832 0.975654
v 2.808100 2.599904 0.975654
v 2.784721 0.291517 1.556086
v 2.784721 0.291517 1.993430
v 2.784721 0.291517 2.430775
v 2.784721 1.012569 2.430775
v 2.784721 1.012569 1.993430
v 2.784721 1.012569 1.556086
v 2.784721 4.008886 2.430775
v 2.784721 4.008886 1.993430
v 2.784721 4.008886 1.556086
v 2.784721 3.790405 2.430775
v 2.784721 3.790405 1.993430
v 2.784721 3.790405 1.556086
v 2.821028 2.983809 0.975654
v 2.821028 3.009665 0.975654
v 2.808100 2.996737 0.975654
v 2.821028 3.380643 0.975654
v 2.821028 3.406499 0.975654
v 2.808100 3.393571 0.975654
v 2.821028 1.396475 -0.972730
v 2.821028 1.422331 -0.972730
v 2.808100 1.409403 -0.972730
v 2.821028 1.793308 -0.972730
v 2.821028 1.819165 -0.972730
v 2.808100 1.806237 -0.972730
v 2.821028 2.190142 -0.972730
v 2.821028 2.215998 -0.972730
v 2.808100 2.203070 -0.972730
v 2.821028 2.586975 -0.972730
v 2.821028 2.612832 -0.972730
v 2.808100 2.599904 -0.972730
v 2.821028 2.983809 -0.972730
v 2.821028 3.009665 -0.972730
v 2.808100 2.996737 -0.972730
v 2.821028 3.380643 -0.972730
v 2.821028 3.406499 -0.972730
v 2.808100 3.393571 -0.972730
v 2.862086 3.406499 -0.972730
v 2.862086 3.380643 -0.972730
v 2.849158 3.393571 -0.972730
v 2.862086 3.009665 -0.972730
v 2.862086 2.983809 -0.972730
v 2.849158 2.996737 -0.972730
v 2.862086 2.612832 -0.972730
v 2.862086 2.586975 -0.972730
v 2.849158 2.599904 -0.972730
v 2.862086 2.215998 -0.972730
v 2.862086 2.190142 -0.972730
v 2.849158 2.203070 -0.972730
v 2.862086 1.819165 -0.972730
v 2.862086 1.793308 -0.972730
v 2.849158 1.806237 -0.972730
v 2.862086 1.422331 -0.972730
v 2.862086 1.396475 -0.972730
v 2.849158 1.409403 -0.972730
v 2.862086 3.406499 0.975654
v 2.862086 3.380643 0.975654
v 2.849158 3.393571 0.975654
v 2.862086 3.009665 0.975654
v 2.862086 2.983809 0.975654
v 2.849158 2.996737 0.975654
v 2.862086 2.612832 0.975654
v 2.862086 2.586975 0.975654
v 2.849158 2.599904 0.975654
v 2.862086 2.215998 0.975654
v 2.862086 2.190142 0.975654
v 2.849158 2.203070 0.975654
v 2.862086 1.819165 0.975654
v 2.862086 1.793308 0.975654
v 2.849158 1.806237 0.975654
v 2.862086 1.422331 0.975654
v 2.862086 1.396475 0.975654
v 2.849158 1.409403 0.975654
v 2.862086 1.422331 2.868119
v 2.862086 1.396475 2.868119
v 2.849158 1.409403 2.868119
v 2.862086 1.819165 2.868119
v 2.862086 1.793308 2.868119
v 2.849158 1.806237 2.868119
v 2.862086 2.215999 2.868119
v 2.862086 2.190142 2.868119
v 2.849158 2.203070 2.868119
v 2.862086 2.612832 2.868119
v 2.862086 2.586975 2.868119
v 2.849158 2.599904 2.868119
v 2.862086 3.009665 2.868119
v 2.862086 2.983809 2.868119
v 2.849158 2.996737 2.868119
v 2.862086 3.406499 2.868119
v 2.862086 3.380643 2.868119
v 2.849158 3.393571 2.868119
v 2.862086 1.396475 -2.728451
v 2.862086 1.422331 -2.728451
v 2.849158 1.409403 -2.728451
v 2.862086 1.793308 -2.728451
v 2.862086 1.819165 -2.728451
v 2.849158 1.806237 -2.728451
v 2.862086 2.190142 -2.728451
v 2.862086 2.215999 -2.728451
v 2.849158 2.203070 -2.728451
v 2.862086 2.586975 -2.728451
v 2.862086 2.612832 -2.728451
v 2.849158 2.599904 -2.728451
v 2.862086 2.983809 -2.728451
v 2.862086 3.009665 -2.728451
v 2.849158 2.996737 -2.728451
v 2.862086 3.380643 -2.728451
v 2.862086 3.406499 -2.728451
v 2.849158 3.393571 -2.728451
v 2.862086 1.396475 -0.829644
v 2.862086 1.422331 -0.829644
v 2.849158 1.409403 -0.829644
v 2.862086 1.793308 -0.829644
v 2.862086 1.819165 -0.829644
v 2.849158 1.806237 -0.829644
v 2.862086 2.190142 -0.829644
v 2.862086 2.215999 -0.829644
v 2.849158 2.203070 -0.829644
v 2.862086 2.586975 -0.829644
v 2.862086 2.612832 -0.829644
v 2.849158 2.599904 -0.829644
v 2.862086 2.983809 -0.829644
v 2.862086 3.009665 -0.829644
v 2.849158 2.996737 -0.829644
v 2.862086 3.380643 -0.829644
v 2.862086 3.406499 -0.829644
v 2.849158 3.393571 -0.829644
v 2.862086 1.396475 1.118741
v 2.862086 1.422331 1.118741
v 2.849158 1.409403 1.118741
v 2.862086 1.793308 1.118741
v 2.862086 1.819165 1.118741
v 2.849158 1.806237 1.118741
v 2.862086 2.190142 1.118741
v 2.862086 2.215999 1.118741
v 2.849158 2.203070 1.118741
v 2.862086 2.586975 1.118741
v 2.862086 2.612832 1.118741
v 2.849158 2.599904 1.118741
v 2.862086 2.983809 1.118741
v 2.862086 3.009665 1.118741
v 2.849158 2.996737 1.118741
v 2.862086 3.380643 1.118741
v 2.862086 3.406499 1.118741
v 2.849158 3.393571 1.118741
v 2.862086 1.012569 -1.398733
v 2.862086 1.012569 -1.424589
v 2.849158 1.012569 -1.411661
v 2.862086 1.012569 -1.837663
v 2.862086 1.012569 -1.863519
v 2.849158 1.012569 -1.850591
v 2.862086 1.012569 -2.276593
v 2.862086 1.012569 -2.302450
v 2.849158 1.012569 -2.289521
v 2.862086 3.790405 -1.424589
v 2.862086 3.790405 -1.398733
v 2.849158 3.790405 -1.411661
v 2.862086 3.790405 -1.863519
v 2.862086 3.790405 -1.837663
v 2.849158 3.790405 -1.850591
v 2.862086 3.790405 -2.302450
v 2.862086 3.790405 -2.276593
v 2.849158 3.790405 -2.289521
v 2.862086 1.396475 -1.398733
v 2.862086 1.422331 -1.398733
v 2.862086 1.422331 -1.424589
v 2.862086 1.396475 -1.424589
v 2.862086 1.396475 -1.837663
v 2.862086 1.422331 -1.837663
v 2.862086 1.422331 -1.863519
v 2.862086 1.396475 -1.863519
v 2.862086 1.396475 -2.302450
v 2.862086 1.396475 -2.276593
v 2.862086 1.422331 -2.276593
v 2.862086 1.422331 -2.302450
v 2.862086 1.793308 -1.398733
v 2.862086 1.819165 -1.398733
v 2.862086 1.819165 -1.424589
v 2.862086 1.793308 -1.424589
v 2.862086 1.793308 -1.837663
v 2.862086 1.819165 -1.837663
v 2.862086 1.819165 -1.863519
v 2.862086 1.793308 -1.863519
v 2.862086 1.793308 -2.302450
v 2.862086 1.793308 -2.276593
v 2.862086 1.819165 -2.276593
v 2.862086 1.819165 -2.302450
v 2.862086 2.190142 -1.398733
v 2.862086 2.215998 -1.398733
v 2.862086 2.215998 -1.424589
v 2.862086 2.190142 -1.424589
v 2.862086 2.190142 -1.837663
v 2.862086 2.215998 -1.837663
v 2.862086 2.215998 -1.863519
v 2.862086 2.190142 -1.863519
v 2.862086 2.190142 -2.302450
v 2.862086 2.190142 -2.276593
v 2.862086 2.215998 -2.276593
v 2.862086 2.215998 -2.302450
v 2.862086 2.586975 -1.398733
v 2.862086 2.612832 -1.398733
v 2.862086 2.612832 -1.424589
v 2.862086 2.586975 -1.424589
v 2.862086 2.586975 -1.837663
v 2.862086 2.612832 -1.837663
v 2.862086 2.612832 -1.863519
v 2.862086 2.586975 -1.863519
v 2.862086 2.586975 -2.302450
v 2.862086 2.586975 -2.276593
v 2.862086 2.612832 -2.276593
v 2.862086 2.612832 -2.302450
v 2.862086 2.983809 -1.398733
v 2.862086 3.009665 -1.398733
v 2.862086 3.009665 -1.424589
v 2.862086 2.983809 -1.424589
v 2.862086 2.983809 -1.837663
v 2.862086 3.009665 -1.837663
v 2.862086 3.009665 -1.863519
v 2.862086 2.983809 -1.863519
v 2.862086 2.983809 -2.302450
v 2.862086 2.983809 -2.276593
v 2.862086 3.009665 -2.276593
v 2.862086 3.009665 -2.302450
v 2.862086 3.406499 -1.398733
v 2.862086 3.406499 -1.424589
v 2.862086 3.380643 -1.424589
v 2.862086 3.380643 -1.398733
v 2.862086 3.406499 -1.837663
v 2.862086 3.406499 -1.863519
v 2.862086 3.380643 -1.863519
v 2.862086 3.380643 -1.837663
v 2.862086 3.406499 -2.302450
v 2.862086 3.380643 -2.302450
v 2.862086 3.380643 -2.276593
v 2.862086 3.406499 -2.276593
v 2.862086 1.012569 0.537258
v 2.862086 1.012569 0.511401
v 2.849158 1.012569 0.524330
v 2.862086 1.012569 0.085933
v 2.862086 1.012569 0.060077
v 2.849158 1.012569 0.073005
v 2.862086 1.012569 -0.365391
v 2.862086 1.012569 -0.391247
v 2.849158 1.012569 -0.378319
v 2.862086 3.790405 0.511401
v 2.862086 3.790405 0.537258
v 2.849158 3.790405 0.524330
v 2.862086 3.790405 0.060077
v 2.862086 3.790405 0.085933
v 2.849158 3.790405 0.073005
v 2.862086 3.790405 -0.391247
v 2.862086 3.790405 -0.365391
v 2.849158 3.790405 -0.378319
v 2.862086 1.396475 0.537258
v 2.862086 1.422331 0.537258
v 2.862086 1.422331 0.511401
v 2.862086 1.396475 0.511401
v 2.862086 1.396475 0.085933
v 2.862086 1.422331 0.085933
v 2.862086 1.422331 0.060077
v 2.862086 1.396475 0.060077
v 2.862086 1.396475 -0.391247
v 2.862086 1.396475 -0.365391
v 2.862086 1.422331 -0.365391
v 2.862086 1.422331 -0.391247
v 2.862086 1.793308 0.537258
v 2.862086 1.819165 0.537258
v 2.862086 1.819165 0.511401
v 2.862086 1.793308 0.511401
v 2.862086 1.793308 0.085933
v 2.862086 1.819165 0.085933
v 2.862086 1.819165 0.060077
v 2.862086 1.793308 0.060077
v 2.862086 1.793308 -0.391247
v 2.862086 1.793308 -0.365391
v 2.862086 1.819165 -0.365391
v 2.862086 1.819165 -0.391247
v 2.862086 2.190142 0.537258
v 2.862086 2.215998 0.537258
v 2.862086 2.215998 0.511401
v 2.862086 2.190142 0.511401
v 2.862086 2.190142 0.085933
v 2.862086 2.215998 0.085933
v 2.862086 2.215998 0.060077
v 2.862086 2.190142 0.060077
v 2.862086 2.190142 -0.391247
v 2.862086 2.190142 -0.365391
v 2.862086 2.215998 -0.365391
v 2.862086 2.215998 -0.391247
v 2.862086 2.586975 0.537258
v 2.862086 2.612832 0.537258
v 2.862086 2.612832 0.511401
v 2.862086 2.586975 0.511401
v 2.862086 2.586975 0.085933
v 2.862086 2.612832 0.085933
v 2.862086 2.612832 0.060077
v 2.862086 2.586975 0.060077
v 2.862086 2.586975 -0.391247
v 2.862086 2.586975 -0.365391
v 2.862086 2.612832 -0.365391
v 2.862086 2.612832 -0.391247
v 2.862086 2.983809 0.537258
v 2.862086 3.009665 0.537258
v 2.862086 3.009665 0.511401
v 2.862086 2.983809 0.511401
v 2.862086 2.983809 0.085933
v 2.862086 3.009665 0.085933
v 2.862086 3.009665 0.060077
v 2.862086 2.983809 0.060077
v 2.862086 2.983809 -0.391247
v 2.862086 2.983809 -0.365391
v 2.862086 3.009665 -0.365391
v 2.862086 3.009665 -0.391247
v 2.862086 3.406499 0.537258
v 2.862086 3.406499 0.511401
v 2.862086 3.380643 0.511401
v 2.862086 3.380643 0.537258
v 2.862086 3.406499 0.085933
v 2.862086 3.406499 0.060077
v 2.862086 3.380643 0.060077
v 2.862086 3.380643 0.085933
v 2.862086 3.406499 -0.391247
v 2.862086 3.380643 -0.391247
v 2.862086 3.380643 -0.365391
v 2.862086 3.406499 -0.365391
v 2.862086 1.012569 2.443703
v 2.862086 1.012569 2.417847
v 2.849158 1.012569 2.430775
v 2.862086 1.012569 2.006359
v 2.862086 1.012569 1.980502
v 2.849158 1.012569 1.993430
v 2.862086 1.012569 1.569014
v 2.862086 1.012569 1.543157
v 2.849158 1.012569 1.556086
v 2.862086 3.790405 2.417847
v 2.862086 3.790405 2.443703
v 2.849158 3.790405 2.430775
v 2.862086 3.790405 1.980502
v 2.862086 3.790405 2.006359
v 2.849158 3.790405 1.993430
v 2.862086 3.790405 1.543157
v 2.862086 3.790405 1.569014
v 2.849158 3.790405 1.556086
v 2.862086 1.396475 2.443703
v 2.862086 1.422331 2.443703
v 2.862086 1.422331 2.417847
v 2.862086 1.396475 2.417847
v 2.862086 1.396475 2.006359
v 2.862086 1.422331 2.006359
v 2.862086 1.422331 1.980502
v 2.862086 1.396475 1.980502
v 2.862086 1.396475 1.543157
v 2.862086 1.396475 1.569014
v 2.862086 1.422331 1.569014
v 2.862086 1.422331 1.543157
v 2.862086 1.793308 2.443703
v 2.862086 1.819165 2.443703
v 2.862086 1.819165 2.417847
v 2.862086 1.793308 2.417847
v 2.862086 1.793308 2.006359
v 2.862086 1.819165 2.006359
v 2.862086 1.819165 1.980502
v 2.862086 1.793308 1.980502
v 2.862086 1.793308 1.543157
v 2.862086 1.793308 1.569014
v 2.862086 1.819165 1.569014
v 2.862086 1.819165 1.543157
v 2.862086 2.190142 2.443703
v 2.862086 2.215999 2.443703
v 2.862086 2.215999 2.417847
v 2.862086 2.190142 2.417847
v 2.862086 2.190142 2.006359
v 2.862086 2.215999 2.006359
v 2.862086 2.215999 1.980502
v 2.862086 2.190142 1.980502
v 2.862086 2.190142 1.543157
v 2.862086 2.190142 1.569014
v 2.862086 2.215999 1.569014
v 2.862086 2.215999 1.543157
v 2.862086 2.586975 2.443703
v 2.862086 2.612832 2.443703
v 2.862086 2.612832 2.417847
v 2.862086 2.586975 2.417847
v 2.862086 2.586975 2.006359
v 2.862086 2.612832 2.006359
v 2.862086 2.612832 1.980502
v 2.862086 2.586975 1.980502
v 2.862086 2.586975 1.543157
v 2.862086 2.586975 1.569014
v 2.862086 2.612832 1.569014
v 2.862086 2.612832 1.543157
v 2.862086 2.983809 2.443703
v 2.862086 3.009665 2.443703
v 2.862086 3.009665 2.417847
v 2.862086 2.983809 2.417847
v 2.862086 2.983809 2.006359
v 2.862086 3.009665 2.006359
v 2.862086 3.009665 1.980502
v 2.862086 2.983809 1.980502
v 2.862086 2.983809 1.543157
v 2.862086 2.983809 1.569014
v 2.862086 3.009665 1.569014
v 2.862086 3.009665 1.543157
v 2.862086 3.406499 2.443703
v 2.862086 3.406499 2.417847
v 2.862086 3.380643 2.417847
v 2.862086 3.380643 2.443703
v 2.862086 3.406499 2.006359
v 2.862086 3.406499 1.980502
v 2.862086 3.380643 1.980502
v 2.862086 3.380643 2.006359
v 2.862086 3.406499 1.543157
v 2.862086 3.380643 1.543157
v 2.862086 3.380643 1.569014
v 2.862086 3.406499 1.569014
v 2.808100 1.012569 -1.411661
v 2.821028 1.012569 -1.398733
v 2.821028 1.012569 -1.424589
v 2.808100 1.012569 -1.850591
v 2.821028 1.012569 -1.837663
v 2.821028 1.012569 -1.863519
v 2.808100 1.012569 -2.289521
v 2.821028 1.012569 -2.276593
v 2.821028 1.012569 -2.302450
v 2.808100 3.790405 -1.411661
v 2.821028 3.790405 -1.424589
v 2.821028 3.790405 -1.398733
v 2.808100 3.790405 -1.850591
v 2.821028 3.790405 -1.863519
v 2.821028 3.790405 -1.837663
v 2.808100 3.790405 -2.289521
v 2.821028 3.790405 -2.302450
v 2.821028 3.790405 -2.276593
v 2.821028 1.396475 -1.424589
v 2.821028 1.396475 -1.398733
v 2.821028 1.422331 -1.398733
v 2.821028 1.422331 -1.424589
v 2.821028 1.396475 -1.863519
v 2.821028 1.396475 -1.837663
v 2.821028 1.422331 -1.837663
v 2.821028 1.422331 -1.863519
v 2.821028 1.422331 -2.302450
v 2.821028 1.396475 -2.302450
v 2.821028 1.396475 -2.276593
v 2.821028 1.422331 -2.276593
v 2.821028 1.793308 -1.424589
v 2.821028 1.793308 -1.398733
v 2.821028 1.819165 -1.398733
v 2.821028 1.819165 -1.424589
v 2.821028 1.793308 -1.863519
v 2.821028 1.793308 -1.837663
v 2.821028 1.819165 -1.837663
v 2.821028 1.819165 -1.863519
v 2.821028 1.819165 -2.302450
v 2.821028 1.793308 -2.302450
v 2.821028 1.793308 -2.276593
v 2.821028 1.819165 -2.276593
v 2.821028 2.190142 -1.424589
v 2.821028 2.190142 -1.398733
v 2.821028 2.215998 -1.398733
v 2.821028 2.215998 -1.424589
v 2.821028 2.190142 -1.863519
v 2.821028 2.190142 -1.837663
v 2.821028 2.215998 -1.837663
v 2.821028 2.215998 -1.863519
v 2.821028 2.215998 -2.302450
v 2.821028 2.190142 -2.302450
v 2.821028 2.190142 -2.276593
v 2.821028 2.215998 -2.276593
v 2.821028 2.586975 -1.424589
v 2.821028 2.586975 -1.398733
v 2.821028 2.612832 -1.398733
v 2.821028 2.612832 -1.424589
v 2.821028 2.586975 -1.863519
v 2.821028 2.586975 -1.837663
v 2.821028 2.612832 -1.837663
v 2.821028 2.612832 -1.863519
v 2.821028 2.612832 -2.302450
v 2.821028 2.586975 -2.302450
v 2.821028 2.586975 -2.276593
v 2.821028 2.612832 -2.276593
v 2.821028 2.983809 -1.424589
v 2.821028 2.983809 -1.398733
v 2.821028 3.009665 -1.398733
v 2.821028 3.009665 -1.424589
v 2.821028 2.983809 -1.863519
v 2.821028 2.983809 -1.837663
v 2.821028 3.009665 -1.837663
v 2.821028 3.009665 -1.863519
v 2.821028 3.009665 -2.302450
v 2.821028 2.983809 -2.302450
v 2.821028 2.983809 -2.276593
v 2.821028 3.009665 -2.276593
v 2.821028 3.380643 -1.398733
v 2.821028 3.406499 -1.398733
v 2.821028 3.406499 -1.424589
v 2.821028 3.380643 -1.424589
v 2.821028 3.380643 -1.837663
v 2.821028 3.406499 -1.837663
v 2.821028 3.406499 -1.863519
v 2.821028 3.380643 -1.863519
v 2.821028 3.406499 -2.276593
v 2.821028 3.406499 -2.302450
v 2.821028 3.380643 -2.302450
v 2.821028 3.380643 -2.276593
v 2.808100 1.012569 0.524330
v 2.821028 1.012569 0.537258
v 2.821028 1.012569 0.511401
v 2.808100 1.012569 0.073005
v 2.821028 1.012569 0.085933
v 2.821028 1.012569 0.060077
v 2.808100 1.012569 -0.378319
v 2.821028 1.012569 -0.365391
v 2.821028 1.012569 -0.391247
v 2.808100 3.790405 0.524330
v 2.821028 3.790405 0.511401
v 2.821028 3.790405 0.537258
v 2.808100 3.790405 0.073005
v 2.821028 3.790405 0.060077
v 2.821028 3.790405 0.085933
v 2.808100 3.790405 -0.378319
v 2.821028 3.790405 -0.391247
v 2.821028 3.790405 -0.365391
v 2.821028 1.396475 0.511401
v 2.821028 1.396475 0.537258
v 2.821028 1.422331 0.537258
v 2.821028 1.422331 0.511401
v 2.821028 1.396475 0.060077
v 2.821028 1.396475 0.085933
v 2.821028 1.422331 0.085933
v 2.821028 1.422331 0.060077
v 2.821028 1.422331 -0.391247
v 2.821028 1.396475 -0.391247
v 2.821028 1.396475 -0.365391
v 2.821028 1.422331 -0.365391
v 2.821028 1.793308 0.511401
v 2.821028 1.793308 0.537258
v 2.821028 1.819165 0.537258
v 2.821028 1.819165 0.511401
v 2.821028 1.793308 0.060077
v 2.821028 1.793308 0.085933
v 2.821028 1.819165 0.085933
v 2.821028 1.819165 0.060077
v 2.821028 1.819165 -0.391247
v 2.821028 1.793308 -0.391247
v 2.821028 1.793308 -0.365391
v 2.821028 1.819165 -0.365391
v 2.821028 2.190142 0.511401
v 2.821028 2.190142 0.537258
v 2.821028 2.215998 0.537258
v 2.821028 2.215998 0.511401
v 2.821028 2.190142 0.060077
v 2.821028 2.190142 0.085933
v 2.821028 2.215998 0.085933
v 2.821028 2.215998 0.060077
v 2.821028 2.215998 -0.391247
v 2.821028 2.190142 -0.391247
v 2.821028 2.190142 -0.365391
v 2.821028 2.215998 -0.365391
v 2.821028 2.586975 0.511401
v 2.821028 2.586975 0.537258
v 2.821028 2.612832 0.537258
v 2.821028 2.612832 0.511401
v 2.821028 2.586975 0.060077
v 2.821028 2.586975 0.085933
v 2.821028 2.612832 0.085933
v 2.821028 2.612832 0.060077
v 2.821028 2.612832 -0.391247
v 2.821028 2.586975 -0.391247
v 2.821028 2.586975 -0.365391
v 2.821028 2.612832 -0.365391
v 2.821028 2.983809 0.511401
v 2.821028 2.983809 0.537258
v 2.821028 3.009665 0.537258
v 2.821028 3.009665 0.511401
v 2.821028 2.983809 0.060077
v 2.821028 2.983809 0.085933
v 2.821028 3.009665 0.085933
v 2.821028 3.009665 0.060077
v 2.821028 3.009665 -0.391247
v 2.821028 2.983809 -0.391247
v 2.821028 2.983809 -0.365391
v 2.821028 3.009665 -0.365391
v 2.821028 3.380643 0.537258
v 2.821028 3.406499 0.537258
v 2.821028 3.406499 0.511401
v 2.821028 3.380643 0.511401
v 2.821028 3.380643 0.085933
v 2.821028 3.406499 0.085933
v 2.821028 3.406499 0.060077
v 2.821028 3.380643 0.060077
v 2.821028 3.406499 -0.365391
v 2.821028 3.406499 -0.391247
v 2.821028 3.380643 -0.391247
v 2.821028 3.380643 -0.365391
v 2.808100 1.012569 2.430775
v 2.821028 1.012569 2.443703
v 2.821028 1.012569 2.417847
v 2.808100 1.012569 1.993430
v 2.821028 1.012569 2.006359
v 2.821028 1.012569 1.980502
v 2.808100 1.012569 1.556086
v 2.821028 1.012569 1.569014
v 2.821028 1.012569 1.543157
v 2.808100 3.790405 2.430775
v 2.821028 3.790405 2.417847
v 2.821028 3.790405 2.443703
v 2.808100 3.790405 1.993430
v 2.821028 3.790405 1.980502
v 2.821028 3.790405 2.006359
v 2.808100 3.790405 1.556086
v 2.821028 3.790405 1.543157
v 2.821028 3.790405 1.569014
v 2.821028 1.396475 2.417847
v 2.821028 1.396475 2.443703
v 2.821028 1.422331 2.443703
v 2.821028 1.422331 2.417847
v 2.821028 1.396475 1.980502
v 2.821028 1.396475 2.006359
v 2.821028 1.422331 2.006359
v 2.821028 1.422331 1.980502
v 2.821028 1.422331 1.543157
v 2.821028 1.396475 1.543157
v 2.821028 1.396475 1.569014
v 2.821028 1.422331 1.569014
v 2.821028 1.793308 2.417847
v 2.821028 1.793308 2.443703
v 2.821028 1.819165 2.443703
v 2.821028 1.819165 2.417847
v 2.821028 1.793308 1.980502
v 2.821028 1.793308 2.006359
v 2.821028 1.819165 2.006359
v 2.821028 1.819165 1.980502
v 2.821028 1.819165 1.543157
v 2.821028 1.793308 1.543157
v 2.821028 1.793308 1.569014
v 2.821028 1.819165 1.569014
v 2.821028 2.190142 2.417847
v 2.821028 2.190142 2.443703
v 2.821028 2.215999 2.443703
v 2.821028 2.215999 2.417847
v 2.821028 2.190142 1.980502
v 2.821028 2.190142 2.006359
v 2.821028 2.215999 2.006359
v 2.821028 2.215999 1.980502
v 2.821028 2.215999 1.543157
v 2.821028 2.190142 1.543157
v 2.821028 2.190142 1.569014
v 2.821028 2.215999 1.569014
v 2.821028 2.586975 2.417847
v 2.821028 2.586975 2.443703
v 2.821028 2.612832 2.443703
v 2.821028 2.612832 2.417847
v 2.821028 2.586975 1.980502
v 2.821028 2.586975 2.006359
v 2.821028 2.612832 2.006359
v 2.821028 2.612832 1.980502
v 2.821028 2.612832 1.543157
v 2.821028 2.586975 1.543157
v 2.821028 2.586975 1.569014
v 2.821028 2.612832 1.569014
v 2.821028 2.983809 2.417847
v 2.821028 2.983809 2.443703
v 2.821028 3.009665 2.443703
v 2.821028 3.009665 2.417847
v 2.821028 2.983809 1.980502
v 2.821028 2.983809 2.006359
v 2.821028 3.009665 2.006359
v 2.821028 3.009665 1.980502
v 2.821028 3.009665 1.543157
v 2.821028 2.983809 1.543157
v 2.821028 2.983809 1.569014
v 2.821028 3.009665 1.569014
v 2.821028 3.380643 2.443703
v 2.821028 3.406499 2.443703
v 2.821028 3.406499 2.417847
v 2.821028 3.380643 2.417847
v 2.821028 3.380643 2.006359
v 2.821028 3.406499 2.006359
v 2.821028 3.406499 1.980502
v 2.821028 3.380643 1.980502
v 2.821028 3.406499 1.569014
v 2.821028 3.406499 1.543157
v 2.821028 3.380643 1.543157
v 2.821028 3.380643 1.569014
vn -1.0000 0.0000 0.0000
vn -0.0000 0.0000 -1.0000
vn 0.0000 1.0000 -0.0000
vn 0.0000 0.0000 1.0000
vn 0.0000 -1.0000 0.0000
usemtl white
s off
f 7193//4118 7428//4118 7437//4118 7195//4118
f 7410//4118 7407//4118 7420//4118 7421//4118
f 6896//4118 7214//4118 7233//4118 7153//4118
f 7154//4118 7236//4118 7245//4118 7156//4118
f 7465//4118 7150//4118 6903//4118 7397//4118
f 7364//4118 7120//4118 7118//4118 7378//4118
f 7320//4118 7317//4118 7330//4118 7331//4118
f 7274//4118 7102//4118 7100//4118 7288//4118
f 7172//4118 7326//4118 7335//4118 7174//4118
f 7230//4118 7227//4118 7240//4118 7241//4118
f 6901//4118 7394//4118 7413//4118 7189//4118
f 7187//4118 7383//4118 7312//4118 6905//4118
f 7184//4118 7374//4118 7384//4118 7186//4118
f 7181//4118 7362//4118 7371//4118 7183//4118
f 7178//4118 7350//4118 7359//4118 7180//4118
f 7207//4118 6895//4118 7115//4118 7225//4118
f 7226//4118 7114//4118 7112//4118 7237//4118
f 7238//4118 7111//4118 7109//4118 7249//4118
f 7250//4118 7108//4118 7106//4118 7261//4118
f 7262//4118 7105//4118 7103//4118 7273//4118
f 7387//4118 6900//4118 7136//4118 7405//4118
f 7297//4118 6899//4118 7133//4118 7315//4118
f 7316//4118 7132//4118 7130//4118 7327//4118
f 7328//4118 7129//4118 7127//4118 7339//4118
f 7340//4118 7126//4118 7124//4118 7351//4118
f 7352//4118 7123//4118 7121//4118 7363//4118
f 7406//4118 7135//4118 7139//4118 7417//4118
f 7418//4118 7138//4118 7142//4118 7429//4118
f 7430//4118 7141//4118 7145//4118 7441//4118
f 7442//4118 7144//4118 7148//4118 7453//4118
f 7454//4118 7147//4118 7151//4118 7468//4118
f 6902//4118 7304//4118 7323//4118 7171//4118
f 7169//4118 7293//4118 7222//4118 6904//4118
f 7166//4118 7284//4118 7294//4118 7168//4118
f 7163//4118 7272//4118 7281//4118 7165//4118
f 7160//4118 7260//4118 7269//4118 7162//4118
f 7375//4118 7117//4118 6898//4118 7307//4118
f 7285//4118 7099//4118 6897//4118 7217//4118
f 7205//4118 7473//4118 7402//4118 6906//4118
f 7202//4118 7464//4118 7474//4118 7204//4118
f 7199//4118 7452//4118 7461//4118 7201//4118
f 7196//4118 7440//4118 7449//4118 7198//4118
f 7190//4118 7416//4118 7425//4118 7192//4118
f 7283//4118 7279//4118 7291//4118 7295//4118
f 7278//4118 7275//4118 7287//4118 7292//4118
f 7271//4118 7267//4118 7280//4118 7282//4118
f 7266//4118 7263//4118 7276//4118 7277//4118
f 7259//4118 7255//4118 7268//4118 7270//4118
f 7254//4118 7251//4118 7264//4118 7265//4118
f 7247//4118 7243//4118 7256//4118 7258//4118
f 7157//4118 7248//4118 7257//4118 7159//4118
f 7242//4118 7239//4118 7252//4118 7253//4118
f 7235//4118 7231//4118 7244//4118 7246//4118
f 7289//4118 7286//4118 7216//4118 7220//4118
f 7296//4118 7290//4118 7219//4118 7223//4118
f 7213//4118 7211//4118 7232//4118 7234//4118
f 7210//4118 7208//4118 7228//4118 7229//4118
f 7373//4118 7369//4118 7381//4118 7385//4118
f 7368//4118 7365//4118 7377//4118 7382//4118
f 7361//4118 7357//4118 7370//4118 7372//4118
f 7356//4118 7353//4118 7366//4118 7367//4118
f 7349//4118 7345//4118 7358//4118 7360//4118
f 7344//4118 7341//4118 7354//4118 7355//4118
f 7337//4118 7333//4118 7346//4118 7348//4118
f 7175//4118 7338//4118 7347//4118 7177//4118
f 7332//4118 7329//4118 7342//4118 7343//4118
f 7325//4118 7321//4118 7334//4118 7336//4118
f 7303//4118 7301//4118 7322//4118 7324//4118
f 7300//4118 7298//4118 7318//4118 7319//4118
f 7379//4118 7376//4118 7306//4118 7310//4118
f 7386//4118 7380//4118 7309//4118 7313//4118
f 7097//4119 7096//4119 7098//4119
f 7463//4118 7459//4118 7471//4118 7475//4118
f 7458//4118 7455//4118 7467//4118 7472//4118
f 7451//4118 7447//4118 7460//4118 7462//4118
f 7446//4118 7443//4118 7456//4118 7457//4118
f 7439//4118 7435//4118 7448//4118 7450//4118
f 7434//4118 7431//4118 7444//4118 7445//4118
f 7427//4118 7423//4118 7436//4118 7438//4118
f 7422//4118 7419//4118 7432//4118 7433//4118
f 7415//4118 7411//4118 7424//4118 7426//4118
f 7469//4118 7466//4118 7396//4118 7400//4118
f 7476//4118 7470//4118 7399//4118 7403//4118
f 7393//4118 7391//4118 7412//4118 7414//4118
f 7390//4118 7388//4118 7408//4118 7409//4118
f 7221//4120 7219//4120 7490//4120 7489//4120
f 7116//4121 7114//4121 7082//4121 7083//4121
f 7217//4120 7218//4120 7486//4120 7488//4120
f 7112//4121 7113//4121 7086//4121 7084//4121
f 7218//4120 7216//4120 7487//4120 7486//4120
f 7113//4121 7111//4121 7085//4121 7086//4121
f 7214//4122 7215//4122 7483//4122 7485//4122
f 7109//4121 7110//4121 7089//4121 7087//4121
f 7215//4122 7213//4122 7484//4122 7483//4122
f 7110//4121 7108//4121 7088//4121 7089//4121
f 7211//4122 7212//4122 7480//4122 7482//4122
f 7106//4121 7107//4121 7092//4121 7090//4121
f 7212//4122 7210//4122 7481//4122 7480//4122
f 7313//4120 7314//4120 7582//4120 7584//4120
f 7107//4121 7105//4121 7091//4121 7092//4121
f 7208//4122 7209//4122 7477//4122 7479//4122
f 7103//4121 7104//4121 7095//4121 7093//4121
f 7314//4120 7312//4120 7583//4120 7582//4120
f 7209//4122 7207//4122 7478//4122 7477//4122
f 7310//4120 7311//4120 7579//4120 7581//4120
f 7104//4121 7102//4121 7094//4121 7095//4121
f 7205//4119 7206//4119 6957//4119 6955//4119
f 7100//4121 7101//4121 7098//4121 7096//4121
f 7311//4120 7309//4120 7580//4120 7579//4120
f 7206//4119 7204//4119 6956//4119 6957//4119
f 7307//4120 7308//4120 7576//4120 7578//4120
f 7101//4121 7099//4121 7097//4121 7098//4121
f 7202//4119 7203//4119 6960//4119 6958//4119
f 7308//4120 7306//4120 7577//4120 7576//4120
f 7203//4119 7201//4119 6959//4119 6960//4119
f 7304//4122 7305//4122 7573//4122 7575//4122
f 7199//4119 7200//4119 6963//4119 6961//4119
f 7305//4122 7303//4122 7574//4122 7573//4122
f 7200//4119 7198//4119 6962//4119 6963//4119
f 7301//4122 7302//4122 7570//4122 7572//4122
f 7196//4119 7197//4119 6966//4119 6964//4119
f 7302//4122 7300//4122 7571//4122 7570//4122
f 7403//4120 7404//4120 7672//4120 7674//4120
f 7197//4119 7195//4119 6965//4119 6966//4119
f 7298//4122 7299//4122 7567//4122 7569//4122
f 7193//4119 7194//4119 6969//4119 6967//4119
f 7404//4120 7402//4120 7673//4120 7672//4120
f 7299//4122 7297//4122 7568//4122 7567//4122
f 7400//4120 7401//4120 7669//4120 7671//4120
f 7194//4119 7192//4119 6968//4119 6969//4119
f 7190//4119 7191//4119 6972//4119 6970//4119
f 7401//4120 7399//4120 7670//4120 7669//4120
f 7397//4120 7398//4120 7666//4120 7668//4120
f 7191//4119 7189//4119 6971//4119 6972//4119
f 7187//4119 7188//4119 6975//4119 6973//4119
f 7398//4120 7396//4120 7667//4120 7666//4120
f 7394//4122 7395//4122 7663//4122 7665//4122
f 7188//4119 7186//4119 6974//4119 6975//4119
f 7184//4119 7185//4119 6978//4119 6976//4119
f 7395//4122 7393//4122 7664//4122 7663//4122
f 7391//4122 7392//4122 7660//4122 7662//4122
f 7185//4119 7183//4119 6977//4119 6978//4119
f 7181//4119 7182//4119 6981//4119 6979//4119
f 7392//4122 7390//4122 7661//4122 7660//4122
f 7388//4122 7389//4122 7657//4122 7659//4122
f 7182//4119 7180//4119 6980//4119 6981//4119
f 7178//4119 7179//4119 6984//4119 6982//4119
f 7389//4122 7387//4122 7658//4122 7657//4122
f 7179//4119 7177//4119 6983//4119 6984//4119
f 7175//4119 7176//4119 6987//4119 6985//4119
f 7176//4119 7174//4119 6986//4119 6987//4119
f 7172//4119 7173//4119 6990//4119 6988//4119
f 7173//4119 7171//4119 6989//4119 6990//4119
f 7169//4119 7170//4119 7005//4119 7003//4119
f 7170//4119 7168//4119 7004//4119 7005//4119
f 7166//4119 7167//4119 7008//4119 7006//4119
f 7167//4119 7165//4119 7007//4119 7008//4119
f 7163//4119 7164//4119 7011//4119 7009//4119
f 7094//4119 7093//4119 7095//4119
f 7091//4119 7090//4119 7092//4119
f 7088//4119 7087//4119 7089//4119
f 7085//4119 7084//4119 7086//4119
f 7082//4119 7081//4119 7083//4119
f 7079//4119 7078//4119 7080//4119
f 7076//4119 7075//4119 7077//4119
f 7061//4119 7060//4119 7062//4119
f 7058//4119 7057//4119 7059//4119
f 7055//4119 7054//4119 7056//4119
f 7052//4119 7051//4119 7053//4119
f 7049//4119 7048//4119 7050//4119
f 7046//4119 7045//4119 7047//4119
f 7043//4119 7042//4119 7044//4119
f 7040//4119 7039//4119 7041//4119
f 7025//4119 7024//4119 7026//4119
f 7022//4119 7021//4119 7023//4119
f 7019//4121 7018//4121 7020//4121
f 7016//4121 7015//4121 7017//4121
f 7013//4121 7012//4121 7014//4121
f 7010//4121 7009//4121 7011//4121
f 7007//4121 7006//4121 7008//4121
f 7004//4121 7003//4121 7005//4121
f 6989//4121 6988//4121 6990//4121
f 6986//4121 6985//4121 6987//4121
f 6983//4121 6982//4121 6984//4121
f 6980//4121 6979//4121 6981//4121
f 6977//4121 6976//4121 6978//4121
f 6974//4121 6973//4121 6975//4121
f 6971//4121 6970//4121 6972//4121
f 6968//4121 6967//4121 6969//4121
f 6965//4121 6964//4121 6966//4121
f 6962//4121 6961//4121 6963//4121
f 6959//4121 6958//4121 6960//4121
f 6956//4121 6955//4121 6957//4121
f 7478//4120 7479//4120 7477//4120
f 7481//4120 7482//4120 7480//4120
f 7484//4120 7485//4120 7483//4120
f 7487//4122 7488//4122 7486//4122
f 7490//4122 7491//4122 7489//4122
f 7493//4122 7494//4122 7492//4122
f 7568//4120 7569//4120 7567//4120
f 7571//4120 7572//4120 7570//4120
f 7574//4120 7575//4120 7573//4120
f 7577//4122 7578//4122 7576//4122
f 7580//4122 7581//4122 7579//4122
f 7583//4122 7584//4122 7582//4122
f 7658//4120 7659//4120 7657//4120
f 7661//4120 7662//4120 7660//4120
f 7664//4120 7665//4120 7663//4120
f 7667//4122 7668//4122 7666//4122
f 7670//4122 7671//4122 7669//4122
f 7673//4122 7674//4122 7672//4122
f 7115//4121 7116//4121 7083//4121 7081//4121
f 7220//4120 7221//4120 7489//4120 7491//4120
f 7119//4121 7117//4121 7079//4121 7080//4121
f 7224//4120 7222//4120 7493//4120 7492//4120
f 7118//4121 7119//4121 7080//4121 7078//4121
f 7223//4120 7224//4120 7492//4120 7494//4120
f 7122//4121 7120//4121 7076//4121 7077//4121
f 7121//4121 7122//4121 7077//4121 7075//4121
f 7125//4121 7123//4121 7061//4121 7062//4121
f 7124//4121 7125//4121 7062//4121 7060//4121
f 7128//4121 7126//4121 7058//4121 7059//4121
f 7127//4121 7128//4121 7059//4121 7057//4121
f 7131//4121 7129//4121 7055//4121 7056//4121
f 7130//4121 7131//4121 7056//4121 7054//4121
f 7134//4121 7132//4121 7052//4121 7053//4121
f 7133//4121 7134//4121 7053//4121 7051//4121
f 7137//4121 7135//4121 7049//4121 7050//4121
f 7136//4121 7137//4121 7050//4121 7048//4121
f 7140//4121 7138//4121 7046//4121 7047//4121
f 7139//4121 7140//4121 7047//4121 7045//4121
f 7143//4121 7141//4121 7043//4121 7044//4121
f 7142//4121 7143//4121 7044//4121 7042//4121
f 7146//4121 7144//4121 7040//4121 7041//4121
f 7145//4121 7146//4121 7041//4121 7039//4121
f 7149//4121 7147//4121 7025//4121 7026//4121
f 7148//4121 7149//4121 7026//4121 7024//4121
f 7152//4121 7150//4121 7022//4121 7023//4121
f 7151//4121 7152//4121 7023//4121 7021//4121
f 7155//4119 7153//4119 7019//4119 7020//4119
f 7154//4119 7155//4119 7020//4119 7018//4119
f 7158//4119 7156//4119 7016//4119 7017//4119
f 7157//4119 7158//4119 7017//4119 7015//4119
f 7161//4119 7159//4119 7013//4119 7014//4119
f 7160//4119 7161//4119 7014//4119 7012//4119
f 7164//4119 7162//4119 7010//4119 7011//4119
usemtl wall
f 7036//4118 6894//4118 6879//4118 7033//4118
f 7029//4118 6876//4118 6884//4118 7030//4118
f 6887//4118 6889//4118 6865//4118 6872//4118
f 6999//4118 6878//4118 6886//4118 6994//4118
f 7065//4118 6874//4118 6873//4118 7066//4118
f 7000//4118 6892//4118 6881//4118 6991//4118
f 6877//4118 6885//4118 6886//4118 6878//4118
f 6875//4118 6883//4118 6884//4118 6876//4118
f 6891//4118 6882//4118 6881//4118 6892//4118
f 6893//4118 6880//4118 6879//4118 6894//4118
f 6874//4118 6863//4118 6868//4118 6873//4118
f 7072//4118 6887//4118 6872//4118 7069//4118
f 6888//4118 6890//4118 6869//4118 6866//4118
f 6864//4118 6871//4118 6870//4118 6867//4118
f 6930//4118 6942//4118 6890//4118 6888//4118
f 6924//4118 6936//4118 6889//4118 6887//4118
f 6873//4118 6868//4118 6931//4118 6919//4118
f 6919//4118 6931//4118 6932//4118 6920//4118
f 6920//4118 6932//4118 6933//4118 6921//4118
f 6921//4118 6933//4118 6934//4118 6922//4118
f 6922//4118 6934//4118 6935//4118 6923//4118
f 6923//4118 6935//4118 6936//4118 6924//4118
f 6867//4118 6870//4118 6937//4118 6925//4118
f 6925//4118 6937//4118 6938//4118 6926//4118
f 6926//4118 6938//4118 6939//4118 6927//4118
f 6927//4118 6939//4118 6940//4118 6928//4118
f 6928//4118 6940//4118 6941//4118 6929//4118
f 6929//4118 6941//4118 6942//4118 6930//4118
f 6890//4118 7002//4118 6993//4118 6869//4118
f 7002//4118 7001//4118 6992//4118 6993//4118
f 7001//4118 7000//4118 6991//4118 6992//4118
f 6871//4118 6997//4118 6996//4118 6870//4118
f 6997//4118 6998//4118 6995//4118 6996//4118
f 6998//4118 6999//4118 6994//4118 6995//4118
f 6877//4118 7027//4118 7032//4118 6885//4118
f 7027//4118 7028//4118 7031//4118 7032//4118
f 7028//4118 7029//4118 7030//4118 7031//4118
f 6891//4118 7038//4118 7035//4118 6882//4118
f 7038//4118 7037//4118 7034//4118 7035//4118
f 7037//4118 7036//4118 7033//4118 7034//4118
f 6893//4118 7074//4118 7071//4118 6880//4118
f 7074//4118 7073//4118 7070//4118 7071//4118
f 7073//4118 7072//4118 7069//4118 7070//4118
f 6875//4118 7063//4118 7068//4118 6883//4118
f 7063//4118 7064//4118 7067//4118 7068//4118
f 7064//4118 7065//4118 7066//4118 7067//4118
usemtl brown
f 6954//4118 6893//4118 6894//4118 6913//4118
f 6948//4118 6891//4118 6892//4118 6907//4118
f 7067//4120 7066//4120 7389//4120 7388//4120 7390//4120 7392//4120
f 6908//4119 6907//4119 7101//4119 7100//4119 7102//4119 7104//4119
f 6914//4119 6913//4119 7119//4119 7118//4119 7120//4119 7122//4119
f 7031//4120 7030//4120 7299//4120 7298//4120 7300//4120 7302//4120
f 6995//4120 6994//4120 7209//4120 7208//4120 7210//4120 7212//4120
f 6943//4121 6885//4121 6902//4121 7171//4121 7173//4121
f 6913//4119 6894//4119 6898//4119 7117//4119 7119//4119
f 6924//4119 6887//4119 6903//4119 7150//4119 7152//4119
f 6937//4121 6870//4121 6896//4121 7153//4121 7155//4121
f 6884//4119 6918//4119 7134//4119 7133//4119 6899//4119
f 6918//4119 6917//4119 7131//4119 7130//4119 7132//4119 7134//4119
f 6917//4119 6916//4119 7128//4119 7127//4119 7129//4119 7131//4119
f 6916//4119 6915//4119 7125//4119 7124//4119 7126//4119 7128//4119
f 6915//4119 6914//4119 7122//4119 7121//4119 7123//4119 7125//4119
f 6886//4119 6912//4119 7116//4119 7115//4119 6895//4119
f 6912//4119 6911//4119 7113//4119 7112//4119 7114//4119 7116//4119
f 6911//4119 6910//4119 7110//4119 7109//4119 7111//4119 7113//4119
f 6910//4119 6909//4119 7107//4119 7106//4119 7108//4119 7110//4119
f 6909//4119 6908//4119 7104//4119 7103//4119 7105//4119 7107//4119
f 6873//4119 6919//4119 7137//4119 7136//4119 6900//4119
f 6919//4119 6920//4119 7140//4119 7139//4119 7135//4119 7137//4119
f 6920//4119 6921//4119 7143//4119 7142//4119 7138//4119 7140//4119
f 6921//4119 6922//4119 7146//4119 7145//4119 7141//4119 7143//4119
f 6922//4119 6923//4119 7149//4119 7148//4119 7144//4119 7146//4119
f 6923//4119 6924//4119 7152//4119 7151//4119 7147//4119 7149//4119
f 6885//4118 6943//4118 6912//4118 6886//4118
f 6943//4118 6944//4118 6911//4118 6912//4118
f 6944//4118 6945//4118 6910//4118 6911//4118
f 6945//4118 6946//4118 6909//4118 6910//4118
f 6946//4118 6947//4118 6908//4118 6909//4118
f 6947//4118 6948//4118 6907//4118 6908//4118
f 6883//4118 6949//4118 6918//4118 6884//4118
f 6949//4118 6950//4118 6917//4118 6918//4118
f 6950//4118 6951//4118 6916//4118 6917//4118
f 6951//4118 6952//4118 6915//4118 6916//4118
f 6952//4118 6953//4118 6914//4118 6915//4118
f 6953//4118 6954//4118 6913//4118 6914//4118
f 6994//4120 6886//4120 6895//4120 7207//4120 7209//4120
f 6942//4121 6941//4121 7167//4121 7166//4121 7168//4121 7170//4121
f 7030//4120 6884//4120 6899//4120 7297//4120 7299//4120
f 6941//4121 6940//4121 7164//4121 7163//4121 7165//4121 7167//4121
f 6940//4121 6939//4121 7161//4121 7160//4121 7162//4121 7164//4121
f 6939//4121 6938//4121 7158//4121 7157//4121 7159//4121 7161//4121
f 6938//4121 6937//4121 7155//4121 7154//4121 7156//4121 7158//4121
f 6870//4120 6996//4120 7215//4120 7214//4120 6896//4120
f 6996//4120 6995//4120 7212//4120 7211//4120 7213//4120 7215//4120
f 7002//4122 6890//4122 6904//4122 7222//4122 7224//4122
f 6892//4122 7000//4122 7218//4122 7217//4122 6897//4122
f 6890//4121 6942//4121 7170//4121 7169//4121 6904//4121
f 7001//4122 7002//4122 7224//4122 7223//4122 7219//4122 7221//4122
f 7000//4122 7001//4122 7221//4122 7220//4122 7216//4122 7218//4122
f 6948//4121 6947//4121 7185//4121 7184//4121 7186//4121 7188//4121
f 7066//4120 6873//4120 6900//4120 7387//4120 7389//4120
f 6947//4121 6946//4121 7182//4121 7181//4121 7183//4121 7185//4121
f 6946//4121 6945//4121 7179//4121 7178//4121 7180//4121 7182//4121
f 6945//4121 6944//4121 7176//4121 7175//4121 7177//4121 7179//4121
f 6944//4121 6943//4121 7173//4121 7172//4121 7174//4121 7176//4121
f 6885//4120 7032//4120 7305//4120 7304//4120 6902//4120
f 7032//4120 7031//4120 7302//4120 7301//4120 7303//4120 7305//4120
f 6894//4122 7036//4122 7308//4122 7307//4122 6898//4122
f 7038//4122 6891//4122 6905//4122 7312//4122 7314//4122
f 6891//4121 6948//4121 7188//4121 7187//4121 6905//4121
f 7037//4122 7038//4122 7314//4122 7313//4122 7309//4122 7311//4122
f 7036//4122 7037//4122 7311//4122 7310//4122 7306//4122 7308//4122
f 6954//4121 6953//4121 7203//4121 7202//4121 7204//4121 7206//4121
f 6953//4121 6952//4121 7200//4121 7199//4121 7201//4121 7203//4121
f 6952//4121 6951//4121 7197//4121 7196//4121 7198//4121 7200//4121
f 6951//4121 6950//4121 7194//4121 7193//4121 7195//4121 7197//4121
f 6949//4121 6883//4121 6901//4121 7189//4121 7191//4121
f 6950//4121 6949//4121 7191//4121 7190//4121 7192//4121 7194//4121
f 6883//4120 7068//4120 7395//4120 7394//4120 6901//4120
f 7068//4120 7067//4120 7392//4120 7391//4120 7393//4120 7395//4120
f 6893//4121 6954//4121 7206//4121 7205//4121 6906//4121
f 7074//4122 6893//4122 6906//4122 7402//4122 7404//4122
f 7072//4122 7073//4122 7401//4122 7400//4122 7396//4122 7398//4122
f 7073//4122 7074//4122 7404//4122 7403//4122 7399//4122 7401//4122
f 6887//4122 7072//4122 7398//4122 7397//4122 6903//4122
f 7352//4121 7363//4121 7634//4121 7623//4121
f 7476//4121 7403//4121 7674//4121 7743//4121
f 7261//4122 7106//4122 7090//4122 7532//4122
f 7370//4119 7357//4119 7628//4119 7637//4119
f 7408//4119 7388//4119 7659//4119 7675//4119
f 7105//4120 7262//4120 7533//4120 7091//4120
f 7356//4121 7367//4121 7638//4121 7627//4121
f 7387//4121 7405//4121 7676//4121 7658//4121
f 7258//4122 7256//4122 7523//4122 7529//4122
f 7371//4119 7362//4119 7629//4119 7642//4119
f 7412//4119 7391//4119 7662//4119 7679//4119
f 7255//4120 7259//4120 7530//4120 7526//4120
f 7361//4121 7372//4121 7643//4121 7632//4121
f 7390//4121 7409//4121 7680//4121 7661//4121
f 7253//4122 7252//4122 7519//4122 7524//4122
f 7377//4119 7365//4119 7636//4119 7648//4119
f 7413//4119 7394//4119 7665//4119 7684//4119
f 7251//4120 7254//4120 7525//4120 7522//4120
f 7364//4121 7378//4121 7645//4121 7635//4121
f 7393//4121 7414//4121 7685//4121 7664//4121
f 7249//4122 7109//4122 7087//4122 7520//4122
f 7381//4119 7369//4119 7640//4119 7652//4119
f 7420//4119 7407//4119 7678//4119 7687//4119
f 7108//4120 7250//4120 7521//4120 7088//4120
f 7368//4121 7382//4121 7649//4121 7639//4121
f 7406//4121 7417//4121 7688//4121 7677//4121
f 7246//4122 7244//4122 7511//4122 7517//4122
f 7384//4119 7374//4119 7641//4119 7655//4119
f 7424//4119 7411//4119 7682//4119 7691//4119
f 7243//4120 7247//4120 7518//4120 7514//4120
f 7373//4121 7385//4121 7656//4121 7644//4121
f 7410//4121 7421//4121 7692//4121 7681//4121
f 7241//4122 7240//4122 7507//4122 7512//4122
f 7385//4122 7381//4122 7652//4122 7656//4122
f 7425//4119 7416//4119 7683//4119 7696//4119
f 7239//4120 7242//4120 7513//4120 7510//4120
f 7380//4120 7386//4120 7653//4120 7651//4120
f 7415//4121 7426//4121 7697//4121 7686//4121
f 7237//4122 7112//4122 7084//4122 7508//4122
f 7382//4122 7377//4122 7648//4122 7649//4122
f 7432//4119 7419//4119 7690//4119 7699//4119
f 7111//4120 7238//4120 7509//4120 7085//4120
f 7376//4120 7379//4120 7650//4120 7647//4120
f 7418//4121 7429//4121 7700//4121 7689//4121
f 7234//4122 7232//4122 7499//4122 7505//4122
f 7378//4122 7118//4122 7078//4122 7645//4122
f 7436//4119 7423//4119 7694//4119 7703//4119
f 7231//4120 7235//4120 7506//4120 7502//4120
f 7117//4120 7375//4120 7646//4120 7079//4120
f 7422//4121 7433//4121 7704//4121 7693//4121
f 7229//4122 7228//4122 7495//4122 7500//4122
f 7372//4122 7370//4122 7637//4122 7643//4122
f 7437//4119 7428//4119 7695//4119 7708//4119
f 7227//4120 7230//4120 7501//4120 7498//4120
f 7369//4120 7373//4120 7644//4120 7640//4120
f 7427//4121 7438//4121 7709//4121 7698//4121
f 7225//4122 7115//4122 7081//4122 7496//4122
f 7367//4122 7366//4122 7633//4122 7638//4122
f 7444//4119 7431//4119 7702//4119 7711//4119
f 7114//4120 7226//4120 7497//4120 7082//4120
f 7365//4120 7368//4120 7639//4120 7636//4120
f 7430//4121 7441//4121 7712//4121 7701//4121
f 7204//4122 7474//4122 7745//4122 6956//4122
f 7363//4122 7121//4122 7075//4122 7634//4122
f 7448//4119 7435//4119 7706//4119 7715//4119
f 7473//4120 7205//4120 6955//4120 7744//4120
f 7120//4120 7364//4120 7635//4120 7076//4120
f 7434//4121 7445//4121 7716//4121 7705//4121
f 7201//4122 7461//4122 7732//4122 6959//4122
f 7360//4122 7358//4122 7625//4122 7631//4122
f 7449//4119 7440//4119 7707//4119 7720//4119
f 7464//4120 7202//4120 6958//4120 7731//4120
f 7357//4120 7361//4120 7632//4120 7628//4120
f 7439//4121 7450//4121 7721//4121 7710//4121
f 7198//4122 7449//4122 7720//4122 6962//4122
f 7355//4122 7354//4122 7621//4122 7626//4122
f 7456//4119 7443//4119 7714//4119 7723//4119
f 7452//4120 7199//4120 6961//4120 7719//4120
f 7353//4120 7356//4120 7627//4120 7624//4120
f 7442//4121 7453//4121 7724//4121 7713//4121
f 7195//4122 7437//4122 7708//4122 6965//4122
f 7351//4122 7124//4122 7060//4122 7622//4122
f 7460//4119 7447//4119 7718//4119 7727//4119
f 7440//4120 7196//4120 6964//4120 7707//4120
f 7123//4120 7352//4120 7623//4120 7061//4120
f 7446//4121 7457//4121 7728//4121 7717//4121
f 7192//4122 7425//4122 7696//4122 6968//4122
f 7348//4122 7346//4122 7613//4122 7619//4122
f 7461//4119 7452//4119 7719//4119 7732//4119
f 7428//4120 7193//4120 6967//4120 7695//4120
f 7345//4120 7349//4120 7620//4120 7616//4120
f 7451//4121 7462//4121 7733//4121 7722//4121
f 7189//4122 7413//4122 7684//4122 6971//4122
f 7343//4122 7342//4122 7609//4122 7614//4122
f 7467//4119 7455//4119 7726//4119 7738//4119
f 7416//4120 7190//4120 6970//4120 7683//4120
f 7341//4120 7344//4120 7615//4120 7612//4120
f 7454//4121 7468//4121 7735//4121 7725//4121
f 7168//4122 7294//4122 7565//4122 7004//4122
f 7339//4122 7127//4122 7057//4122 7610//4122
f 7471//4119 7459//4119 7730//4119 7742//4119
f 7293//4120 7169//4120 7003//4120 7564//4120
f 7126//4120 7340//4120 7611//4120 7058//4120
f 7458//4121 7472//4121 7739//4121 7729//4121
f 7165//4122 7281//4122 7552//4122 7007//4122
f 7336//4122 7334//4122 7601//4122 7607//4122
f 7474//4119 7464//4119 7731//4119 7745//4119
f 7284//4120 7166//4120 7006//4120 7551//4120
f 7333//4120 7337//4120 7608//4120 7604//4120
f 7463//4121 7475//4121 7746//4121 7734//4121
f 7162//4122 7269//4122 7540//4122 7010//4122
f 7331//4122 7330//4122 7597//4122 7602//4122
f 7475//4122 7471//4122 7742//4122 7746//4122
f 7272//4120 7163//4120 7009//4120 7539//4120
f 7329//4120 7332//4120 7603//4120 7600//4120
f 7470//4120 7476//4120 7743//4120 7741//4120
f 7159//4122 7257//4122 7528//4122 7013//4122
f 7327//4122 7130//4122 7054//4122 7598//4122
f 7472//4122 7467//4122 7738//4122 7739//4122
f 7260//4120 7160//4120 7012//4120 7527//4120
f 7129//4120 7328//4120 7599//4120 7055//4120
f 7466//4120 7469//4120 7740//4120 7737//4120
f 7156//4122 7245//4122 7516//4122 7016//4122
f 7324//4122 7322//4122 7589//4122 7595//4122
f 7468//4122 7151//4122 7021//4122 7735//4122
f 7248//4120 7157//4120 7015//4120 7515//4120
f 7321//4120 7325//4120 7596//4120 7592//4120
f 7150//4120 7465//4120 7736//4120 7022//4120
f 7153//4122 7233//4122 7504//4122 7019//4122
f 7319//4122 7318//4122 7585//4122 7590//4122
f 7462//4122 7460//4122 7727//4122 7733//4122
f 7236//4120 7154//4120 7018//4120 7503//4120
f 7317//4120 7320//4120 7591//4120 7588//4120
f 7459//4120 7463//4120 7734//4120 7730//4120
f 7186//4122 7384//4122 7655//4122 6974//4122
f 7315//4122 7133//4122 7051//4122 7586//4122
f 7457//4122 7456//4122 7723//4122 7728//4122
f 7383//4120 7187//4120 6973//4120 7654//4120
f 7132//4120 7316//4120 7587//4120 7052//4120
f 7455//4120 7458//4120 7729//4120 7726//4120
f 7183//4122 7371//4122 7642//4122 6977//4122
f 7216//4119 7286//4119 7557//4119 7487//4119
f 7453//4122 7148//4122 7024//4122 7724//4122
f 7374//4120 7184//4120 6976//4120 7641//4120
f 7285//4121 7217//4121 7488//4121 7556//4121
f 7147//4120 7454//4120 7725//4120 7025//4120
f 7180//4122 7359//4122 7630//4122 6980//4122
f 7219//4119 7290//4119 7561//4119 7490//4119
f 7450//4122 7448//4122 7715//4122 7721//4122
f 7362//4120 7181//4120 6979//4120 7629//4120
f 7289//4121 7220//4121 7491//4121 7560//4121
f 7447//4120 7451//4120 7722//4120 7718//4120
f 7177//4122 7347//4122 7618//4122 6983//4122
f 7222//4119 7293//4119 7564//4119 7493//4119
f 7445//4122 7444//4122 7711//4122 7716//4122
f 7350//4120 7178//4120 6982//4120 7617//4120
f 7296//4121 7223//4121 7494//4121 7563//4121
f 7443//4120 7446//4120 7717//4120 7714//4120
f 7174//4122 7335//4122 7606//4122 6986//4122
f 7228//4119 7208//4119 7479//4119 7495//4119
f 7441//4122 7145//4122 7039//4122 7712//4122
f 7338//4120 7175//4120 6985//4120 7605//4120
f 7207//4121 7225//4121 7496//4121 7478//4121
f 7144//4120 7442//4120 7713//4120 7040//4120
f 7171//4122 7323//4122 7594//4122 6989//4122
f 7232//4119 7211//4119 7482//4119 7499//4119
f 7438//4122 7436//4122 7703//4122 7709//4122
f 7326//4120 7172//4120 6988//4120 7593//4120
f 7210//4121 7229//4121 7500//4121 7481//4121
f 7435//4120 7439//4120 7710//4120 7706//4120
f 6907//4119 6892//4119 6897//4119 7099//4119 7101//4119
f 7496//4118 7497//4118 7498//4118 7495//4118
f 7500//4118 7501//4118 7502//4118 7499//4118
f 7504//4118 7505//4118 7506//4118 7503//4118
f 7508//4118 7509//4118 7510//4118 7507//4118
f 7512//4118 7513//4118 7514//4118 7511//4118
f 7516//4118 7517//4118 7518//4118 7515//4118
f 7520//4118 7521//4118 7522//4118 7519//4118
f 7524//4118 7525//4118 7526//4118 7523//4118
f 7528//4118 7529//4118 7530//4118 7527//4118
f 7532//4118 7533//4118 7534//4118 7531//4118
f 7536//4118 7537//4118 7538//4118 7535//4118
f 7540//4118 7541//4118 7542//4118 7539//4118
f 7544//4118 7545//4118 7546//4118 7543//4118
f 7548//4118 7549//4118 7550//4118 7547//4118
f 7552//4118 7553//4118 7554//4118 7551//4118
f 7556//4118 7557//4118 7558//4118 7555//4118
f 7560//4118 7561//4118 7562//4118 7559//4118
f 7564//4118 7565//4118 7566//4118 7563//4118
f 7586//4118 7587//4118 7588//4118 7585//4118
f 7590//4118 7591//4118 7592//4118 7589//4118
f 7594//4118 7595//4118 7596//4118 7593//4118
f 7598//4118 7599//4118 7600//4118 7597//4118
f 7602//4118 7603//4118 7604//4118 7601//4118
f 7606//4118 7607//4118 7608//4118 7605//4118
f 7610//4118 7611//4118 7612//4118 7609//4118
f 7614//4118 7615//4118 7616//4118 7613//4118
f 7618//4118 7619//4118 7620//4118 7617//4118
f 7622//4118 7623//4118 7624//4118 7621//4118
f 7626//4118 7627//4118 7628//4118 7625//4118
f 7630//4118 7631//4118 7632//4118 7629//4118
f 7634//4118 7635//4118 7636//4118 7633//4118
f 7638//4118 7639//4118 7640//4118 7637//4118
f 7642//4118 7643//4118 7644//4118 7641//4118
f 7646//4118 7647//4118 7648//4118 7645//4118
f 7650//4118 7651//4118 7652//4118 7649//4118
f 7654//4118 7655//4118 7656//4118 7653//4118
f 7676//4118 7677//4118 7678//4118 7675//4118
f 7680//4118 7681//4118 7682//4118 7679//4118
f 7684//4118 7685//4118 7686//4118 7683//4118
f 7688//4118 7689//4118 7690//4118 7687//4118
f 7692//4118 7693//4118 7694//4118 7691//4118
f 7696//4118 7697//4118 7698//4118 7695//4118
f 7700//4118 7701//4118 7702//4118 7699//4118
f 7704//4118 7705//4118 7706//4118 7703//4118
f 7708//4118 7709//4118 7710//4118 7707//4118
f 7712//4118 7713//4118 7714//4118 7711//4118
f 7716//4118 7717//4118 7718//4118 7715//4118
f 7720//4118 7721//4118 7722//4118 7719//4118
f 7724//4118 7725//4118 7726//4118 7723//4118
f 7728//4118 7729//4118 7730//4118 7727//4118
f 7732//4118 7733//4118 7734//4118 7731//4118
f 7736//4118 7737//4118 7738//4118 7735//4118
f 7740//4118 7741//4118 7742//4118 7739//4118
f 7744//4118 7745//4118 7746//4118 7743//4118
f 7593//4118 6988//4118 6989//4118 7594//4118
f 7605//4118 6985//4118 6986//4118 7606//4118
f 7617//4118 6982//4118 6983//4118 7618//4118
f 7629//4118 6979//4118 6980//4118 7630//4118
f 7641//4118 6976//4118 6977//4118 7642//4118
f 7654//4118 6973//4118 6974//4118 7655//4118
f 7503//4118 7018//4118 7019//4118 7504//4118
f 7515//4118 7015//4118 7016//4118 7516//4118
f 7527//4118 7012//4118 7013//4118 7528//4118
f 7539//4118 7009//4118 7010//4118 7540//4118
f 7551//4118 7006//4118 7007//4118 7552//4118
f 7564//4118 7003//4118 7004//4118 7565//4118
f 7683//4118 6970//4118 6971//4118 7684//4118
f 7695//4118 6967//4118 6968//4118 7696//4118
f 7707//4118 6964//4118 6965//4118 7708//4118
f 7719//4118 6961//4118 6962//4118 7720//4118
f 7731//4118 6958//4118 6959//4118 7732//4118
f 7744//4118 6955//4118 6956//4118 7745//4118
f 7082//4118 7497//4118 7496//4118 7081//4118
f 7498//4118 7501//4118 7500//4118 7495//4118
f 7502//4118 7506//4118 7505//4118 7499//4118
f 7085//4118 7509//4118 7508//4118 7084//4118
f 7510//4118 7513//4118 7512//4118 7507//4118
f 7514//4118 7518//4118 7517//4118 7511//4118
f 7088//4118 7521//4118 7520//4118 7087//4118
f 7522//4118 7525//4118 7524//4118 7519//4118
f 7526//4118 7530//4118 7529//4118 7523//4118
f 7091//4118 7533//4118 7532//4118 7090//4118
f 7534//4118 7537//4118 7536//4118 7531//4118
f 7538//4118 7542//4118 7541//4118 7535//4118
f 7094//4118 7545//4118 7544//4118 7093//4118
f 7546//4118 7549//4118 7548//4118 7543//4118
f 7550//4118 7554//4118 7553//4118 7547//4118
f 7097//4118 7556//4118 7555//4118 7096//4118
f 7557//4118 7560//4118 7559//4118 7558//4118
f 7561//4118 7563//4118 7566//4118 7562//4118
f 7554//4118 7566//4118 7565//4118 7551//4118
f 7549//4118 7559//4118 7562//4118 7550//4118
f 7545//4118 7555//4118 7558//4118 7546//4118
f 7542//4118 7553//4118 7552//4118 7539//4118
f 7537//4118 7548//4118 7547//4118 7538//4118
f 7533//4118 7544//4118 7543//4118 7534//4118
f 7530//4118 7541//4118 7540//4118 7527//4118
f 7525//4118 7536//4118 7535//4118 7526//4118
f 7521//4118 7532//4118 7531//4118 7522//4118
f 7518//4118 7529//4118 7528//4118 7515//4118
f 7513//4118 7524//4118 7523//4118 7514//4118
f 7509//4118 7520//4118 7519//4118 7510//4118
f 7506//4118 7517//4118 7516//4118 7503//4118
f 7501//4118 7512//4118 7511//4118 7502//4118
f 7497//4118 7508//4118 7507//4118 7498//4118
f 7484//4118 7505//4118 7504//4118 7485//4118
f 7481//4118 7500//4118 7499//4118 7482//4118
f 7478//4118 7496//4118 7495//4118 7479//4118
f 7563//4118 7494//4118 7493//4118 7564//4118
f 7560//4118 7491//4118 7490//4118 7561//4118
f 7556//4118 7488//4118 7487//4118 7557//4118
f 7052//4118 7587//4118 7586//4118 7051//4118
f 7588//4118 7591//4118 7590//4118 7585//4118
f 7592//4118 7596//4118 7595//4118 7589//4118
f 7055//4118 7599//4118 7598//4118 7054//4118
f 7600//4118 7603//4118 7602//4118 7597//4118
f 7604//4118 7608//4118 7607//4118 7601//4118
f 7058//4118 7611//4118 7610//4118 7057//4118
f 7612//4118 7615//4118 7614//4118 7609//4118
f 7616//4118 7620//4118 7619//4118 7613//4118
f 7061//4118 7623//4118 7622//4118 7060//4118
f 7624//4118 7627//4118 7626//4118 7621//4118
f 7628//4118 7632//4118 7631//4118 7625//4118
f 7076//4118 7635//4118 7634//4118 7075//4118
f 7636//4118 7639//4118 7638//4118 7633//4118
f 7640//4118 7644//4118 7643//4118 7637//4118
f 7079//4118 7646//4118 7645//4118 7078//4118
f 7647//4118 7650//4118 7649//4118 7648//4118
f 7651//4118 7653//4118 7656//4118 7652//4118
f 7644//4118 7656//4118 7655//4118 7641//4118
f 7639//4118 7649//4118 7652//4118 7640//4118
f 7635//4118 7645//4118 7648//4118 7636//4118
f 7632//4118 7643//4118 7642//4118 7629//4118
f 7627//4118 7638//4118 7637//4118 7628//4118
f 7623//4118 7634//4118 7633//4118 7624//4118
f 7620//4118 7631//4118 7630//4118 7617//4118
f 7615//4118 7626//4118 7625//4118 7616//4118
f 7611//4118 7622//4118 7621//4118 7612//4118
f 7608//4118 7619//4118 7618//4118 7605//4118
f 7603//4118 7614//4118 7613//4118 7604//4118
f 7599//4118 7610//4118 7609//4118 7600//4118
f 7596//4118 7607//4118 7606//4118 7593//4118
f 7591//4118 7602//4118 7601//4118 7592//4118
f 7587//4118 7598//4118 7597//4118 7588//4118
f 7574//4118 7595//4118 7594//4118 7575//4118
f 7571//4118 7590//4118 7589//4118 7572//4118
f 7568//4118 7586//4118 7585//4118 7569//4118
f 7653//4118 7584//4118 7583//4118 7654//4118
f 7650//4118 7581//4118 7580//4118 7651//4118
f 7646//4118 7578//4118 7577//4118 7647//4118
f 7049//4118 7677//4118 7676//4118 7048//4118
f 7678//4118 7681//4118 7680//4118 7675//4118
f 7682//4118 7686//4118 7685//4118 7679//4118
f 7046//4118 7689//4118 7688//4118 7045//4118
f 7690//4118 7693//4118 7692//4118 7687//4118
f 7694//4118 7698//4118 7697//4118 7691//4118
f 7043//4118 7701//4118 7700//4118 7042//4118
f 7702//4118 7705//4118 7704//4118 7699//4118
f 7706//4118 7710//4118 7709//4118 7703//4118
f 7040//4118 7713//4118 7712//4118 7039//4118
f 7714//4118 7717//4118 7716//4118 7711//4118
f 7718//4118 7722//4118 7721//4118 7715//4118
f 7025//4118 7725//4118 7724//4118 7024//4118
f 7726//4118 7729//4118 7728//4118 7723//4118
f 7730//4118 7734//4118 7733//4118 7727//4118
f 7022//4118 7736//4118 7735//4118 7021//4118
f 7737//4118 7740//4118 7739//4118 7738//4118
f 7741//4118 7743//4118 7746//4118 7742//4118
f 7734//4118 7746//4118 7745//4118 7731//4118
f 7729//4118 7739//4118 7742//4118 7730//4118
f 7725//4118 7735//4118 7738//4118 7726//4118
f 7722//4118 7733//4118 7732//4118 7719//4118
f 7717//4118 7728//4118 7727//4118 7718//4118
f 7713//4118 7724//4118 7723//4118 7714//4118
f 7710//4118 7721//4118 7720//4118 7707//4118
f 7705//4118 7716//4118 7715//4118 7706//4118
f 7701//4118 7712//4118 7711//4118 7702//4118
f 7698//4118 7709//4118 7708//4118 7695//4118
f 7693//4118 7704//4118 7703//4118 7694//4118
f 7689//4118 7700//4118 7699//4118 7690//4118
f 7686//4118 7697//4118 7696//4118 7683//4118
f 7681//4118 7692//4118 7691//4118 7682//4118
f 7677//4118 7688//4118 7687//4118 7678//4118
f 7664//4118 7685//4118 7684//4118 7665//4118
f 7661//4118 7680//4118 7679//4118 7662//4118
f 7658//4118 7676//4118 7675//4118 7659//4118
f 7743//4118 7674//4118 7673//4118 7744//4118
f 7740//4118 7671//4118 7670//4118 7741//4118
f 7736//4118 7668//4118 7667//4118 7737//4118
f 7263//4120 7266//4120 7537//4120 7534//4120
f 7402//4119 7473//4119 7744//4119 7673//4119
f 7366//4119 7353//4119 7624//4119 7633//4119
f 7265//4122 7264//4122 7531//4122 7536//4122
f 7469//4121 7400//4121 7671//4121 7740//4121
f 7349//4121 7360//4121 7631//4121 7620//4121
f 7267//4120 7271//4120 7542//4120 7538//4120
f 7399//4119 7470//4119 7741//4119 7670//4119
f 7359//4119 7350//4119 7617//4119 7630//4119
f 7270//4122 7268//4122 7535//4122 7541//4122
f 7465//4121 7397//4121 7668//4121 7736//4121
f 7344//4121 7355//4121 7626//4121 7615//4121
f 7102//4120 7274//4120 7545//4120 7094//4120
f 7396//4119 7466//4119 7737//4119 7667//4119
f 7358//4119 7345//4119 7616//4119 7625//4119
f 7273//4122 7103//4122 7093//4122 7544//4122
f 7340//4121 7351//4121 7622//4121 7611//4121
f 7275//4120 7278//4120 7549//4120 7546//4120
f 7354//4119 7341//4119 7612//4119 7621//4119
f 7277//4122 7276//4122 7543//4122 7548//4122
f 7337//4121 7348//4121 7619//4121 7608//4121
f 7279//4120 7283//4120 7554//4120 7550//4120
f 7347//4119 7338//4119 7605//4119 7618//4119
f 7282//4122 7280//4122 7547//4122 7553//4122
f 7332//4121 7343//4121 7614//4121 7603//4121
f 7099//4120 7285//4120 7556//4120 7097//4120
f 7346//4119 7333//4119 7604//4119 7613//4119
f 7288//4122 7100//4122 7096//4122 7555//4122
f 7328//4121 7339//4121 7610//4121 7599//4121
f 7286//4120 7289//4120 7560//4120 7557//4120
f 7342//4119 7329//4119 7600//4119 7609//4119
f 7292//4122 7287//4122 7558//4122 7559//4122
f 7325//4121 7336//4121 7607//4121 7596//4121
f 7290//4120 7296//4120 7563//4120 7561//4120
f 7335//4119 7326//4119 7593//4119 7606//4119
f 7295//4122 7291//4122 7562//4122 7566//4122
f 7320//4121 7331//4121 7602//4121 7591//4121
f 7283//4121 7295//4121 7566//4121 7554//4121
f 7334//4119 7321//4119 7592//4119 7601//4119
f 7294//4119 7284//4119 7551//4119 7565//4119
f 7316//4121 7327//4121 7598//4121 7587//4121
f 7278//4121 7292//4121 7559//4121 7549//4121
f 7330//4119 7317//4119 7588//4119 7597//4119
f 7291//4119 7279//4119 7550//4119 7562//4119
f 7303//4121 7324//4121 7595//4121 7574//4121
f 7274//4121 7288//4121 7555//4121 7545//4121
f 7323//4119 7304//4119 7575//4119 7594//4119
f 7287//4119 7275//4119 7546//4119 7558//4119
f 7300//4121 7319//4121 7590//4121 7571//4121
f 7271//4121 7282//4121 7553//4121 7542//4121
f 7322//4119 7301//4119 7572//4119 7589//4119
f 7281//4119 7272//4119 7539//4119 7552//4119
f 7297//4121 7315//4121 7586//4121 7568//4121
f 7266//4121 7277//4121 7548//4121 7537//4121
f 7318//4119 7298//4119 7569//4119 7585//4119
f 7280//4119 7267//4119 7538//4119 7547//4119
f 7386//4121 7313//4121 7584//4121 7653//4121
f 7262//4121 7273//4121 7544//4121 7533//4121
f 7312//4119 7383//4119 7654//4119 7583//4119
f 7276//4119 7263//4119 7534//4119 7543//4119
f 7379//4121 7310//4121 7581//4121 7650//4121
f 7259//4121 7270//4121 7541//4121 7530//4121
f 7309//4119 7380//4119 7651//4119 7580//4119
f 7269//4119 7260//4119 7527//4119 7540//4119
f 7375//4121 7307//4121 7578//4121 7646//4121
f 7254//4121 7265//4121 7536//4121 7525//4121
f 7306//4119 7376//4119 7647//4119 7577//4119
f 7268//4119 7255//4119 7526//4119 7535//4119
f 7135//4120 7406//4120 7677//4120 7049//4120
f 7250//4121 7261//4121 7532//4121 7521//4121
f 7405//4122 7136//4122 7048//4122 7676//4122
f 7264//4119 7251//4119 7522//4119 7531//4119
f 7407//4120 7410//4120 7681//4120 7678//4120
f 7247//4121 7258//4121 7529//4121 7518//4121
f 7409//4122 7408//4122 7675//4122 7680//4122
f 7257//4119 7248//4119 7515//4119 7528//4119
f 7411//4120 7415//4120 7686//4120 7682//4120
f 7242//4121 7253//4121 7524//4121 7513//4121
f 7414//4122 7412//4122 7679//4122 7685//4122
f 7256//4119 7243//4119 7514//4119 7523//4119
f 7138//4120 7418//4120 7689//4120 7046//4120
f 7238//4121 7249//4121 7520//4121 7509//4121
f 7417//4122 7139//4122 7045//4122 7688//4122
f 7252//4119 7239//4119 7510//4119 7519//4119
f 7419//4120 7422//4120 7693//4120 7690//4120
f 7235//4121 7246//4121 7517//4121 7506//4121
f 7421//4122 7420//4122 7687//4122 7692//4122
f 7245//4119 7236//4119 7503//4119 7516//4119
f 7423//4120 7427//4120 7698//4120 7694//4120
f 7230//4121 7241//4121 7512//4121 7501//4121
f 7426//4122 7424//4122 7691//4122 7697//4122
f 7244//4119 7231//4119 7502//4119 7511//4119
f 7141//4120 7430//4120 7701//4120 7043//4120
f 7226//4121 7237//4121 7508//4121 7497//4121
f 7429//4122 7142//4122 7042//4122 7700//4122
f 7240//4119 7227//4119 7498//4119 7507//4119
f 7431//4120 7434//4120 7705//4120 7702//4120
f 7213//4121 7234//4121 7505//4121 7484//4121
f 7433//4122 7432//4122 7699//4122 7704//4122
f 7233//4119 7214//4119 7485//4119 7504//4119
o Plane.007
v -0.289232 0.297077 2.067641
v -0.314315 0.322897 2.094176
v -0.296983 0.298341 2.075841
v -0.303975 0.302009 2.083238
v -0.309525 0.307721 2.089108
v -0.313087 0.314918 2.092878
v 0.329448 0.297077 2.050241
v 0.355983 0.322897 2.075324
v 0.337648 0.298341 2.057992
v 0.345045 0.302009 2.064984
v 0.350916 0.307721 2.070534
v 0.354685 0.314918 2.074096
v -0.333167 0.322897 1.423878
v -0.306632 0.297077 1.448961
v -0.331869 0.314918 1.425105
v -0.328100 0.307721 1.428668
v -0.322229 0.302009 1.434217
v -0.314832 0.298341 1.441210
v 0.312048 0.297077 1.431561
v 0.337131 0.322897 1.405026
v 0.319799 0.298341 1.423361
v 0.326791 0.302009 1.415964
v 0.332341 0.307721 1.410093
v 0.335903 0.314918 1.406324
v -0.306632 0.366331 1.448961
v -0.333167 0.340511 1.423878
v -0.314832 0.365067 1.441210
v -0.322229 0.361400 1.434217
v -0.328100 0.355688 1.428668
v -0.331869 0.348490 1.425105
v -0.314315 0.340511 2.094176
v -0.289232 0.366331 2.067641
v -0.313087 0.348490 2.092878
v -0.309525 0.355688 2.089108
v -0.303975 0.361400 2.083238
v -0.296983 0.365067 2.075841
v 0.355983 0.340511 2.075324
v 0.329448 0.366331 2.050241
v 0.354685 0.348490 2.074096
v 0.350916 0.355688 2.070534
v 0.345045 0.361400 2.064984
v 0.337648 0.365067 2.057992
v 0.337131 0.340511 1.405026
v 0.312048 0.366331 1.431561
v 0.335903 0.348490 1.406324
v 0.332341 0.355688 1.410093
v 0.326791 0.361400 1.415964
v 0.319799 0.365067 1.423361
vn 0.0281 0.0000 0.9996
vn 0.0000 1.0000 0.0000
vn 0.9996 0.0000 -0.0281
vn -0.0281 0.0000 -0.9996
vn 0.0000 -1.0000 -0.0000
vn -0.1564 -0.9877 0.0044
vn -0.4538 -0.8910 0.0128
vn -0.7068 -0.7071 0.0199
vn -0.8907 -0.4540 0.0250
vn -0.9873 -0.1564 0.0278
vn 0.0044 -0.9877 0.1564
vn 0.0128 -0.8910 0.4538
vn 0.0199 -0.7071 0.7068
vn 0.0250 -0.4540 0.8907
vn 0.0278 -0.1564 0.9873
vn 0.1564 -0.9877 -0.0044
vn 0.4538 -0.8910 -0.0128
vn 0.7068 -0.7071 -0.0199
vn 0.8907 -0.4540 -0.0250
vn 0.9873 -0.1564 -0.0278
vn -0.0044 -0.9877 -0.1564
vn -0.0128 -0.8910 -0.4538
vn -0.0199 -0.7071 -0.7068
vn -0.0250 -0.4540 -0.8907
vn -0.0278 -0.1564 -0.9873
vn -0.9873 0.1564 0.0278
vn -0.8907 0.4540 0.0250
vn -0.7068 0.7071 0.0199
vn -0.4538 0.8910 0.0128
vn -0.1564 0.9877 0.0044
vn 0.0278 0.1564 0.9873
vn 0.0250 0.4540 0.8907
vn 0.0199 0.7071 0.7068
vn 0.0128 0.8910 0.4538
vn 0.0044 0.9877 0.1564
vn 0.9873 0.1564 -0.0278
vn 0.8907 0.4540 -0.0250
vn 0.7068 0.7071 -0.0199
vn 0.4538 0.8910 -0.0128
vn 0.1564 0.9877 -0.0044
vn -0.0278 0.1564 -0.9873
vn -0.0250 0.4540 -0.8907
vn -0.0199 0.7071 -0.7068
vn -0.0128 0.8910 -0.4538
vn -0.0044 0.9877 -0.1564
vn -0.9996 0.0000 0.0281
usemtl dark_blue
s off
f 7748//4123 7754//4123 7783//4123 7777//4123
f 7778//4124 7784//4124 7790//4124 7771//4124
f 7754//4125 7766//4125 7789//4125 7783//4125
f 7766//4126 7759//4126 7772//4126 7789//4126
f 7747//4127 7760//4127 7765//4127 7753//4127
f 7760//4128 7747//4128 7749//4128 7764//4128
f 7764//4129 7749//4129 7750//4129 7763//4129
f 7763//4130 7750//4130 7751//4130 7762//4130
f 7762//4131 7751//4131 7752//4131 7761//4131
f 7761//4132 7752//4132 7748//4132 7759//4132
f 7747//4133 7753//4133 7755//4133 7749//4133
f 7749//4134 7755//4134 7756//4134 7750//4134
f 7750//4135 7756//4135 7757//4135 7751//4135
f 7751//4136 7757//4136 7758//4136 7752//4136
f 7752//4137 7758//4137 7754//4137 7748//4137
f 7753//4138 7765//4138 7767//4138 7755//4138
f 7755//4139 7767//4139 7768//4139 7756//4139
f 7756//4140 7768//4140 7769//4140 7757//4140
f 7757//4141 7769//4141 7770//4141 7758//4141
f 7758//4142 7770//4142 7766//4142 7754//4142
f 7765//4143 7760//4143 7764//4143 7767//4143
f 7767//4144 7764//4144 7763//4144 7768//4144
f 7768//4145 7763//4145 7762//4145 7769//4145
f 7769//4146 7762//4146 7761//4146 7770//4146
f 7770//4147 7761//4147 7759//4147 7766//4147
f 7772//4148 7777//4148 7779//4148 7776//4148
f 7776//4149 7779//4149 7780//4149 7775//4149
f 7775//4150 7780//4150 7781//4150 7774//4150
f 7774//4151 7781//4151 7782//4151 7773//4151
f 7773//4152 7782//4152 7778//4152 7771//4152
f 7777//4153 7783//4153 7785//4153 7779//4153
f 7779//4154 7785//4154 7786//4154 7780//4154
f 7780//4155 7786//4155 7787//4155 7781//4155
f 7781//4156 7787//4156 7788//4156 7782//4156
f 7782//4157 7788//4157 7784//4157 7778//4157
f 7783//4158 7789//4158 7791//4158 7785//4158
f 7785//4159 7791//4159 7792//4159 7786//4159
f 7786//4160 7792//4160 7793//4160 7787//4160
f 7787//4161 7793//4161 7794//4161 7788//4161
f 7788//4162 7794//4162 7790//4162 7784//4162
f 7789//4163 7772//4163 7776//4163 7791//4163
f 7791//4164 7776//4164 7775//4164 7792//4164
f 7792//4165 7775//4165 7774//4165 7793//4165
f 7793//4166 7774//4166 7773//4166 7794//4166
f 7794//4167 7773//4167 7771//4167 7790//4167
f 7759//4168 7748//4168 7777//4168 7772//4168
o Plane.006
v -0.446249 0.297077 -1.084808
v -0.474218 0.322897 -1.061335
v -0.454892 0.298341 -1.077554
v -0.462689 0.302009 -1.071011
v -0.468877 0.307721 -1.065818
v -0.472849 0.314918 -1.062484
v 0.170326 0.297077 -1.030926
v 0.193799 0.322897 -1.002957
v 0.177580 0.298341 -1.022283
v 0.184123 0.302009 -1.014486
v 0.189316 0.307721 -1.008299
v 0.192651 0.314918 -1.004326
v -0.415841 0.322897 -1.729352
v -0.392367 0.297077 -1.701383
v -0.414692 0.314918 -1.727983
v -0.411358 0.307721 -1.724011
v -0.406165 0.302009 -1.717823
v -0.399621 0.298341 -1.710026
v 0.224208 0.297077 -1.647501
v 0.252177 0.322897 -1.670975
v 0.232851 0.298341 -1.654755
v 0.240648 0.302009 -1.661299
v 0.246835 0.307721 -1.666492
v 0.250808 0.314918 -1.669826
v -0.392367 0.366331 -1.701383
v -0.415841 0.340511 -1.729352
v -0.399621 0.365067 -1.710026
v -0.406165 0.361400 -1.717823
v -0.411358 0.355688 -1.724011
v -0.414692 0.348490 -1.727983
v -0.474218 0.340511 -1.061335
v -0.446249 0.366331 -1.084808
v -0.472849 0.348490 -1.062484
v -0.468877 0.355688 -1.065818
v -0.462689 0.361400 -1.071011
v -0.454892 0.365067 -1.077554
v 0.193799 0.340511 -1.002957
v 0.170326 0.366331 -1.030926
v 0.192651 0.348490 -1.004326
v 0.189316 0.355688 -1.008299
v 0.184123 0.361400 -1.014486
v 0.177580 0.365067 -1.022283
v 0.252177 0.340511 -1.670975
v 0.224208 0.366331 -1.647501
v 0.250808 0.348490 -1.669826
v 0.246835 0.355688 -1.666492
v 0.240648 0.361400 -1.661299
v 0.232851 0.365067 -1.654755
vn -0.0871 0.0000 0.9962
vn 0.0000 1.0000 0.0000
vn 0.9962 0.0000 0.0871
vn 0.0871 0.0000 -0.9962
vn 0.0000 -1.0000 -0.0000
vn -0.1558 -0.9877 -0.0136
vn -0.4523 -0.8910 -0.0395
vn -0.7044 -0.7071 -0.0616
vn -0.8876 -0.4540 -0.0776
vn -0.9839 -0.1564 -0.0860
vn -0.0136 -0.9877 0.1558
vn -0.0395 -0.8910 0.4523
vn -0.0616 -0.7071 0.7044
vn -0.0776 -0.4540 0.8876
vn -0.0860 -0.1564 0.9839
vn 0.1558 -0.9877 0.0136
vn 0.4523 -0.8910 0.0395
vn 0.7044 -0.7071 0.0616
vn 0.8876 -0.4540 0.0776
vn 0.9839 -0.1564 0.0860
vn 0.0136 -0.9877 -0.1558
vn 0.0395 -0.8910 -0.4523
vn 0.0616 -0.7071 -0.7044
vn 0.0776 -0.4540 -0.8876
vn 0.0860 -0.1564 -0.9839
vn -0.9839 0.1564 -0.0860
vn -0.8876 0.4540 -0.0776
vn -0.7044 0.7071 -0.0616
vn -0.4523 0.8910 -0.0395
vn -0.1558 0.9877 -0.0136
vn -0.0860 0.1564 0.9839
vn -0.0776 0.4540 0.8876
vn -0.0616 0.7071 0.7044
vn -0.0395 0.8910 0.4523
vn -0.0136 0.9877 0.1558
vn 0.9839 0.1564 0.0860
vn 0.8876 0.4540 0.0776
vn 0.7044 0.7071 0.0616
vn 0.4523 0.8910 0.0395
vn 0.1558 0.9877 0.0136
vn 0.0860 0.1564 -0.9839
vn 0.0776 0.4540 -0.8876
vn 0.0616 0.7071 -0.7044
vn 0.0395 0.8910 -0.4523
vn 0.0136 0.9877 -0.1558
vn -0.9962 0.0000 -0.0871
usemtl dark_blue
s off
f 7796//4169 7802//4169 7831//4169 7825//4169
f 7826//4170 7832//4170 7838//4170 7819//4170
f 7802//4171 7814//4171 7837//4171 7831//4171
f 7814//4172 7807//4172 7820//4172 7837//4172
f 7795//4173 7808//4173 7813//4173 7801//4173
f 7808//4174 7795//4174 7797//4174 7812//4174
f 7812//4175 7797//4175 7798//4175 7811//4175
f 7811//4176 7798//4176 7799//4176 7810//4176
f 7810//4177 7799//4177 7800//4177 7809//4177
f 7809//4178 7800//4178 7796//4178 7807//4178
f 7795//4179 7801//4179 7803//4179 7797//4179
f 7797//4180 7803//4180 7804//4180 7798//4180
f 7798//4181 7804//4181 7805//4181 7799//4181
f 7799//4182 7805//4182 7806//4182 7800//4182
f 7800//4183 7806//4183 7802//4183 7796//4183
f 7801//4184 7813//4184 7815//4184 7803//4184
f 7803//4185 7815//4185 7816//4185 7804//4185
f 7804//4186 7816//4186 7817//4186 7805//4186
f 7805//4187 7817//4187 7818//4187 7806//4187
f 7806//4188 7818//4188 7814//4188 7802//4188
f 7813//4189 7808//4189 7812//4189 7815//4189
f 7815//4190 7812//4190 7811//4190 7816//4190
f 7816//4191 7811//4191 7810//4191 7817//4191
f 7817//4192 7810//4192 7809//4192 7818//4192
f 7818//4193 7809//4193 7807//4193 7814//4193
f 7820//4194 7825//4194 7827//4194 7824//4194
f 7824//4195 7827//4195 7828//4195 7823//4195
f 7823//4196 7828//4196 7829//4196 7822//4196
f 7822//4197 7829//4197 7830//4197 7821//4197
f 7821//4198 7830//4198 7826//4198 7819//4198
f 7825//4199 7831//4199 7833//4199 7827//4199
f 7827//4200 7833//4200 7834//4200 7828//4200
f 7828//4201 7834//4201 7835//4201 7829//4201
f 7829//4202 7835//4202 7836//4202 7830//4202
f 7830//4203 7836//4203 7832//4203 7826//4203
f 7831//4204 7837//4204 7839//4204 7833//4204
f 7833//4205 7839//4205 7840//4205 7834//4205
f 7834//4206 7840//4206 7841//4206 7835//4206
f 7835//4207 7841//4207 7842//4207 7836//4207
f 7836//4208 7842//4208 7838//4208 7832//4208
f 7837//4209 7820//4209 7824//4209 7839//4209
f 7839//4210 7824//4210 7823//4210 7840//4210
f 7840//4211 7823//4211 7822//4211 7841//4211
f 7841//4212 7822//4212 7821//4212 7842//4212
f 7842//4213 7821//4213 7819//4213 7838//4213
f 7807//4214 7796//4214 7825//4214 7820//4214
o Plane.005
v 0.846655 0.297077 -0.042938
v 0.821474 0.322897 -0.016495
v 0.838873 0.298341 -0.034766
v 0.831854 0.302009 -0.027395
v 0.826283 0.307721 -0.021545
v 0.822706 0.314918 -0.017789
v 1.465394 0.297077 -0.058066
v 1.491837 0.322897 -0.032886
v 1.473566 0.298341 -0.050285
v 1.480937 0.302009 -0.043265
v 1.486787 0.307721 -0.037695
v 1.490543 0.314918 -0.034118
v 0.805083 0.322897 -0.686858
v 0.831526 0.297077 -0.661677
v 0.806378 0.314918 -0.685626
v 0.810133 0.307721 -0.682049
v 0.815983 0.302009 -0.676478
v 0.823355 0.298341 -0.669459
v 1.450266 0.297077 -0.676806
v 1.475447 0.322897 -0.703249
v 1.458047 0.298341 -0.684977
v 1.465067 0.302009 -0.692349
v 1.470638 0.307721 -0.698199
v 1.474214 0.314918 -0.701955
v 0.831526 0.366331 -0.661677
v 0.805083 0.340511 -0.686858
v 0.823355 0.365067 -0.669459
v 0.815983 0.361400 -0.676478
v 0.810133 0.355688 -0.682049
v 0.806378 0.348490 -0.685626
v 0.821474 0.340511 -0.016495
v 0.846655 0.366331 -0.042938
v 0.822706 0.348490 -0.017789
v 0.826283 0.355688 -0.021545
v 0.831854 0.361400 -0.027395
v 0.838873 0.365067 -0.034766
v 1.491837 0.340511 -0.032886
v 1.465394 0.366331 -0.058066
v 1.490543 0.348490 -0.034118
v 1.486787 0.355688 -0.037695
v 1.480937 0.361400 -0.043265
v 1.473566 0.365067 -0.050285
v 1.475447 0.340511 -0.703249
v 1.450266 0.366331 -0.676806
v 1.474214 0.348490 -0.701955
v 1.470638 0.355688 -0.698199
v 1.465067 0.361400 -0.692349
v 1.458047 0.365067 -0.684977
vn 0.0244 0.0000 0.9997
vn 0.0000 1.0000 0.0000
vn 0.9997 0.0000 -0.0244
vn -0.0244 0.0000 -0.9997
vn 0.0000 -1.0000 0.0000
vn -0.1564 -0.9877 0.0038
vn -0.4539 -0.8910 0.0111
vn -0.7069 -0.7071 0.0173
vn -0.8907 -0.4540 0.0218
vn -0.9874 -0.1564 0.0241
vn 0.0038 -0.9877 0.1564
vn 0.0111 -0.8910 0.4539
vn 0.0173 -0.7071 0.7069
vn 0.0218 -0.4540 0.8907
vn 0.0241 -0.1564 0.9874
vn 0.1564 -0.9877 -0.0038
vn 0.4539 -0.8910 -0.0111
vn 0.7069 -0.7071 -0.0173
vn 0.8907 -0.4540 -0.0218
vn 0.9874 -0.1564 -0.0241
vn -0.0038 -0.9877 -0.1564
vn -0.0111 -0.8910 -0.4539
vn -0.0173 -0.7071 -0.7069
vn -0.0218 -0.4540 -0.8907
vn -0.0241 -0.1564 -0.9874
vn -0.9874 0.1564 0.0241
vn -0.8907 0.4540 0.0218
vn -0.7069 0.7071 0.0173
vn -0.4539 0.8910 0.0111
vn -0.1564 0.9877 0.0038
vn 0.0241 0.1564 0.9874
vn 0.0218 0.4540 0.8907
vn 0.0173 0.7071 0.7069
vn 0.0111 0.8910 0.4539
vn 0.0038 0.9877 0.1564
vn 0.9874 0.1564 -0.0241
vn 0.8907 0.4540 -0.0218
vn 0.7069 0.7071 -0.0173
vn 0.4539 0.8910 -0.0111
vn 0.1564 0.9877 -0.0038
vn -0.0241 0.1564 -0.9874
vn -0.0218 0.4540 -0.8907
vn -0.0173 0.7071 -0.7069
vn -0.0111 0.8910 -0.4539
vn -0.0038 0.9877 -0.1564
vn -0.9997 0.0000 0.0244
usemtl dark_blue
s off
f 7844//4215 7850//4215 7879//4215 7873//4215
f 7874//4216 7880//4216 7886//4216 7867//4216
f 7850//4217 7862//4217 7885//4217 7879//4217
f 7862//4218 7855//4218 7868//4218 7885//4218
f 7843//4219 7856//4219 7861//4219 7849//4219
f 7856//4220 7843//4220 7845//4220 7860//4220
f 7860//4221 7845//4221 7846//4221 7859//4221
f 7859//4222 7846//4222 7847//4222 7858//4222
f 7858//4223 7847//4223 7848//4223 7857//4223
f 7857//4224 7848//4224 7844//4224 7855//4224
f 7843//4225 7849//4225 7851//4225 7845//4225
f 7845//4226 7851//4226 7852//4226 7846//4226
f 7846//4227 7852//4227 7853//4227 7847//4227
f 7847//4228 7853//4228 7854//4228 7848//4228
f 7848//4229 7854//4229 7850//4229 7844//4229
f 7849//4230 7861//4230 7863//4230 7851//4230
f 7851//4231 7863//4231 7864//4231 7852//4231
f 7852//4232 7864//4232 7865//4232 7853//4232
f 7853//4233 7865//4233 7866//4233 7854//4233
f 7854//4234 7866//4234 7862//4234 7850//4234
f 7861//4235 7856//4235 7860//4235 7863//4235
f 7863//4236 7860//4236 7859//4236 7864//4236
f 7864//4237 7859//4237 7858//4237 7865//4237
f 7865//4238 7858//4238 7857//4238 7866//4238
f 7866//4239 7857//4239 7855//4239 7862//4239
f 7868//4240 7873//4240 7875//4240 7872//4240
f 7872//4241 7875//4241 7876//4241 7871//4241
f 7871//4242 7876//4242 7877//4242 7870//4242
f 7870//4243 7877//4243 7878//4243 7869//4243
f 7869//4244 7878//4244 7874//4244 7867//4244
f 7873//4245 7879//4245 7881//4245 7875//4245
f 7875//4246 7881//4246 7882//4246 7876//4246
f 7876//4247 7882//4247 7883//4247 7877//4247
f 7877//4248 7883//4248 7884//4248 7878//4248
f 7878//4249 7884//4249 7880//4249 7874//4249
f 7879//4250 7885//4250 7887//4250 7881//4250
f 7881//4251 7887//4251 7888//4251 7882//4251
f 7882//4252 7888//4252 7889//4252 7883//4252
f 7883//4253 7889//4253 7890//4253 7884//4253
f 7884//4254 7890//4254 7886//4254 7880//4254
f 7885//4255 7868//4255 7872//4255 7887//4255
f 7887//4256 7872//4256 7871//4256 7888//4256
f 7888//4257 7871//4257 7870//4257 7889//4257
f 7889//4258 7870//4258 7869//4258 7890//4258
f 7890//4259 7869//4259 7867//4259 7886//4259
f 7855//4260 7844//4260 7873//4260 7868//4260
o Plane.004
v 0.949162 0.297077 1.043515
v 0.927858 0.322897 1.073170
v 0.942579 0.298341 1.052679
v 0.936640 0.302009 1.060946
v 0.931927 0.307721 1.067506
v 0.928901 0.314918 1.071718
v 1.559941 0.297077 0.943427
v 1.589596 0.322897 0.964731
v 1.569105 0.298341 0.950011
v 1.577371 0.302009 0.955950
v 1.583932 0.307721 0.960663
v 1.588144 0.314918 0.963689
v 0.819420 0.322897 0.411432
v 0.849075 0.297077 0.432737
v 0.820871 0.314918 0.412475
v 0.825083 0.307721 0.415501
v 0.831644 0.302009 0.420214
v 0.839911 0.298341 0.426153
v 1.459853 0.297077 0.332649
v 1.481157 0.322897 0.302994
v 1.466436 0.298341 0.323485
v 1.472375 0.302009 0.315218
v 1.477089 0.307721 0.308657
v 1.480115 0.314918 0.304445
v 0.849075 0.366331 0.432737
v 0.819420 0.340511 0.411432
v 0.839911 0.365067 0.426153
v 0.831644 0.361400 0.420214
v 0.825083 0.355688 0.415501
v 0.820871 0.348490 0.412475
v 0.927858 0.340511 1.073170
v 0.949162 0.366331 1.043515
v 0.928901 0.348490 1.071718
v 0.931927 0.355688 1.067506
v 0.936640 0.361400 1.060946
v 0.942579 0.365067 1.052679
v 1.589596 0.340511 0.964731
v 1.559941 0.366331 0.943427
v 1.588144 0.348490 0.963689
v 1.583932 0.355688 0.960663
v 1.577371 0.361400 0.955950
v 1.569105 0.365067 0.950011
v 1.481157 0.340511 0.302994
v 1.459853 0.366331 0.332649
v 1.480115 0.348490 0.304445
v 1.477089 0.355688 0.308657
v 1.472375 0.361400 0.315218
v 1.466436 0.365067 0.323485
vn 0.1617 0.0000 0.9868
vn 0.0000 1.0000 0.0000
vn 0.9868 0.0000 -0.1617
vn -0.1617 0.0000 -0.9868
vn 0.0000 -1.0000 0.0000
vn -0.1544 -0.9877 0.0253
vn -0.4480 -0.8910 0.0734
vn -0.6978 -0.7071 0.1143
vn -0.8793 -0.4540 0.1441
vn -0.9747 -0.1564 0.1597
vn 0.0253 -0.9877 0.1544
vn 0.0734 -0.8910 0.4480
vn 0.1143 -0.7071 0.6978
vn 0.1441 -0.4540 0.8793
vn 0.1597 -0.1564 0.9747
vn 0.1544 -0.9877 -0.0253
vn 0.4480 -0.8910 -0.0734
vn 0.6978 -0.7071 -0.1143
vn 0.8793 -0.4540 -0.1441
vn 0.9747 -0.1565 -0.1597
vn -0.0253 -0.9877 -0.1544
vn -0.0734 -0.8910 -0.4480
vn -0.1143 -0.7071 -0.6978
vn -0.1441 -0.4540 -0.8793
vn -0.1597 -0.1564 -0.9747
vn -0.9747 0.1564 0.1597
vn -0.8793 0.4540 0.1441
vn -0.6978 0.7071 0.1143
vn -0.4480 0.8910 0.0734
vn -0.1544 0.9877 0.0253
vn 0.1597 0.1564 0.9747
vn 0.1441 0.4540 0.8793
vn 0.1143 0.7071 0.6978
vn 0.0734 0.8910 0.4480
vn 0.0253 0.9877 0.1544
vn 0.9747 0.1565 -0.1597
vn 0.8793 0.4540 -0.1441
vn 0.6978 0.7071 -0.1143
vn 0.4480 0.8910 -0.0734
vn 0.1544 0.9877 -0.0253
vn -0.1597 0.1564 -0.9747
vn -0.1441 0.4540 -0.8793
vn -0.1143 0.7071 -0.6978
vn -0.0734 0.8910 -0.4480
vn -0.0253 0.9877 -0.1544
vn -0.9868 0.0000 0.1617
usemtl dark_blue
s off
f 7892//4261 7898//4261 7927//4261 7921//4261
f 7922//4262 7928//4262 7934//4262 7915//4262
f 7898//4263 7910//4263 7933//4263 7927//4263
f 7910//4264 7903//4264 7916//4264 7933//4264
f 7891//4265 7904//4265 7909//4265 7897//4265
f 7904//4266 7891//4266 7893//4266 7908//4266
f 7908//4267 7893//4267 7894//4267 7907//4267
f 7907//4268 7894//4268 7895//4268 7906//4268
f 7906//4269 7895//4269 7896//4269 7905//4269
f 7905//4270 7896//4270 7892//4270 7903//4270
f 7891//4271 7897//4271 7899//4271 7893//4271
f 7893//4272 7899//4272 7900//4272 7894//4272
f 7894//4273 7900//4273 7901//4273 7895//4273
f 7895//4274 7901//4274 7902//4274 7896//4274
f 7896//4275 7902//4275 7898//4275 7892//4275
f 7897//4276 7909//4276 7911//4276 7899//4276
f 7899//4277 7911//4277 7912//4277 7900//4277
f 7900//4278 7912//4278 7913//4278 7901//4278
f 7901//4279 7913//4279 7914//4279 7902//4279
f 7902//4280 7914//4280 7910//4280 7898//4280
f 7909//4281 7904//4281 7908//4281 7911//4281
f 7911//4282 7908//4282 7907//4282 7912//4282
f 7912//4283 7907//4283 7906//4283 7913//4283
f 7913//4284 7906//4284 7905//4284 7914//4284
f 7914//4285 7905//4285 7903//4285 7910//4285
f 7916//4286 7921//4286 7923//4286 7920//4286
f 7920//4287 7923//4287 7924//4287 7919//4287
f 7919//4288 7924//4288 7925//4288 7918//4288
f 7918//4289 7925//4289 7926//4289 7917//4289
f 7917//4290 7926//4290 7922//4290 7915//4290
f 7921//4291 7927//4291 7929//4291 7923//4291
f 7923//4292 7929//4292 7930//4292 7924//4292
f 7924//4293 7930//4293 7931//4293 7925//4293
f 7925//4294 7931//4294 7932//4294 7926//4294
f 7926//4295 7932//4295 7928//4295 7922//4295
f 7927//4296 7933//4296 7935//4296 7929//4296
f 7929//4297 7935//4297 7936//4297 7930//4297
f 7930//4298 7936//4298 7937//4298 7931//4298
f 7931//4299 7937//4299 7938//4299 7932//4299
f 7932//4300 7938//4300 7934//4300 7928//4300
f 7933//4301 7916//4301 7920//4301 7935//4301
f 7935//4302 7920//4302 7919//4302 7936//4302
f 7936//4303 7919//4303 7918//4303 7937//4303
f 7937//4304 7918//4304 7917//4304 7938//4304
f 7938//4305 7917//4305 7915//4305 7934//4305
f 7903//4306 7892//4306 7921//4306 7916//4306
o Plane.003
v -1.579726 0.297077 1.036343
v -1.605546 0.322897 1.062163
v -1.587705 0.298341 1.044322
v -1.594903 0.302009 1.051520
v -1.600615 0.307721 1.057232
v -1.604282 0.314918 1.060899
v -0.960802 0.297077 1.036343
v -0.934982 0.322897 1.062163
v -0.952823 0.298341 1.044322
v -0.945625 0.302009 1.051520
v -0.939913 0.307721 1.057232
v -0.936246 0.314918 1.060899
v -1.605546 0.322897 0.391599
v -1.579726 0.297077 0.417419
v -1.604282 0.314918 0.392863
v -1.600615 0.307721 0.396530
v -1.594903 0.302009 0.402242
v -1.587705 0.298341 0.409440
v -0.960802 0.297077 0.417419
v -0.934982 0.322897 0.391599
v -0.952823 0.298341 0.409440
v -0.945625 0.302009 0.402242
v -0.939913 0.307721 0.396530
v -0.936246 0.314918 0.392863
v -1.579726 0.366331 0.417419
v -1.605546 0.340511 0.391599
v -1.587705 0.365067 0.409440
v -1.594903 0.361400 0.402242
v -1.600615 0.355688 0.396530
v -1.604282 0.348490 0.392863
v -1.605546 0.340511 1.062163
v -1.579726 0.366331 1.036343
v -1.604282 0.348490 1.060899
v -1.600615 0.355688 1.057232
v -1.594903 0.361400 1.051520
v -1.587705 0.365067 1.044322
v -0.934982 0.340511 1.062163
v -0.960802 0.366331 1.036343
v -0.936246 0.348490 1.060899
v -0.939913 0.355688 1.057232
v -0.945625 0.361400 1.051520
v -0.952823 0.365067 1.044322
v -0.934982 0.340511 0.391599
v -0.960802 0.366331 0.417419
v -0.936246 0.348490 0.392863
v -0.939913 0.355688 0.396530
v -0.945625 0.361400 0.402242
v -0.952823 0.365067 0.409440
vn 0.0000 0.0000 1.0000
vn 0.0000 1.0000 0.0000
vn 1.0000 0.0000 0.0000
vn 0.0000 0.0000 -1.0000
vn 0.0000 -1.0000 0.0000
vn -0.1564 -0.9877 0.0000
vn -0.4540 -0.8910 0.0000
vn -0.7071 -0.7071 0.0000
vn -0.8910 -0.4540 0.0000
vn -0.9877 -0.1565 0.0000
vn 0.0000 -0.9877 0.1564
vn 0.0000 -0.8910 0.4540
vn 0.0000 -0.7071 0.7071
vn 0.0000 -0.4540 0.8910
vn 0.0000 -0.1564 0.9877
vn 0.1564 -0.9877 0.0000
vn 0.4540 -0.8910 0.0000
vn 0.7071 -0.7071 0.0000
vn 0.8910 -0.4540 0.0000
vn 0.9877 -0.1564 0.0000
vn 0.0000 -0.9877 -0.1564
vn 0.0000 -0.8910 -0.4540
vn 0.0000 -0.7071 -0.7071
vn 0.0000 -0.4540 -0.8910
vn 0.0000 -0.1564 -0.9877
vn -0.9877 0.1565 0.0000
vn -0.8910 0.4540 0.0000
vn -0.7071 0.7071 0.0000
vn -0.4540 0.8910 0.0000
vn -0.1564 0.9877 0.0000
vn 0.0000 0.1564 0.9877
vn 0.0000 0.4540 0.8910
vn 0.0000 0.7071 0.7071
vn 0.0000 0.8910 0.4540
vn 0.0000 0.9877 0.1564
vn 0.9877 0.1564 0.0000
vn 0.8910 0.4540 0.0000
vn 0.7071 0.7071 0.0000
vn 0.4540 0.8910 0.0000
vn 0.1564 0.9877 0.0000
vn 0.0000 0.1564 -0.9877
vn 0.0000 0.4540 -0.8910
vn 0.0000 0.7071 -0.7071
vn 0.0000 0.8910 -0.4540
vn 0.0000 0.9877 -0.1564
vn -1.0000 0.0000 0.0000
usemtl dark_blue
s off
f 7940//4307 7946//4307 7975//4307 7969//4307
f 7970//4308 7976//4308 7982//4308 7963//4308
f 7946//4309 7958//4309 7981//4309 7975//4309
f 7958//4310 7951//4310 7964//4310 7981//4310
f 7939//4311 7952//4311 7957//4311 7945//4311
f 7952//4312 7939//4312 7941//4312 7956//4312
f 7956//4313 7941//4313 7942//4313 7955//4313
f 7955//4314 7942//4314 7943//4314 7954//4314
f 7954//4315 7943//4315 7944//4315 7953//4315
f 7953//4316 7944//4316 7940//4316 7951//4316
f 7939//4317 7945//4317 7947//4317 7941//4317
f 7941//4318 7947//4318 7948//4318 7942//4318
f 7942//4319 7948//4319 7949//4319 7943//4319
f 7943//4320 7949//4320 7950//4320 7944//4320
f 7944//4321 7950//4321 7946//4321 7940//4321
f 7945//4322 7957//4322 7959//4322 7947//4322
f 7947//4323 7959//4323 7960//4323 7948//4323
f 7948//4324 7960//4324 7961//4324 7949//4324
f 7949//4325 7961//4325 7962//4325 7950//4325
f 7950//4326 7962//4326 7958//4326 7946//4326
f 7957//4327 7952//4327 7956//4327 7959//4327
f 7959//4328 7956//4328 7955//4328 7960//4328
f 7960//4329 7955//4329 7954//4329 7961//4329
f 7961//4330 7954//4330 7953//4330 7962//4330
f 7962//4331 7953//4331 7951//4331 7958//4331
f 7964//4332 7969//4332 7971//4332 7968//4332
f 7968//4333 7971//4333 7972//4333 7967//4333
f 7967//4334 7972//4334 7973//4334 7966//4334
f 7966//4335 7973//4335 7974//4335 7965//4335
f 7965//4336 7974//4336 7970//4336 7963//4336
f 7969//4337 7975//4337 7977//4337 7971//4337
f 7971//4338 7977//4338 7978//4338 7972//4338
f 7972//4339 7978//4339 7979//4339 7973//4339
f 7973//4340 7979//4340 7980//4340 7974//4340
f 7974//4341 7980//4341 7976//4341 7970//4341
f 7975//4342 7981//4342 7983//4342 7977//4342
f 7977//4343 7983//4343 7984//4343 7978//4343
f 7978//4344 7984//4344 7985//4344 7979//4344
f 7979//4345 7985//4345 7986//4345 7980//4345
f 7980//4346 7986//4346 7982//4346 7976//4346
f 7981//4347 7964//4347 7968//4347 7983//4347
f 7983//4348 7968//4348 7967//4348 7984//4348
f 7984//4349 7967//4349 7966//4349 7985//4349
f 7985//4350 7966//4350 7965//4350 7986//4350
f 7986//4351 7965//4351 7963//4351 7982//4351
f 7951//4352 7940//4352 7969//4352 7964//4352
o Plane.002
v -1.509194 0.297077 0.008622
v -1.530232 0.322897 0.038466
v -1.515695 0.298341 0.017844
v -1.521560 0.302009 0.026164
v -1.526214 0.307721 0.032766
v -1.529203 0.314918 0.037005
v -0.899335 0.297077 -0.096925
v -0.869491 0.322897 -0.075886
v -0.890113 0.298341 -0.090423
v -0.881793 0.302009 -0.084559
v -0.875191 0.307721 -0.079904
v -0.870952 0.314918 -0.076916
v -1.644585 0.322897 -0.622275
v -1.614740 0.297077 -0.601237
v -1.643124 0.314918 -0.621246
v -1.638885 0.307721 -0.618258
v -1.632282 0.302009 -0.613603
v -1.623963 0.298341 -0.607738
v -1.004882 0.297077 -0.706784
v -0.983843 0.322897 -0.736628
v -0.998380 0.298341 -0.716006
v -0.992516 0.302009 -0.724326
v -0.987861 0.307721 -0.730928
v -0.984873 0.314918 -0.735167
v -1.614740 0.366331 -0.601237
v -1.644585 0.340511 -0.622275
v -1.623963 0.365067 -0.607738
v -1.632282 0.361400 -0.613603
v -1.638885 0.355688 -0.618258
v -1.643124 0.348490 -0.621246
v -1.530232 0.340511 0.038466
v -1.509194 0.366331 0.008622
v -1.529203 0.348490 0.037005
v -1.526214 0.355688 0.032766
v -1.521560 0.361400 0.026164
v -1.515695 0.365067 0.017844
v -0.869491 0.340511 -0.075886
v -0.899335 0.366331 -0.096925
v -0.870952 0.348490 -0.076916
v -0.875191 0.355688 -0.079904
v -0.881793 0.361400 -0.084559
v -0.890113 0.365067 -0.090423
v -0.983843 0.340511 -0.736628
v -1.004882 0.366331 -0.706784
v -0.984873 0.348490 -0.735167
v -0.987861 0.355688 -0.730928
v -0.992516 0.361400 -0.724326
v -0.998380 0.365067 -0.716006
vn 0.1705 0.0000 0.9854
vn 0.0000 1.0000 0.0000
vn 0.9854 0.0000 -0.1705
vn -0.1705 0.0000 -0.9854
vn 0.0000 -1.0000 -0.0000
vn -0.1541 -0.9877 0.0267
vn -0.4473 -0.8910 0.0774
vn -0.6967 -0.7071 0.1206
vn -0.8780 -0.4540 0.1519
vn -0.9732 -0.1565 0.1684
vn 0.0267 -0.9877 0.1541
vn 0.0774 -0.8910 0.4473
vn 0.1206 -0.7071 0.6967
vn 0.1519 -0.4540 0.8780
vn 0.1684 -0.1564 0.9732
vn 0.1541 -0.9877 -0.0267
vn 0.4473 -0.8910 -0.0774
vn 0.6967 -0.7071 -0.1206
vn 0.8780 -0.4540 -0.1519
vn 0.9732 -0.1564 -0.1684
vn -0.0267 -0.9877 -0.1541
vn -0.0774 -0.8910 -0.4473
vn -0.1206 -0.7071 -0.6968
vn -0.1519 -0.4540 -0.8780
vn -0.1684 -0.1564 -0.9732
vn -0.9732 0.1565 0.1684
vn -0.8780 0.4540 0.1519
vn -0.6967 0.7071 0.1206
vn -0.4473 0.8910 0.0774
vn -0.1541 0.9877 0.0267
vn 0.1684 0.1564 0.9732
vn 0.1519 0.4540 0.8780
vn 0.1206 0.7071 0.6967
vn 0.0774 0.8910 0.4473
vn 0.0267 0.9877 0.1541
vn 0.9732 0.1564 -0.1684
vn 0.8780 0.4540 -0.1519
vn 0.6967 0.7071 -0.1206
vn 0.4473 0.8910 -0.0774
vn 0.1541 0.9877 -0.0267
vn -0.1684 0.1564 -0.9732
vn -0.1519 0.4540 -0.8780
vn -0.1206 0.7071 -0.6968
vn -0.0774 0.8910 -0.4473
vn -0.0267 0.9877 -0.1541
vn -0.9854 0.0000 0.1705
usemtl dark_blue
s off
f 7988//4353 7994//4353 8023//4353 8017//4353
f 8018//4354 8024//4354 8030//4354 8011//4354
f 7994//4355 8006//4355 8029//4355 8023//4355
f 8006//4356 7999//4356 8012//4356 8029//4356
f 7987//4357 8000//4357 8005//4357 7993//4357
f 8000//4358 7987//4358 7989//4358 8004//4358
f 8004//4359 7989//4359 7990//4359 8003//4359
f 8003//4360 7990//4360 7991//4360 8002//4360
f 8002//4361 7991//4361 7992//4361 8001//4361
f 8001//4362 7992//4362 7988//4362 7999//4362
f 7987//4363 7993//4363 7995//4363 7989//4363
f 7989//4364 7995//4364 7996//4364 7990//4364
f 7990//4365 7996//4365 7997//4365 7991//4365
f 7991//4366 7997//4366 7998//4366 7992//4366
f 7992//4367 7998//4367 7994//4367 7988//4367
f 7993//4368 8005//4368 8007//4368 7995//4368
f 7995//4369 8007//4369 8008//4369 7996//4369
f 7996//4370 8008//4370 8009//4370 7997//4370
f 7997//4371 8009//4371 8010//4371 7998//4371
f 7998//4372 8010//4372 8006//4372 7994//4372
f 8005//4373 8000//4373 8004//4373 8007//4373
f 8007//4374 8004//4374 8003//4374 8008//4374
f 8008//4375 8003//4375 8002//4375 8009//4375
f 8009//4376 8002//4376 8001//4376 8010//4376
f 8010//4377 8001//4377 7999//4377 8006//4377
f 8012//4378 8017//4378 8019//4378 8016//4378
f 8016//4379 8019//4379 8020//4379 8015//4379
f 8015//4380 8020//4380 8021//4380 8014//4380
f 8014//4381 8021//4381 8022//4381 8013//4381
f 8013//4382 8022//4382 8018//4382 8011//4382
f 8017//4383 8023//4383 8025//4383 8019//4383
f 8019//4384 8025//4384 8026//4384 8020//4384
f 8020//4385 8026//4385 8027//4385 8021//4385
f 8021//4386 8027//4386 8028//4386 8022//4386
f 8022//4387 8028//4387 8024//4387 8018//4387
f 8023//4388 8029//4388 8031//4388 8025//4388
f 8025//4389 8031//4389 8032//4389 8026//4389
f 8026//4390 8032//4390 8033//4390 8027//4390
f 8027//4391 8033//4391 8034//4391 8028//4391
f 8028//4392 8034//4392 8030//4392 8024//4392
f 8029//4393 8012//4393 8016//4393 8031//4393
f 8031//4394 8016//4394 8015//4394 8032//4394
f 8032//4395 8015//4395 8014//4395 8033//4395
f 8033//4396 8014//4396 8013//4396 8034//4396
f 8034//4397 8013//4397 8011//4397 8030//4397
f 7999//4398 7988//4398 8017//4398 8012//4398
o Cube_Cube.002
v -0.647845 0.293804 -0.571533
v -0.647845 0.632929 -0.571533
v -0.647845 0.293804 -0.809133
v -0.647845 0.632929 -0.809133
v -0.410245 0.293804 -0.571533
v -0.410245 0.632929 -0.571533
v -0.410245 0.293804 -0.809133
v -0.410245 0.632929 -0.809133
v 0.399157 0.293804 -0.571533
v 0.399157 0.632929 -0.571533
v 0.399157 0.293804 -0.809133
v 0.399157 0.632929 -0.809133
v 0.636757 0.293804 -0.571533
v 0.636757 0.632929 -0.571533
v 0.636757 0.293804 -0.809133
v 0.636757 0.632929 -0.809133
v 0.399157 0.293804 1.275189
v 0.399157 0.632929 1.275189
v 0.399157 0.293804 1.037590
v 0.399157 0.632929 1.037590
v 0.636757 0.293804 1.275189
v 0.636757 0.632929 1.275189
v 0.636757 0.293804 1.037590
v 0.636757 0.632929 1.037590
v -0.647845 0.293804 1.275189
v -0.647845 0.632929 1.275189
v -0.647845 0.293804 1.037590
v -0.647845 0.632929 1.037590
v -0.410245 0.293804 1.275189
v -0.410245 0.632929 1.275189
v -0.410245 0.293804 1.037590
v -0.410245 0.632929 1.037590
vn -1.0000 0.0000 0.0000
vn 0.0000 0.0000 -1.0000
vn 1.0000 0.0000 0.0000
vn 0.0000 0.0000 1.0000
vn 0.0000 -1.0000 0.0000
vn 0.0000 1.0000 0.0000
usemtl table.001
s off
f 8035//4399 8036//4399 8038//4399 8037//4399
f 8037//4400 8038//4400 8042//4400 8041//4400
f 8041//4401 8042//4401 8040//4401 8039//4401
f 8039//4402 8040//4402 8036//4402 8035//4402
f 8037//4403 8041//4403 8039//4403 8035//4403
f 8042//4404 8038//4404 8036//4404 8040//4404
f 8043//4399 8044//4399 8046//4399 8045//4399
f 8045//4400 8046//4400 8050//4400 8049//4400
f 8049//4401 8050//4401 8048//4401 8047//4401
f 8047//4402 8048//4402 8044//4402 8043//4402
f 8045//4403 8049//4403 8047//4403 8043//4403
f 8050//4404 8046//4404 8044//4404 8048//4404
f 8051//4399 8052//4399 8054//4399 8053//4399
f 8053//4400 8054//4400 8058//4400 8057//4400
f 8057//4401 8058//4401 8056//4401 8055//4401
f 8055//4402 8056//4402 8052//4402 8051//4402
f 8053//4403 8057//4403 8055//4403 8051//4403
f 8058//4404 8054//4404 8052//4404 8056//4404
f 8059//4399 8060//4399 8062//4399 8061//4399
f 8061//4400 8062//4400 8066//4400 8065//4400
f 8065//4401 8066//4401 8064//4401 8063//4401
f 8063//4402 8064//4402 8060//4402 8059//4402
f 8061//4403 8065//4403 8063//4403 8059//4403
f 8066//4404 8062//4404 8060//4404 8064//4404
o Plane.001
v -0.810966 0.624272 1.424665
v 0.782473 0.624272 1.424665
v -0.810966 0.624272 -0.957279
v 0.782473 0.624272 -0.957279
v -0.810966 0.731162 -0.957279
v -0.810966 0.731162 1.424665
v 0.782473 0.731162 1.424665
v 0.782473 0.731162 -0.957279
vn 0.0000 -1.0000 0.0000
vn 0.0000 1.0000 0.0000
vn 0.0000 0.0000 1.0000
vn 1.0000 0.0000 0.0000
vn -1.0000 0.0000 0.0000
vn 0.0000 0.0000 -1.0000
usemtl table.001
s off
f 8067//4405 8069//4405 8070//4405 8068//4405
f 8072//4406 8073//4406 8074//4406 8071//4406
f 8067//4407 8068//4407 8073//4407 8072//4407
f 8068//4408 8070//4408 8074//4408 8073//4408
f 8069//4409 8067//4409 8072//4409 8071//4409
f 8070//4410 8069//4410 8071//4410 8074//4410
o Plane
v -2.995582 0.000000 2.995582
v 2.995582 0.000000 2.995499
v -2.995582 0.000000 -3.911819
v 2.995582 0.000000 -3.911819
v -2.995582 0.294672 2.995582
v 2.995582 0.294672 2.995499
v -2.995582 0.294672 -3.911819
v 2.995582 0.294672 -3.911819
v -2.995582 0.000000 -2.849571
v 2.995582 0.000000 -3.765808
v -2.995582 0.294672 -3.680180
v 2.995582 0.294672 -3.765808
v 2.784721 0.000000 2.995582
v 2.784721 0.000000 -3.911819
v 2.784721 0.294672 2.995582
v 2.784721 0.294672 -3.911819
v 2.784721 0.000000 -2.849571
v 2.784721 4.008886 2.995582
v 2.995582 4.008886 2.995499
v 2.995582 4.008886 -3.765808
v 2.995582 4.008886 -3.911819
v 2.784721 4.008886 -3.911819
v -2.995582 4.008886 -3.911819
v -2.995582 4.008886 -3.680180
v 2.784721 4.008886 -3.680180
vn 0.0000 -1.0000 0.0000
vn 1.0000 0.0000 0.0000
vn -1.0000 0.0000 0.0000
vn 0.0000 0.0000 -1.0000
vn 0.0004 0.0000 1.0000
vn 0.0000 0.0000 1.0000
vn 0.0000 1.0000 0.0000
usemtl wall
s off
f 8091//4411 8088//4411 8078//4411 8084//4411
f 8084//4412 8078//4412 8082//4412 8086//4412
f 8083//4413 8075//4413 8079//4413 8085//4413
f 8088//4414 8077//4414 8081//4414 8090//4414
f 8087//4415 8076//4415 8080//4415 8089//4415
f 8077//4413 8083//4413 8085//4413 8081//4413
f 8076//4412 8084//4412 8086//4412 8080//4412
f 8080//4412 8086//4412 8094//4412 8093//4412
f 8087//4411 8091//4411 8084//4411 8076//4411
f 8075//4411 8083//4411 8091//4411 8087//4411
f 8075//4416 8087//4416 8089//4416 8079//4416
f 8078//4414 8088//4414 8090//4414 8082//4414
f 8086//4412 8082//4412 8095//4412 8094//4412
f 8083//4411 8077//4411 8088//4411 8091//4411
f 8099//4417 8094//4417 8095//4417 8096//4417
f 8092//4417 8093//4417 8094//4417 8099//4417
f 8098//4417 8099//4417 8096//4417 8097//4417
f 8090//4414 8081//4414 8097//4414 8096//4414
f 8089//4415 8080//4415 8093//4415 8092//4415
f 8081//4413 8085//4413 8098//4413 8097//4413
f 8082//4414 8090//4414 8096//4414 8095//4414
